FHIR IG Publisher Version 2.2.10 (Git# 37a39a2cca2d). Built 2026-06-25T21:40:25.53Z (7 days old)
Detected Java version: 25.0.3 from /opt/java/openjdk on amd64 (64bit). 3998MB available
dir = /__w/implementation-guide/implementation-guide, path = /opt/java/openjdk/bin:/usr/local/sbin:/usr/local/bin:/usr/sbin:/usr/bin:/sbin:/bin
Parameters: -go-publish -source ig/ -web web/ -registry registry/fhir-ig-list.json -history history/ -templates web/templates
---------------
Publication Run: publish ig/ to web/
Publication URL of 'https://kip.rkkp.dk/fhir' is not consistent with the required base URL of 'https://kip.sundk.dk'
Relative directory for IG is '/fhir'
===== Web Publication Run Details ===============================
 Source IG: dk.kip.rkkp.fhir.ig.core#2.23.2 : https://kip.rkkp.dk/fhir (R4) from ig/
All checks passed. Do the publication build from /__w/implementation-guide/implementation-guide/ig and publish to /tmp/web-root/run-20260703/fhir
Prepare Build space in /tmp/ig-builds/dk.kip.rkkp.fhir.ig.core#2.23.2
Build IG at /__w/implementation-guide/implementation-guide/ig: final copy suitable for publication (in /tmp/ig-builds/dk.kip.rkkp.fhir.ig.core#2.23.2)
FHIR IG Publisher Version 2.2.10 (Git# 37a39a2cca2d). Built 2026-06-25T21:40:25.53Z (7 days old)    
Detected Java version: 25.0.3 from /opt/java/openjdk on Linux/amd64 (64bit). 3998MB available       
dir = /__w/implementation-guide/implementation-guide, path = /opt/java/openjdk/bin:/usr/local/sbin:/usr/local/bin:/usr/sbin:/usr/bin:/sbin:/bin
Parameters: -publish https://kip.rkkp.dk/fhir/2.23.2 -no-exit -ig /tmp/ig-builds/dk.kip.rkkp.fhir.ig.core#2.23.2 -resetTx
Character encoding = UTF-8 / UTF-8                                                                  
Start Clock @ Friday, July 3, 2026, 9:28:03 AM Coordinated Universal Time (2026-07-03T09:28:03Z)    
                                                                                                    
Build FHIR IG from /tmp/ig-builds/dk.kip.rkkp.fhir.ig.core#2.23.2                                    (00:00.016 / 00:00.017, 117Mb)
Build Formal Publication package, intended for https://kip.rkkp.dk/fhir/2.23.2                       (00:00.002 / 00:00.019, 117Mb)
API keys loaded from /root/.fhir/fhir-settings.json                                                  (00:00.000 / 00:00.019, 117Mb)
Package Cache: /root/.fhir/packages                                                                  (00:00.002 / 00:00.022, 117Mb)
Run Sushi on /tmp/ig-builds/dk.kip.rkkp.fhir.ig.core#2.23.2                                          (00:00.002 / 00:00.025, 117Mb)
Sushi: info  Running SUSHI v3.20.0 (implements FHIR Shorthand specification v3.0.0)                  (00:00.439 / 00:00.464, 120Mb)
Sushi: info  Arguments:                                                                              (00:00.000 / 00:00.465, 120Mb)
Sushi: info    --require-latest                                                                      (00:00.000 / 00:00.466, 120Mb)
Sushi: info    --out /tmp/ig-builds/dk.kip.rkkp.fhir.ig.core#2.23.2                                  (00:00.000 / 00:00.467, 120Mb)
Sushi: info    /tmp/ig-builds/dk.kip.rkkp.fhir.ig.core#2.23.2                                        (00:00.000 / 00:00.468, 120Mb)
Sushi: info  Using configuration file: /tmp/ig-builds/dk.kip.rkkp.fhir.ig.core#2.23.2/sushi-config.yaml (00:00.355 / 00:00.824, 120Mb)
Sushi: info  Importing FSH text...                                                                   (00:00.090 / 00:00.914, 120Mb)
Sushi: info  Preprocessed 1022 documents with 11 aliases.                                            (00:01.583 / 00:02.498, 120Mb)
Sushi: info  Imported 1004 definitions and 17 instances.                                             (00:00.191 / 00:02.689, 120Mb)
Sushi: info  Loaded virtual package sushi-r5forR4#1.0.0 with 7 resources                             (00:00.253 / 00:02.942, 120Mb)
Sushi: info  Resolved hl7.fhir.uv.tools.r4#latest to concrete version 1.1.2                          (00:00.684 / 00:03.627, 120Mb)
Sushi: info  Loaded hl7.fhir.uv.tools.r4#1.1.2 with 119 resources                                    (00:00.048 / 00:03.675, 120Mb)
Sushi: info  Resolved hl7.terminology.r4#latest to concrete version 7.2.0                            (00:00.175 / 00:03.850, 120Mb)
Sushi: info  Loaded hl7.terminology.r4#7.2.0 with 4165 resources                                     (00:00.982 / 00:04.833, 120Mb)
Sushi: info  Loaded hl7.fhir.dk.core#2.0.0 with 36 resources                                         (00:00.009 / 00:04.843, 120Mb)
Sushi: info  Loaded hl7.fhir.r4.core#4.0.1 with 4581 resources                                       (00:00.931 / 00:05.774, 120Mb)
Sushi: info  Resolved hl7.fhir.uv.extensions.r4#latest to concrete version 5.3.0                     (00:00.182 / 00:05.957, 120Mb)
Sushi: info  Loaded hl7.fhir.uv.extensions.r4#5.3.0 with 885 resources                               (00:00.209 / 00:06.166, 120Mb)
Sushi: info  Loaded virtual package sushi-local#LOCAL with 0 resources                               (00:00.009 / 00:06.175, 120Mb)
Sushi: info  Converting FSH to FHIR resources...                                                     (00:00.016 / 00:06.191, 120Mb)
Sushi: info  Converted 12 FHIR StructureDefinitions.                                                 (00:00.521 / 00:06.713, 120Mb)
Sushi: info  Converted 266 FHIR CodeSystems.                                                         (00:21.474 / 00:28.188, 120Mb)
Sushi: info  Converted 726 FHIR ValueSets.                                                           (00:16.356 / 00:44.545, 120Mb)
Sushi: info  Converted 17 FHIR instances.                                                            (00:00.298 / 00:44.843, 120Mb)
Sushi: info  Exporting FHIR resources as JSON...                                                     (00:00.001 / 00:44.844, 120Mb)
Sushi: info  Exported 1021 FHIR resources as JSON.                                                   (00:00.130 / 00:44.975, 120Mb)
Sushi: info  Assembling Implementation Guide sources...                                              (00:00.015 / 00:44.990, 120Mb)
Sushi: info  Generated ImplementationGuide-dk.kip.rkkp.fhir.ig.core.json                             (00:00.029 / 00:45.019, 120Mb)
Sushi: info  Assembled Implementation Guide sources; ready for IG Publisher.                         (00:00.001 / 00:45.020, 120Mb)
Sushi: info  The _build script hosted at https://github.com/HL7/ig-publisher-scripts is useful for downloading and running the IG Publisher. (00:00.001 / 00:45.022, 120Mb)
Sushi: ========================= SUSHI RESULTS ===========================                           (00:00.001 / 00:45.023, 120Mb)
Sushi: |  -------------------------------------------------------------  |                           (00:00.001 / 00:45.025, 120Mb)
Sushi: | |    Profiles   |  Extensions  |   Logicals   |   Resources   | |                           (00:00.001 / 00:45.026, 120Mb)
Sushi: | |-------------------------------------------------------------| |                           (00:00.001 / 00:45.027, 120Mb)
Sushi: | |       0       |      12      |      0       |       0       | |                           (00:00.001 / 00:45.028, 120Mb)
Sushi: |  -------------------------------------------------------------  |                           (00:00.000 / 00:45.029, 120Mb)
Sushi: |  -------------------------------------------------------------  |                           (00:00.001 / 00:45.030, 120Mb)
Sushi: | |      ValueSets     |    CodeSystems    |     Instances      | |                           (00:00.001 / 00:45.031, 120Mb)
Sushi: | |-------------------------------------------------------------| |                           (00:00.001 / 00:45.033, 120Mb)
Sushi: | |        726         |        266        |         17         | |                           (00:00.001 / 00:45.034, 120Mb)
Sushi: |  -------------------------------------------------------------  |                           (00:00.001 / 00:45.035, 120Mb)
Sushi: |                                                                 |                           (00:00.001 / 00:45.036, 120Mb)
Sushi: ===================================================================                           (00:00.000 / 00:45.037, 120Mb)
Sushi: | You are dolphinitely doing great!      0 Errors      0 Warnings |                           (00:00.000 / 00:45.038, 120Mb)
Sushi: ===================================================================                           (00:00.001 / 00:45.039, 120Mb)
Root directory: /tmp/ig-builds/dk.kip.rkkp.fhir.ig.core#2.23.2                                       (00:00.025 / 00:45.064, 120Mb)
Unable to load IG as an r5 IG - try R4 (property code is a class com.google.gson.JsonPrimitive looking for an object) (00:00.432 / 00:45.497, 63Mb)
Load Template from fhir.base.template#current                                                        (00:00.521 / 00:46.018, 37Mb)
[33mThis content depends on fhir.base.template which is no longer considered secure to use
[0;39m[33mSee Security notification at https://www.fhir.org/guides/security-notices/2026-03-npm-dependencies.html
[0;39mScanning directory: /tmp/ig-builds/dk.kip.rkkp.fhir.ig.core#2.23.2/template
======================================================================
Terminology Cache is at /tmp/ig-builds/dk.kip.rkkp.fhir.ig.core#2.23.2/input-cache/txcache. Clearing now (00:05.683 / 00:51.701, 193Mb)
Core Package hl7.fhir.r4.core#4.0.1                                                                  (00:00.001 / 00:51.703, 193Mb)
Running Terminology Log: /tmp/ohfu-fhir-ig-15392321929827970.html
Connect to Terminology Server at http://tx.fhir.org                                                  (00:03.901 / 00:55.604, 443Mb)
Unable to start a terminology cache on https://tx.fhir.org/r4 via $cache-control (Error from https://tx.fhir.org/r4: Error: $cache-control requires a 'mode' of 'start' or 'end' (got 'START_CACHE')); caching disabled for this server (00:01.404 / 00:57.008, 483Mb)
[39mLoad Package hl7.fhir.pubpack#0.2.5
[0;39m[39mLoad Package hl7.fhir.xver-extensions#0.1.0
[0;39m[39mLoad Package hl7.terminology.r4#7.2.0
[0;39m[39mLoad Package hl7.fhir.uv.extensions.r4#5.3.0
[0;39m[39mLoad Package hl7.terminology.r4#3.1.0
[0;39m[39mLoad Package hl7.fhir.dk.core#2.0.0
[0;39m[39mLoad Package hl7.fhir.uv.tools.r4#1.1.2
[0;39mLoad R5 Specials
Initialization complete                                                                              (00:04.956 / 01:01.965, 464Mb)
Load IG                                                                                              (00:00.001 / 01:01.966, 464Mb)
Load Content                                                                                         (00:00.004 / 01:01.971, 465Mb)
Using en-US as the default narrative language. (no language information in Implementation Guide)     (00:00.160 / 01:02.131, 504Mb)
Process Loaded Resources                                                                             (00:01.281 / 01:03.413, 612Mb)
Generating Snapshots                                                                                 (00:01.094 / 01:04.508, 650Mb)

Signing Certificate: RSA key for Subject: OU=IG Publisher, L=Ann Arbor, CN=hl7.org, O=HL7, ST=Missouri, C=us from: OU=IG Publisher, L=Ann Arbor, CN=hl7.org, O=HL7, ST=Missouri, C=us
Fetch https://kip.rkkp.dk/fhir/package-list.json for version check                                   (00:00.175 / 01:04.684, 676Mb)
Checking Language                                                                                    (00:15.257 / 01:19.942, 753Mb)
Load Dependency Info                                                                                 (00:00.016 / 01:19.958, 757Mb)
Load Info                                                                                            (00:00.004 / 01:19.963, 758Mb)
Load Paths                                                                                           (00:00.002 / 01:19.965, 759Mb)
Check R4 / R4B                                                                                       (00:00.001 / 01:19.967, 759Mb)
Assign Comparison Ids                                                                                (00:00.153 / 01:20.121, 887Mb)
Propagating status                                                                                   (00:00.001 / 01:20.122, 887Mb)
Generating Narratives                                                                                (00:00.000 / 01:20.123, 887Mb)
Validating Conformance Resources                                                                     (00:01.966 / 01:22.090, 735Mb)
Check profiles & code systems                                                                        (00:20.555 / 01:42.646, 1Gb)
Check realm rules                                                                                    (00:00.005 / 01:42.651, 1Gb)
Previous Version Comparison                                                                          (00:00.001 / 01:42.652, 1Gb)
.. loaded. Process                                                                                   (00:00.001 / 01:42.654, 1Gb)
  ...ImplementationGuide dk.kip.rkkp.fhir.ig.core                                                    (00:00.000 / 01:42.655, 1Gb)
  ...CodeSystem ACTherapyNotGiven                                                                    (00:00.000 / 01:42.655, 1Gb)
  ...CodeSystem AKBehandling                                                                         (00:00.000 / 01:42.656, 1Gb)
  ...CodeSystem ASAClassification                                                                    (00:00.000 / 01:42.657, 1Gb)
  ...CodeSystem ATC                                                                                  (00:00.000 / 01:42.658, 1Gb)
  ...CodeSystem ATCMixedCodes                                                                        (00:00.000 / 01:42.659, 1Gb)
  ...CodeSystem ActilyseNotGiven                                                                     (00:00.000 / 01:42.659, 1Gb)
  ...CodeSystem ActivityType                                                                         (00:00.000 / 01:42.660, 1Gb)
  ...CodeSystem AktuelSygdomsforlob                                                                  (00:00.001 / 01:42.661, 1Gb)
  ...CodeSystem Alchohol                                                                             (00:00.000 / 01:42.662, 1Gb)
  ...CodeSystem AlchoholDrugs                                                                        (00:00.001 / 01:42.663, 1Gb)
  ...CodeSystem AlloplastyTypes                                                                      (00:00.001 / 01:42.664, 1Gb)
  ...CodeSystem AnasthesiaService                                                                    (00:00.000 / 01:42.665, 1Gb)
  ...CodeSystem AnasthesiaTypeGen                                                                    (00:00.000 / 01:42.666, 1Gb)
  ...CodeSystem AnastomosisLeak                                                                      (00:00.000 / 01:42.667, 1Gb)
  ...CodeSystem AnastomosisLeakConsequence                                                           (00:00.000 / 01:42.667, 1Gb)
  ...CodeSystem AnastomosisLeakGrading                                                               (00:00.000 / 01:42.668, 1Gb)
  ...CodeSystem AnastomosisType                                                                      (00:00.000 / 01:42.669, 1Gb)
  ...CodeSystem AnatomicalLocations                                                                  (00:00.000 / 01:42.670, 1Gb)
  ...CodeSystem AneurysmClosure                                                                      (00:00.000 / 01:42.670, 1Gb)
  ...CodeSystem AneurysmSizeScale                                                                    (00:00.000 / 01:42.671, 1Gb)
  ...CodeSystem AnnArborStagingClassification                                                        (00:00.000 / 01:42.672, 1Gb)
  ...CodeSystem ArtrosePlacering                                                                     (00:00.000 / 01:42.673, 1Gb)
  ...CodeSystem AssessmentType                                                                       (00:00.000 / 01:42.674, 1Gb)
  ...CodeSystem AssistDevices                                                                        (00:00.000 / 01:42.675, 1Gb)
  ...CodeSystem BANFF                                                                                (00:00.000 / 01:42.675, 1Gb)
  ...CodeSystem BasicDisorder                                                                        (00:00.000 / 01:42.676, 1Gb)
  ...CodeSystem BehandlingAfbrudt                                                                    (00:00.000 / 01:42.676, 1Gb)
  ...CodeSystem BinetStagingSystem                                                                   (00:00.000 / 01:42.677, 1Gb)
  ...CodeSystem BiobankSamples                                                                       (00:00.000 / 01:42.678, 1Gb)
  ...CodeSystem Birthplace                                                                           (00:00.000 / 01:42.678, 1Gb)
  ...CodeSystem BleedingStroke                                                                       (00:00.000 / 01:42.679, 1Gb)
  ...CodeSystem BlockTypes                                                                           (00:00.000 / 01:42.680, 1Gb)
  ...CodeSystem BloodThinnersTreatment                                                               (00:00.000 / 01:42.680, 1Gb)
  ...CodeSystem BoneLossAcetabulumFemurClassification                                                (00:00.000 / 01:42.681, 1Gb)
  ...CodeSystem BulkingMaterialeDUGA                                                                 (00:00.000 / 01:42.682, 1Gb)
  ...CodeSystem CALRGeneType                                                                         (00:00.000 / 01:42.682, 1Gb)
  ...CodeSystem CalciumType                                                                          (00:00.000 / 01:42.683, 1Gb)
  ...CodeSystem CancerInvestigation                                                                  (00:00.000 / 01:42.683, 1Gb)
  ...CodeSystem CauseOfDeath                                                                         (00:00.000 / 01:42.684, 1Gb)
  ...CodeSystem CementType                                                                           (00:00.000 / 01:42.684, 1Gb)
  ...CodeSystem CentralBlock                                                                         (00:00.000 / 01:42.685, 1Gb)
  ...CodeSystem ChemotherapyRegimen                                                                  (00:00.000 / 01:42.686, 1Gb)
  ...CodeSystem ChromosomPair                                                                        (00:00.000 / 01:42.686, 1Gb)
  ...CodeSystem ClinicalProtocolCodes                                                                (00:00.000 / 01:42.687, 1Gb)
  ...CodeSystem ClinicalProtocolNotParticipated                                                      (00:00.000 / 01:42.688, 1Gb)
  ...CodeSystem CognitiveFunctionFinding                                                             (00:00.000 / 01:42.688, 1Gb)
  ...CodeSystem CognitiveTest                                                                        (00:00.000 / 01:42.689, 1Gb)
  ...CodeSystem Competence                                                                           (00:00.000 / 01:42.689, 1Gb)
  ...CodeSystem Complications                                                                        (00:00.000 / 01:42.690, 1Gb)
  ...CodeSystem ConferenceParticipants                                                               (00:00.000 / 01:42.691, 1Gb)
  ...CodeSystem ContactPatient                                                                       (00:00.000 / 01:42.691, 1Gb)
  ...CodeSystem ContactPlace                                                                         (00:00.000 / 01:42.692, 1Gb)
  ...CodeSystem ContaminationDegree                                                                  (00:00.001 / 01:42.694, 1Gb)
  ...CodeSystem CoronaryArteryGraph                                                                  (00:00.000 / 01:42.695, 1Gb)
  ...CodeSystem Cyclus                                                                               (00:00.000 / 01:42.695, 1Gb)
  ...CodeSystem CytogeneticChanges                                                                   (00:00.000 / 01:42.696, 1Gb)
  ...CodeSystem CytogeneticExamination                                                               (00:00.000 / 01:42.697, 1Gb)
  ...CodeSystem DHDeksklusionskriterie                                                               (00:00.000 / 01:42.697, 1Gb)
  ...CodeSystem DSAFindingsLocation                                                                  (00:00.000 / 01:42.698, 1Gb)
  ...CodeSystem DatabasesKIP                                                                         (00:00.000 / 01:42.698, 1Gb)
  ...CodeSystem DeathPlace                                                                           (00:00.000 / 01:42.699, 1Gb)
  ...CodeSystem DefibrilleringAnalyse                                                                (00:00.000 / 01:42.699, 1Gb)
  ...CodeSystem DetectionMethods                                                                     (00:00.000 / 01:42.700, 1Gb)
  ...CodeSystem Dialyseadgang                                                                        (00:00.000 / 01:42.701, 1Gb)
  ...CodeSystem DiseaseLocalization                                                                  (00:00.000 / 01:42.701, 1Gb)
  ...CodeSystem DiseasePhase                                                                         (00:00.000 / 01:42.702, 1Gb)
  ...CodeSystem DiseasesUnspecified                                                                  (00:00.000 / 01:42.702, 1Gb)
  ...CodeSystem Dosis                                                                                (00:00.000 / 01:42.703, 1Gb)
  ...CodeSystem EDTACodes                                                                            (00:00.000 / 01:42.703, 1Gb)
  ...CodeSystem EHSIncisionalHerniaClassification                                                    (00:00.000 / 01:42.704, 1Gb)
  ...CodeSystem EHSIncisionalHerniaClassificationType                                                (00:00.000 / 01:42.705, 1Gb)
  ...CodeSystem EORTCQLQC1514                                                                        (00:00.000 / 01:42.705, 1Gb)
  ...CodeSystem EORTCQLQC1517                                                                        (00:00.000 / 01:42.706, 1Gb)
  ...CodeSystem EconomicSupport                                                                      (00:00.000 / 01:42.706, 1Gb)
  ...CodeSystem EdemaStroke                                                                          (00:00.000 / 01:42.707, 1Gb)
  ...CodeSystem EducationType                                                                        (00:00.000 / 01:42.707, 1Gb)
  ...CodeSystem EndoscopicAppearance                                                                 (00:00.000 / 01:42.708, 1Gb)
  ...CodeSystem EsophagealLokalization                                                               (00:00.000 / 01:42.708, 1Gb)
  ...CodeSystem FISHVariables                                                                        (00:00.000 / 01:42.709, 1Gb)
  ...CodeSystem Faggruppe                                                                            (00:00.000 / 01:42.710, 1Gb)
  ...CodeSystem FisherGradingScale                                                                   (00:00.000 / 01:42.710, 1Gb)
  ...CodeSystem FixationCruciateLigaments                                                            (00:00.000 / 01:42.711, 1Gb)
  ...CodeSystem FollowUp                                                                             (00:00.000 / 01:42.711, 1Gb)
  ...CodeSystem Frekvens                                                                             (00:00.000 / 01:42.712, 1Gb)
  ...CodeSystem FunctionGroupAlloplasty                                                              (00:00.000 / 01:42.712, 1Gb)
  ...CodeSystem FunctionTest                                                                         (00:00.000 / 01:42.713, 1Gb)
  ...CodeSystem FunctionalScoreTypes                                                                 (00:00.000 / 01:42.714, 1Gb)
  ...CodeSystem GenericValues                                                                        (00:00.000 / 01:42.714, 1Gb)
  ...CodeSystem GenoplivStoppet                                                                      (00:00.000 / 01:42.715, 1Gb)
  ...CodeSystem Genoplivning                                                                         (00:00.000 / 01:42.715, 1Gb)
  ...CodeSystem GraftCruciateLigaments                                                               (00:00.000 / 01:42.716, 1Gb)
  ...CodeSystem GynUndersoegDUGA                                                                     (00:00.000 / 01:42.716, 1Gb)
  ...CodeSystem HaandProblemer                                                                       (00:00.000 / 01:42.717, 1Gb)
  ...CodeSystem HaemoglobinTransf4                                                                   (00:00.000 / 01:42.717, 1Gb)
  ...CodeSystem HaendelseIndtraeffer                                                                 (00:00.000 / 01:42.718, 1Gb)
  ...CodeSystem HarrisHipScoreDistanceWalked                                                         (00:00.000 / 01:42.718, 1Gb)
  ...CodeSystem HarrisHipScoreLimp                                                                   (00:00.000 / 01:42.719, 1Gb)
  ...CodeSystem HarrisHipScorePain                                                                   (00:00.000 / 01:42.720, 1Gb)
  ...CodeSystem HarrisHipScorePublicTransportation                                                   (00:00.000 / 01:42.720, 1Gb)
  ...CodeSystem HarrisHipScoreShoesSocks                                                             (00:00.000 / 01:42.721, 1Gb)
  ...CodeSystem HarrisHipScoreSitting                                                                (00:00.000 / 01:42.721, 1Gb)
  ...CodeSystem HarrisHipScoreStairs                                                                 (00:00.000 / 01:42.722, 1Gb)
  ...CodeSystem HarrisHipScoreSupport                                                                (00:00.000 / 01:42.722, 1Gb)
  ...CodeSystem HeartRhythm                                                                          (00:00.000 / 01:42.723, 1Gb)
  ...CodeSystem HerniaSize                                                                           (00:00.000 / 01:42.723, 1Gb)
  ...CodeSystem HipJointArthroplastyComponent                                                        (00:00.000 / 01:42.724, 1Gb)
  ...CodeSystem HjerterytmeAnalyse                                                                   (00:00.000 / 01:42.724, 1Gb)
  ...CodeSystem HjertestopAarsag                                                                     (00:00.000 / 01:42.725, 1Gb)
  ...CodeSystem HousingType                                                                          (00:00.000 / 01:42.725, 1Gb)
  ...CodeSystem HuntHessClassification                                                               (00:00.000 / 01:42.726, 1Gb)
  ...CodeSystem ICHAction                                                                            (00:00.000 / 01:42.726, 1Gb)
  ...CodeSystem ICRSGradingSystem                                                                    (00:00.000 / 01:42.727, 1Gb)
  ...CodeSystem IPSSRCytogeneticCategory                                                             (00:00.000 / 01:42.728, 1Gb)
  ...CodeSystem IkkeBesvaret                                                                         (00:00.000 / 01:42.728, 1Gb)
  ...CodeSystem ImplantComponents                                                                    (00:00.000 / 01:42.729, 1Gb)
  ...CodeSystem ImplantattypeDUGA                                                                    (00:00.000 / 01:42.729, 1Gb)
  ...CodeSystem IncisionChoice                                                                       (00:00.000 / 01:42.730, 1Gb)
  ...CodeSystem Intervals                                                                            (00:00.000 / 01:42.730, 1Gb)
  ...CodeSystem IntervalsExact                                                                       (00:00.000 / 01:42.731, 1Gb)
  ...CodeSystem Interventionsforloeb                                                                 (00:00.000 / 01:42.732, 1Gb)
  ...CodeSystem Interventionsgruppe                                                                  (00:00.000 / 01:42.732, 1Gb)
  ...CodeSystem Intubation                                                                           (00:00.000 / 01:42.733, 1Gb)
  ...CodeSystem IntubationRelaks                                                                     (00:00.000 / 01:42.734, 1Gb)
  ...CodeSystem KellgrenLawrenceKlassifikation                                                       (00:00.000 / 01:42.734, 1Gb)
  ...CodeSystem KliniskeSymptomerDCCG                                                                (00:00.000 / 01:42.735, 1Gb)
  ...CodeSystem KneeJointArthroplastyComponent                                                       (00:00.000 / 01:42.736, 1Gb)
  ...CodeSystem KneeLoosenessGrading                                                                 (00:00.000 / 01:42.737, 1Gb)
  ...CodeSystem KomponentLiner                                                                       (00:00.000 / 01:42.737, 1Gb)
  ...CodeSystem KorsbaandEjBevaret                                                                   (00:00.000 / 01:42.738, 1Gb)
  ...CodeSystem LaryngoskopiDegree                                                                   (00:00.000 / 01:42.739, 1Gb)
  ...CodeSystem LesionType                                                                           (00:00.000 / 01:42.739, 1Gb)
  ...CodeSystem LifeStatus                                                                           (00:00.000 / 01:42.740, 1Gb)
  ...CodeSystem MComponentType                                                                       (00:00.000 / 01:42.740, 1Gb)
  ...CodeSystem MDTNotFollowed                                                                       (00:00.000 / 01:42.741, 1Gb)
  ...CodeSystem MTICIClassification                                                                  (00:00.000 / 01:42.742, 1Gb)
  ...CodeSystem MaaleEnheder                                                                         (00:00.000 / 01:42.743, 1Gb)
  ...CodeSystem Maengde                                                                              (00:00.000 / 01:42.743, 1Gb)
  ...CodeSystem MaritalStatus                                                                        (00:00.000 / 01:42.744, 1Gb)
  ...CodeSystem MeasurementDevices                                                                   (00:00.000 / 01:42.745, 1Gb)
  ...CodeSystem MedicalFixationClosing                                                               (00:00.000 / 01:42.745, 1Gb)
  ...CodeSystem MedicalScanningTypes                                                                 (00:00.000 / 01:42.746, 1Gb)
  ...CodeSystem MedicalTreatmentAdministrationType                                                   (00:00.000 / 01:42.747, 1Gb)
  ...CodeSystem MedicalTreatmentDuration                                                             (00:00.000 / 01:42.747, 1Gb)
  ...CodeSystem MedicalTreatmentStartOf                                                              (00:00.000 / 01:42.748, 1Gb)
  ...CodeSystem MedicationName                                                                       (00:00.000 / 01:42.749, 1Gb)
  ...CodeSystem MedicinDANARREST                                                                     (00:00.000 / 01:42.749, 1Gb)
  ...CodeSystem Medicine                                                                             (00:00.000 / 01:42.750, 1Gb)
  ...CodeSystem MentalDeclaration                                                                    (00:00.000 / 01:42.751, 1Gb)
  ...CodeSystem MeshPlacement                                                                        (00:00.000 / 01:42.751, 1Gb)
  ...CodeSystem MeshTechnique                                                                        (00:00.000 / 01:42.752, 1Gb)
  ...CodeSystem MeshType                                                                             (00:00.000 / 01:42.752, 1Gb)
  ...CodeSystem MolecularRemission                                                                   (00:00.000 / 01:42.753, 1Gb)
  ...CodeSystem MorsDiagnosegrupper                                                                  (00:00.000 / 01:42.753, 1Gb)
  ...CodeSystem MorsDiagnosekoder                                                                    (00:00.000 / 01:42.754, 1Gb)
  ...CodeSystem MuligVanskeligUmulig                                                                 (00:00.000 / 01:42.754, 1Gb)
  ...CodeSystem NIHSS10Dysarthria                                                                    (00:00.000 / 01:42.755, 1Gb)
  ...CodeSystem NIHSS11ExtinctionInattention                                                         (00:00.000 / 01:42.756, 1Gb)
  ...CodeSystem NIHSS1aLOC                                                                           (00:00.000 / 01:42.756, 1Gb)
  ...CodeSystem NIHSS1bLOC                                                                           (00:00.000 / 01:42.757, 1Gb)
  ...CodeSystem NIHSS1cLOC                                                                           (00:00.000 / 01:42.757, 1Gb)
  ...CodeSystem NIHSS2Gaze                                                                           (00:00.000 / 01:42.758, 1Gb)
  ...CodeSystem NIHSS3Visual                                                                         (00:00.000 / 01:42.758, 1Gb)
  ...CodeSystem NIHSS4FacialPalsy                                                                    (00:00.000 / 01:42.759, 1Gb)
  ...CodeSystem NIHSS5MotorArm                                                                       (00:00.000 / 01:42.759, 1Gb)
  ...CodeSystem NIHSS6MotorLeg                                                                       (00:00.000 / 01:42.760, 1Gb)
  ...CodeSystem NIHSS7LimbAtaxia                                                                     (00:00.000 / 01:42.761, 1Gb)
  ...CodeSystem NIHSS8Sensory                                                                        (00:00.000 / 01:42.761, 1Gb)
  ...CodeSystem NIHSS9Language                                                                       (00:00.000 / 01:42.762, 1Gb)
  ...CodeSystem NYHA                                                                                 (00:00.000 / 01:42.762, 1Gb)
  ...CodeSystem Observationssted                                                                     (00:00.000 / 01:42.763, 1Gb)
  ...CodeSystem OncologyTreatmentCurative                                                            (00:00.000 / 01:42.763, 1Gb)
  ...CodeSystem Onkologibehandling                                                                   (00:00.000 / 01:42.764, 1Gb)
  ...CodeSystem OperatingRoom                                                                        (00:00.000 / 01:42.765, 1Gb)
  ...CodeSystem OperationCanal                                                                       (00:00.000 / 01:42.765, 1Gb)
  ...CodeSystem OperationType                                                                        (00:00.000 / 01:42.766, 1Gb)
  ...CodeSystem Operationserfaring                                                                   (00:00.000 / 01:42.767, 1Gb)
  ...CodeSystem PRDcodes                                                                             (00:00.000 / 01:42.767, 1Gb)
  ...CodeSystem PTNMType                                                                             (00:00.000 / 01:42.768, 1Gb)
  ...CodeSystem Paragraph                                                                            (00:00.000 / 01:42.768, 1Gb)
  ...CodeSystem PatobankSNOMED                                                                       (00:00.000 / 01:42.769, 1Gb)
  ...CodeSystem PerformanceStatusScore                                                               (00:00.000 / 01:42.770, 1Gb)
  ...CodeSystem Periods                                                                              (00:00.000 / 01:42.770, 1Gb)
  ...CodeSystem PersonFamilyRelation                                                                 (00:00.000 / 01:42.771, 1Gb)
  ...CodeSystem PivotShiftGrading                                                                    (00:00.000 / 01:42.772, 1Gb)
  ...CodeSystem PreoperativTemplating                                                                (00:00.000 / 01:42.772, 1Gb)
  ...CodeSystem Priority                                                                             (00:00.000 / 01:42.773, 1Gb)
  ...CodeSystem ProcedureDuration                                                                    (00:00.000 / 01:42.773, 1Gb)
  ...CodeSystem ProcedureNotCompleted                                                                (00:00.000 / 01:42.774, 1Gb)
  ...CodeSystem ProcedureReasons                                                                     (00:00.000 / 01:42.775, 1Gb)
  ...CodeSystem ProcedureType                                                                        (00:00.000 / 01:42.775, 1Gb)
  ...CodeSystem ProcedureUrogyn                                                                      (00:00.000 / 01:42.776, 1Gb)
  ...CodeSystem Profylaksebehandling                                                                 (00:00.000 / 01:42.776, 1Gb)
  ...CodeSystem Prosthesis                                                                           (00:00.000 / 01:42.777, 1Gb)
  ...CodeSystem PupilCondition                                                                       (00:00.000 / 01:42.778, 1Gb)
  ...CodeSystem RadiationTherapyTarget                                                               (00:00.000 / 01:42.778, 1Gb)
  ...CodeSystem RadiationTherapyType                                                                 (00:00.000 / 01:42.779, 1Gb)
  ...CodeSystem RadiologicalBoneChanges                                                              (00:00.000 / 01:42.779, 1Gb)
  ...CodeSystem RaymondRoyClassification                                                             (00:00.000 / 01:42.780, 1Gb)
  ...CodeSystem ReferredForTraining                                                                  (00:00.000 / 01:42.781, 1Gb)
  ...CodeSystem ReferredFrom                                                                         (00:00.000 / 01:42.781, 1Gb)
  ...CodeSystem Regioner                                                                             (00:00.000 / 01:42.782, 1Gb)
  ...CodeSystem Registry                                                                             (00:00.000 / 01:42.782, 1Gb)
  ...CodeSystem ReoperationCause                                                                     (00:00.000 / 01:42.783, 1Gb)
  ...CodeSystem ResectionCompletion                                                                  (00:00.000 / 01:42.784, 1Gb)
  ...CodeSystem ResectionType                                                                        (00:00.000 / 01:42.784, 1Gb)
  ...CodeSystem ResidualTumorClassification                                                          (00:00.000 / 01:42.785, 1Gb)
  ...CodeSystem ResidualTumorGrading                                                                 (00:00.000 / 01:42.786, 1Gb)
  ...CodeSystem Respiration                                                                          (00:00.000 / 01:42.786, 1Gb)
  ...CodeSystem ResultTest                                                                           (00:00.000 / 01:42.787, 1Gb)
  ...CodeSystem RevisionCause                                                                        (00:00.000 / 01:42.788, 1Gb)
  ...CodeSystem RevisionIndication                                                                   (00:00.000 / 01:42.789, 1Gb)
  ...CodeSystem RevisionType                                                                         (00:00.000 / 01:42.789, 1Gb)
  ...CodeSystem RiskAssessment                                                                       (00:00.000 / 01:42.790, 1Gb)
  ...CodeSystem RiskFactors                                                                          (00:00.000 / 01:42.791, 1Gb)
  ...CodeSystem RobotAssistDKR                                                                       (00:00.000 / 01:42.791, 1Gb)
  ...CodeSystem Rytme1Obs                                                                            (00:00.000 / 01:42.792, 1Gb)
  ...CodeSystem SKS                                                                                  (00:00.000 / 01:42.792, 1Gb)
  ...CodeSystem SKSCodeCollection                                                                    (00:00.000 / 01:42.793, 1Gb)
  ...CodeSystem SNOMEDCT                                                                             (00:00.000 / 01:42.793, 1Gb)
  ...CodeSystem SOR                                                                                  (00:00.000 / 01:42.794, 1Gb)
  ...CodeSystem SSSArmLift                                                                           (00:00.000 / 01:42.795, 1Gb)
  ...CodeSystem SSSConsciousness                                                                     (00:00.000 / 01:42.795, 1Gb)
  ...CodeSystem SSSEyeMotorSkills                                                                    (00:00.000 / 01:42.796, 1Gb)
  ...CodeSystem SSSFacialParesis                                                                     (00:00.000 / 01:42.796, 1Gb)
  ...CodeSystem SSSHandshake                                                                         (00:00.000 / 01:42.797, 1Gb)
  ...CodeSystem SSSLegLift                                                                           (00:00.000 / 01:42.797, 1Gb)
  ...CodeSystem SSSOrientation                                                                       (00:00.000 / 01:42.798, 1Gb)
  ...CodeSystem SSSSpeech                                                                            (00:00.000 / 01:42.798, 1Gb)
  ...CodeSystem SSSWalk                                                                              (00:00.000 / 01:42.799, 1Gb)
  ...CodeSystem ScoreCentralBlock                                                                    (00:00.000 / 01:42.800, 1Gb)
  ...CodeSystem SizesGeneral                                                                         (00:00.000 / 01:42.800, 1Gb)
  ...CodeSystem SlyngeDUGA                                                                           (00:00.000 / 01:42.801, 1Gb)
  ...CodeSystem SmerteKvalme                                                                         (00:00.000 / 01:42.801, 1Gb)
  ...CodeSystem Smoking                                                                              (00:00.000 / 01:42.802, 1Gb)
  ...CodeSystem StemCellType                                                                         (00:00.000 / 01:42.803, 1Gb)
  ...CodeSystem StopTeam                                                                             (00:00.000 / 01:42.803, 1Gb)
  ...CodeSystem StraalebehandlingTA                                                                  (00:00.000 / 01:42.804, 1Gb)
  ...CodeSystem SurgicalAttire                                                                       (00:00.000 / 01:42.804, 1Gb)
  ...CodeSystem Sygdomsomraader                                                                      (00:00.000 / 01:42.805, 1Gb)
  ...CodeSystem Symptoms                                                                             (00:00.000 / 01:42.806, 1Gb)
  ...CodeSystem SystemiskPraeparat                                                                   (00:00.000 / 01:42.806, 1Gb)
  ...CodeSystem TilsynAfdeling                                                                       (00:00.000 / 01:42.807, 1Gb)
  ...CodeSystem TreatmentCause                                                                       (00:00.000 / 01:42.808, 1Gb)
  ...CodeSystem TreatmentIndication                                                                  (00:00.000 / 01:42.808, 1Gb)
  ...CodeSystem TreatmentInitiatives                                                                 (00:00.000 / 01:42.809, 1Gb)
  ...CodeSystem TreatmentIntention                                                                   (00:00.000 / 01:42.810, 1Gb)
  ...CodeSystem TreatmentLesion                                                                      (00:00.000 / 01:42.810, 1Gb)
  ...CodeSystem TreatmentMethodMRD                                                                   (00:00.000 / 01:42.811, 1Gb)
  ...CodeSystem TreatmentNotGiven                                                                    (00:00.000 / 01:42.812, 1Gb)
  ...CodeSystem TreatmentPsychopharmacological                                                       (00:00.000 / 01:42.812, 1Gb)
  ...CodeSystem TreatmentRegimen                                                                     (00:00.000 / 01:42.813, 1Gb)
  ...CodeSystem TreatmentResponseEvaluation                                                          (00:00.000 / 01:42.813, 1Gb)
  ...CodeSystem TreatmentSchedule                                                                    (00:00.000 / 01:42.814, 1Gb)
  ...CodeSystem TreatmentSufficient                                                                  (00:00.000 / 01:42.814, 1Gb)
  ...CodeSystem TreatmentType                                                                        (00:00.000 / 01:42.815, 1Gb)
  ...CodeSystem TreatmentUnspecified                                                                 (00:00.000 / 01:42.815, 1Gb)
  ...CodeSystem TrombektomiPerfusion                                                                 (00:00.000 / 01:42.816, 1Gb)
  ...CodeSystem TumorClassificationHistology                                                         (00:00.000 / 01:42.817, 1Gb)
  ...CodeSystem UdskrevetTil                                                                         (00:00.000 / 01:42.817, 1Gb)
  ...CodeSystem UndersoegelsesTypeDUGA                                                               (00:00.000 / 01:42.818, 1Gb)
  ...CodeSystem VancouverClassification                                                              (00:00.000 / 01:42.818, 1Gb)
  ...CodeSystem Verdict                                                                              (00:00.000 / 01:42.819, 1Gb)
  ...CodeSystem VisitationCriteriaNotMet                                                             (00:00.000 / 01:42.820, 1Gb)
  ...CodeSystem WFNSGradingSystem                                                                    (00:00.000 / 01:42.820, 1Gb)
  ...CodeSystem WOOS                                                                                 (00:00.000 / 01:42.821, 1Gb)
  ...CodeSystem WalchClassification                                                                  (00:00.000 / 01:42.821, 1Gb)
  ...SearchParameter CarePlanReadOrWriteAccessSP                                                     (00:00.000 / 01:42.822, 1Gb)
  ...SearchParameter CarePlanSorAuthor                                                               (00:00.000 / 01:42.822, 1Gb)
  ...SearchParameter CprPatient                                                                      (00:00.000 / 01:42.823, 1Gb)
  ...SearchParameter PlanDefinitionLatest                                                            (00:00.000 / 01:42.823, 1Gb)
  ...SearchParameter PlanDefinitionUuid                                                              (00:00.000 / 01:42.824, 1Gb)
  ...SearchParameter QuestionnaireLatest                                                             (00:00.000 / 01:42.825, 1Gb)
  ...SearchParameter QuestionnaireResponseOnCarePlan                                                 (00:00.000 / 01:42.825, 1Gb)
  ...SearchParameter QuestionnaireResponseResponsibleOnCarePlanSP                                    (00:00.000 / 01:42.826, 1Gb)
  ...SearchParameter QuestionnaireUuid                                                               (00:00.000 / 01:42.826, 1Gb)
  ...SearchParameter SP-PlanDefinition-urlversion                                                    (00:00.000 / 01:42.827, 1Gb)
  ...SearchParameter SP-Questionnaire-urlversion                                                     (00:00.000 / 01:42.827, 1Gb)
  ...SearchParameter SorQuestionnaire                                                                (00:00.000 / 01:42.828, 1Gb)
  ...SearchParameter SorQuestionnaireResponse                                                        (00:00.000 / 01:42.829, 1Gb)
  ...SearchParameter semver-major                                                                    (00:00.000 / 01:42.829, 1Gb)
  ...SearchParameter semver-minor                                                                    (00:00.000 / 01:42.830, 1Gb)
  ...SearchParameter semver-patch                                                                    (00:00.000 / 01:42.830, 1Gb)
  ...SearchParameter semver                                                                          (00:00.000 / 01:42.831, 1Gb)
  ...StructureDefinition PDLatest                                                                    (00:00.000 / 01:42.831, 1Gb)
  ...StructureDefinition PDUuid                                                                      (00:00.000 / 01:42.832, 1Gb)
  ...StructureDefinition QLatest                                                                     (00:00.000 / 01:42.833, 1Gb)
  ...StructureDefinition QUuid                                                                       (00:00.000 / 01:42.833, 1Gb)
  ...StructureDefinition SorAuthor                                                                   (00:00.000 / 01:42.834, 1Gb)
  ...StructureDefinition access-sor-code                                                             (00:00.000 / 01:42.834, 1Gb)
  ...StructureDefinition cpr                                                                         (00:00.000 / 01:42.835, 1Gb)
  ...StructureDefinition plan-definition-action-display-order                                        (00:00.000 / 01:42.835, 1Gb)
  ...StructureDefinition questionnaire-response-reference                                            (00:00.000 / 01:42.836, 1Gb)
  ...StructureDefinition questionnaire-response-responsible-sor                                      (00:00.000 / 01:42.836, 1Gb)
  ...StructureDefinition sor                                                                         (00:00.000 / 01:42.837, 1Gb)
  ...StructureDefinition sorCode                                                                     (00:00.000 / 01:42.838, 1Gb)
  ...ValueSet AKBehandlingDKR                                                                        (00:00.000 / 01:42.838, 1Gb)
  ...ValueSet AKFravalgt                                                                             (00:00.000 / 01:42.839, 1Gb)
  ...ValueSet ALDkemoterapi                                                                          (00:00.000 / 01:42.840, 1Gb)
  ...ValueSet APInstabilitetDKR                                                                      (00:00.000 / 01:42.840, 1Gb)
  ...ValueSet ASAIVI                                                                                 (00:00.000 / 01:42.841, 1Gb)
  ...ValueSet ASAIVIkort                                                                             (00:00.000 / 01:42.842, 1Gb)
  ...ValueSet ATCAntibiotikaprofylakseDKR                                                            (00:00.000 / 01:42.842, 1Gb)
  ...ValueSet ATCAntibiotikaprofylakseDosisDKR                                                       (00:00.000 / 01:42.843, 1Gb)
  ...ValueSet ATCAntibiotikaprofylakseVarighedDKR                                                    (00:00.000 / 01:42.843, 1Gb)
  ...ValueSet ATCChemoCLL                                                                            (00:00.000 / 01:42.844, 1Gb)
  ...ValueSet ATCChemoPreparation                                                                    (00:00.000 / 01:42.844, 1Gb)
  ...ValueSet ATCDMPN                                                                                (00:00.000 / 01:42.845, 1Gb)
  ...ValueSet ATCDMPN202410                                                                          (00:00.000 / 01:42.846, 1Gb)
  ...ValueSet ATCImmunotherapyCLL                                                                    (00:00.000 / 01:42.846, 1Gb)
  ...ValueSet ATCTargetCLL                                                                           (00:00.000 / 01:42.847, 1Gb)
  ...ValueSet ATCTromboseprofylakseDKR                                                               (00:00.000 / 01:42.847, 1Gb)
  ...ValueSet AarsagOphoerDNSL                                                                       (00:00.000 / 01:42.848, 1Gb)
  ...ValueSet AarsagTilProcedureDCCG                                                                 (00:00.000 / 01:42.848, 1Gb)
  ...ValueSet AcetabulumKnogletabKlassifikationDHR                                                   (00:00.000 / 01:42.849, 1Gb)
  ...ValueSet ActilyseIkkeGivet                                                                      (00:00.000 / 01:42.849, 1Gb)
  ...ValueSet AdministrationType                                                                     (00:00.000 / 01:42.850, 1Gb)
  ...ValueSet AdministrationTypeDCCG                                                                 (00:00.000 / 01:42.850, 1Gb)
  ...ValueSet AfdelingDandem                                                                         (00:00.000 / 01:42.851, 1Gb)
  ...ValueSet AflastendeProcedure                                                                    (00:00.000 / 01:42.852, 1Gb)
  ...ValueSet AktivitetDKRR                                                                          (00:00.000 / 01:42.852, 1Gb)
  ...ValueSet AktivitetSportDKRR                                                                     (00:00.000 / 01:42.853, 1Gb)
  ...ValueSet AktuelSygdomsforlob                                                                    (00:00.000 / 01:42.853, 1Gb)
  ...ValueSet Alkohol021                                                                             (00:00.000 / 01:42.854, 1Gb)
  ...ValueSet Alkohol0til10                                                                          (00:00.000 / 01:42.854, 1Gb)
  ...ValueSet Alkohol714                                                                             (00:00.000 / 01:42.855, 1Gb)
  ...ValueSet AlleMaaleEnheder                                                                       (00:00.000 / 01:42.856, 1Gb)
  ...ValueSet AlloplastiktypeDKR                                                                     (00:00.000 / 01:42.856, 1Gb)
  ...ValueSet AnaestesiDUGA                                                                          (00:00.000 / 01:42.857, 1Gb)
  ...ValueSet AnaestesiGenerelSpinalEpiduralLokalanalgesi                                            (00:00.000 / 01:42.857, 1Gb)
  ...ValueSet AnaestesiLokalGenerel                                                                  (00:00.000 / 01:42.858, 1Gb)
  ...ValueSet AnaestesiLokalGenerelSpinalEpidural                                                    (00:00.000 / 01:42.858, 1Gb)
  ...ValueSet AnaestesiRegionalDHR                                                                   (00:00.000 / 01:42.859, 1Gb)
  ...ValueSet AnaestesiRegionalUniverselKombineret                                                   (00:00.000 / 01:42.859, 1Gb)
  ...ValueSet AnasthesiaService                                                                      (00:00.000 / 01:42.860, 1Gb)
  ...ValueSet AnasthesiaService2026                                                                  (00:00.000 / 01:42.861, 1Gb)
  ...ValueSet AnasthesiaServiceDAD                                                                   (00:00.000 / 01:42.861, 1Gb)
  ...ValueSet AnasthesiaTypeGen                                                                      (00:00.000 / 01:42.862, 1Gb)
  ...ValueSet AnastomoseLaekageGradingering                                                          (00:00.000 / 01:42.862, 1Gb)
  ...ValueSet AnastomoseLaekageGraduering                                                            (00:00.000 / 01:42.863, 1Gb)
  ...ValueSet AnastomoseType1                                                                        (00:00.000 / 01:42.863, 1Gb)
  ...ValueSet AnastomoseType2                                                                        (00:00.000 / 01:42.864, 1Gb)
  ...ValueSet AnastomoseType3                                                                        (00:00.000 / 01:42.865, 1Gb)
  ...ValueSet Anastomoselaekage                                                                      (00:00.000 / 01:42.865, 1Gb)
  ...ValueSet AnastomoselaekageKonsekvens                                                            (00:00.000 / 01:42.866, 1Gb)
  ...ValueSet AnatomiskLokation1                                                                     (00:00.000 / 01:42.866, 1Gb)
  ...ValueSet AnatomiskLokation2                                                                     (00:00.000 / 01:42.867, 1Gb)
  ...ValueSet AnatomiskLokation3                                                                     (00:00.000 / 01:42.868, 1Gb)
  ...ValueSet AnatomiskLokation4                                                                     (00:00.000 / 01:42.868, 1Gb)
  ...ValueSet AndenBloedningDAP                                                                      (00:00.000 / 01:42.869, 1Gb)
  ...ValueSet AnnArborStagingClassification                                                          (00:00.000 / 01:42.869, 1Gb)
  ...ValueSet AntibiotikaMedUden                                                                     (00:00.000 / 01:42.870, 1Gb)
  ...ValueSet AntibiotikaprofylakseDHR                                                               (00:00.000 / 01:42.871, 1Gb)
  ...ValueSet AntibiotikaprofylakseDKRR                                                              (00:00.000 / 01:42.871, 1Gb)
  ...ValueSet AnurismeAflukning                                                                      (00:00.000 / 01:42.872, 1Gb)
  ...ValueSet AnurismeStoerrelseSAH                                                                  (00:00.000 / 01:42.872, 1Gb)
  ...ValueSet ArtritisDSR                                                                            (00:00.000 / 01:42.873, 1Gb)
  ...ValueSet ArtrosePlaceringDKR                                                                    (00:00.000 / 01:42.873, 1Gb)
  ...ValueSet ArtrosefoelgeDSR                                                                       (00:00.000 / 01:42.874, 1Gb)
  ...ValueSet AsaIV                                                                                  (00:00.000 / 01:42.875, 1Gb)
  ...ValueSet AsaIVkort                                                                              (00:00.000 / 01:42.876, 1Gb)
  ...ValueSet AssistDevicesBallonStent                                                               (00:00.000 / 01:42.876, 1Gb)
  ...ValueSet BanffClassifikation                                                                    (00:00.000 / 01:42.877, 1Gb)
  ...ValueSet BegrundelseEndoskopiskLokalresektioen                                                  (00:00.000 / 01:42.877, 1Gb)
  ...ValueSet BehandlingCML                                                                          (00:00.000 / 01:42.878, 1Gb)
  ...ValueSet BehandlingCMMLMDS                                                                      (00:00.000 / 01:42.878, 1Gb)
  ...ValueSet BehandlingDHR                                                                          (00:00.000 / 01:42.879, 1Gb)
  ...ValueSet BehandlingEndovaskulaerType                                                            (00:00.000 / 01:42.880, 1Gb)
  ...ValueSet BehandlingKirurgiskEndovaskulaer                                                       (00:00.000 / 01:42.880, 1Gb)
  ...ValueSet BehandlingMDS                                                                          (00:00.000 / 01:42.881, 1Gb)
  ...ValueSet BehandlingPsykofarmakologiskRETSPSYK                                                   (00:00.000 / 01:42.881, 1Gb)
  ...ValueSet BehandlingTilstraekkelig                                                               (00:00.000 / 01:42.882, 1Gb)
  ...ValueSet BehandlingsResponsEvalueringLYFO                                                       (00:00.000 / 01:42.882, 1Gb)
  ...ValueSet BehandlingsTypeStamcellestoetteLYFO                                                    (00:00.000 / 01:42.883, 1Gb)
  ...ValueSet BehandlingsVarighedDHR                                                                 (00:00.000 / 01:42.884, 1Gb)
  ...ValueSet BehandlingsindikationKAR                                                               (00:00.000 / 01:42.884, 1Gb)
  ...ValueSet Behandlingsintention                                                                   (00:00.000 / 01:42.885, 1Gb)
  ...ValueSet BehandlingsresponsCML                                                                  (00:00.000 / 01:42.885, 1Gb)
  ...ValueSet BehandlinsplanAendretAarsagDCCG                                                        (00:00.000 / 01:42.886, 1Gb)
  ...ValueSet BenlaengdeDHR                                                                          (00:00.000 / 01:42.887, 1Gb)
  ...ValueSet BilateralUnilateral                                                                    (00:00.000 / 01:42.887, 1Gb)
  ...ValueSet BinetStagingSystem                                                                     (00:00.000 / 01:42.888, 1Gb)
  ...ValueSet BiobankSamples                                                                         (00:00.000 / 01:42.889, 1Gb)
  ...ValueSet BlodfortyndendeMedicin                                                                 (00:00.000 / 01:42.889, 1Gb)
  ...ValueSet BloedningsprofylakseDHR                                                                (00:00.000 / 01:42.890, 1Gb)
  ...ValueSet BoligforholdRETSPSYK                                                                   (00:00.000 / 01:42.890, 1Gb)
  ...ValueSet Boligform                                                                              (00:00.000 / 01:42.891, 1Gb)
  ...ValueSet BoligformDAP                                                                           (00:00.000 / 01:42.891, 1Gb)
  ...ValueSet BrusklaesionArealDKRR                                                                  (00:00.000 / 01:42.892, 1Gb)
  ...ValueSet BrusklaesionBehandlingDKRR                                                             (00:00.000 / 01:42.893, 1Gb)
  ...ValueSet BrusklaesionPlaceringDKRR                                                              (00:00.000 / 01:42.893, 1Gb)
  ...ValueSet BulkingMaterialeDUGA                                                                   (00:00.000 / 01:42.894, 1Gb)
  ...ValueSet CALRvariant                                                                            (00:00.000 / 01:42.894, 1Gb)
  ...ValueSet CancerUdredning                                                                        (00:00.000 / 01:42.895, 1Gb)
  ...ValueSet CancertypeDCCG                                                                         (00:00.000 / 01:42.895, 1Gb)
  ...ValueSet CaputDiameterDHR                                                                       (00:00.000 / 01:42.896, 1Gb)
  ...ValueSet CaputModulaerTypeDHR                                                                   (00:00.000 / 01:42.896, 1Gb)
  ...ValueSet CaputTypeDHR                                                                           (00:00.000 / 01:42.897, 1Gb)
  ...ValueSet CaputnekroseDSR                                                                        (00:00.000 / 01:42.898, 1Gb)
  ...ValueSet CementBlandesystemDHR                                                                  (00:00.000 / 01:42.898, 1Gb)
  ...ValueSet CementDKR                                                                              (00:00.000 / 01:42.899, 1Gb)
  ...ValueSet CementFemurTibiaPatellaDKR                                                             (00:00.000 / 01:42.899, 1Gb)
  ...ValueSet CementHofteDHR                                                                         (00:00.000 / 01:42.900, 1Gb)
  ...ValueSet CentralBlock                                                                           (00:00.000 / 01:42.900, 1Gb)
  ...ValueSet CentralBlockType                                                                       (00:00.000 / 01:42.901, 1Gb)
  ...ValueSet Chemotherapy                                                                           (00:00.000 / 01:42.901, 1Gb)
  ...ValueSet ChromosomPairs                                                                         (00:00.000 / 01:42.902, 1Gb)
  ...ValueSet CivilstandDAP                                                                          (00:00.000 / 01:42.903, 1Gb)
  ...ValueSet CivilstatusRETSPSYK                                                                    (00:00.000 / 01:42.903, 1Gb)
  ...ValueSet ClavienKomplikationsgrad                                                               (00:00.000 / 01:42.904, 1Gb)
  ...ValueSet ClavienKomplikationsgradDCCG                                                           (00:00.000 / 01:42.904, 1Gb)
  ...ValueSet ClavienKomplikationsgradLangDCCG                                                       (00:00.000 / 01:42.905, 1Gb)
  ...ValueSet ClinicalProtocolCodes                                                                  (00:00.000 / 01:42.906, 1Gb)
  ...ValueSet ClinicalProtocolCodes1                                                                 (00:00.000 / 01:42.906, 1Gb)
  ...ValueSet ClinicalProtocolNotParticipated                                                        (00:00.000 / 01:42.907, 1Gb)
  ...ValueSet Competence                                                                             (00:00.000 / 01:42.907, 1Gb)
  ...ValueSet ComplicationAN                                                                         (00:00.000 / 01:42.908, 1Gb)
  ...ValueSet ComplicationAN2026                                                                     (00:00.000 / 01:42.908, 1Gb)
  ...ValueSet ComplicationPO                                                                         (00:00.000 / 01:42.909, 1Gb)
  ...ValueSet ComplicationPO2026                                                                     (00:00.000 / 01:42.909, 1Gb)
  ...ValueSet ComplicationsManifestation                                                             (00:00.000 / 01:42.910, 1Gb)
  ...ValueSet ComplicationsManifestation202412                                                       (00:00.000 / 01:42.910, 1Gb)
  ...ValueSet CoronaryArteryGraph                                                                    (00:00.000 / 01:42.911, 1Gb)
  ...ValueSet Cyclus                                                                                 (00:00.000 / 01:42.912, 1Gb)
  ...ValueSet CytogeneticCancerChangesALD                                                            (00:00.000 / 01:42.912, 1Gb)
  ...ValueSet CytogeneticChanges                                                                     (00:00.000 / 01:42.913, 1Gb)
  ...ValueSet CytogeneticExamination                                                                 (00:00.000 / 01:42.913, 1Gb)
  ...ValueSet CytogeneticResult                                                                      (00:00.000 / 01:42.914, 1Gb)
  ...ValueSet CytogeneticResult202410                                                                (00:00.000 / 01:42.915, 1Gb)
  ...ValueSet CytogeneticRisk                                                                        (00:00.000 / 01:42.915, 1Gb)
  ...ValueSet CytogeneticRiskGrimwade2010                                                            (00:00.000 / 01:42.916, 1Gb)
  ...ValueSet CytogeneticRiskGrimwade2010DAMYDA                                                      (00:00.000 / 01:42.917, 1Gb)
  ...ValueSet CytogeneticSpecificerFund                                                              (00:00.000 / 01:42.917, 1Gb)
  ...ValueSet CytogeneticStemCellType                                                                (00:00.000 / 01:42.918, 1Gb)
  ...ValueSet Cytopeni                                                                               (00:00.000 / 01:42.919, 1Gb)
  ...ValueSet DHDeksklusionskriterie                                                                 (00:00.000 / 01:42.919, 1Gb)
  ...ValueSet DSAFundLokation                                                                        (00:00.000 / 01:42.920, 1Gb)
  ...ValueSet DSAFundLokation2026                                                                    (00:00.000 / 01:42.920, 1Gb)
  ...ValueSet DVTProfylakseDosisDKRR                                                                 (00:00.000 / 01:42.921, 1Gb)
  ...ValueSet DatabasesHAEMA                                                                         (00:00.000 / 01:42.922, 1Gb)
  ...ValueSet DegcMDTBeslutning                                                                      (00:00.000 / 01:42.922, 1Gb)
  ...ValueSet DeleFoelelser                                                                          (00:00.000 / 01:42.923, 1Gb)
  ...ValueSet DetectionMethodCR                                                                      (00:00.000 / 01:42.923, 1Gb)
  ...ValueSet DiagnoseCLL                                                                            (00:00.000 / 01:42.924, 1Gb)
  ...ValueSet DiagnoseDANDEM                                                                         (00:00.000 / 01:42.925, 1Gb)
  ...ValueSet DiagnoseDMPN                                                                           (00:00.000 / 01:42.925, 1Gb)
  ...ValueSet DiagnoseDMPNopfoelgning                                                                (00:00.000 / 01:42.926, 1Gb)
  ...ValueSet DiagnosegruppeHAEMA                                                                    (00:00.000 / 01:42.926, 1Gb)
  ...ValueSet DiagnosetypeDPD                                                                        (00:00.000 / 01:42.927, 1Gb)
  ...ValueSet DialyseOpstartDNSL                                                                     (00:00.000 / 01:42.927, 1Gb)
  ...ValueSet DialyseadgangDNSL                                                                      (00:00.000 / 01:42.928, 1Gb)
  ...ValueSet DoedLokation                                                                           (00:00.000 / 01:42.928, 1Gb)
  ...ValueSet DoedsaarsagALD                                                                         (00:00.000 / 01:42.929, 1Gb)
  ...ValueSet DoedsaarsagCLL                                                                         (00:00.000 / 01:42.930, 1Gb)
  ...ValueSet DoedsaarsagDAMYDA                                                                      (00:00.000 / 01:42.930, 1Gb)
  ...ValueSet DoedsaarsagLYFO                                                                        (00:00.000 / 01:42.931, 1Gb)
  ...ValueSet DoedsaarsagSAH                                                                         (00:00.000 / 01:42.932, 1Gb)
  ...ValueSet DomAendringPauseringRETSPSYK                                                           (00:00.000 / 01:42.932, 1Gb)
  ...ValueSet DomAfslutningRETSPSYK                                                                  (00:00.000 / 01:42.933, 1Gb)
  ...ValueSet DomAnbefalingRETSPSYK                                                                  (00:00.000 / 01:42.934, 1Gb)
  ...ValueSet DomAnbringelseRETSPSYK                                                                 (00:00.000 / 01:42.935, 1Gb)
  ...ValueSet DomBehandlingAmbulantRETSPSYK                                                          (00:00.000 / 01:42.935, 1Gb)
  ...ValueSet DomBehandlingRETSPSYK                                                                  (00:00.000 / 01:42.936, 1Gb)
  ...ValueSet DomForanstaltningstypeRETSPSYK                                                         (00:00.000 / 01:42.936, 1Gb)
  ...ValueSet DomOphaevelseAarsagRETSPSYK                                                            (00:00.000 / 01:42.937, 1Gb)
  ...ValueSet DomPauseringAarsagRETSPSYK                                                             (00:00.000 / 01:42.938, 1Gb)
  ...ValueSet DomTidligereRETSPSYK                                                                   (00:00.000 / 01:42.938, 1Gb)
  ...ValueSet DonorRelationDNSL                                                                      (00:00.000 / 01:42.939, 1Gb)
  ...ValueSet DonorRelationship                                                                      (00:00.000 / 01:42.940, 1Gb)
  ...ValueSet DosisAKbehDKR                                                                          (00:00.000 / 01:42.940, 1Gb)
  ...ValueSet ECOG                                                                                   (00:00.000 / 01:42.941, 1Gb)
  ...ValueSet ECOGHAEMA                                                                              (00:00.000 / 01:42.941, 1Gb)
  ...ValueSet EDTAHaemodialyseDNSL                                                                   (00:00.000 / 01:42.942, 1Gb)
  ...ValueSet EDTAPeritonedialyseDNSL                                                                (00:00.000 / 01:42.943, 1Gb)
  ...ValueSet EDTATransplantationDNSL                                                                (00:00.000 / 01:42.943, 1Gb)
  ...ValueSet EHSVentralHernieLateral                                                                (00:00.000 / 01:42.944, 1Gb)
  ...ValueSet EHSVentralHernieMidtlinie                                                              (00:00.000 / 01:42.944, 1Gb)
  ...ValueSet EHSVentralHernieSamlet                                                                 (00:00.000 / 01:42.945, 1Gb)
  ...ValueSet EHSVentralHernieType                                                                   (00:00.000 / 01:42.945, 1Gb)
  ...ValueSet EORTC14DPD                                                                             (00:00.000 / 01:42.946, 1Gb)
  ...ValueSet EORTC17DPD                                                                             (00:00.000 / 01:42.947, 1Gb)
  ...ValueSet EORTC17DUGA                                                                            (00:00.000 / 01:42.947, 1Gb)
  ...ValueSet EORTC24DPD                                                                             (00:00.000 / 01:42.948, 1Gb)
  ...ValueSet EndoskopiskUdseende                                                                    (00:00.000 / 01:42.948, 1Gb)
  ...ValueSet ErklaeringRETSPSYK                                                                     (00:00.000 / 01:42.949, 1Gb)
  ...ValueSet ExtraordinaryTreatmenCause                                                             (00:00.000 / 01:42.949, 1Gb)
  ...ValueSet FISHProcedure                                                                          (00:00.000 / 01:42.950, 1Gb)
  ...ValueSet FISHResult                                                                             (00:00.000 / 01:42.951, 1Gb)
  ...ValueSet FISHResult202502                                                                       (00:00.000 / 01:42.951, 1Gb)
  ...ValueSet FISHSamples                                                                            (00:00.000 / 01:42.952, 1Gb)
  ...ValueSet FISHSamples202502                                                                      (00:00.000 / 01:42.952, 1Gb)
  ...ValueSet Faggruppe                                                                              (00:00.000 / 01:42.953, 1Gb)
  ...ValueSet FemurKnogletabKlassifikationDHR                                                        (00:00.000 / 01:42.954, 1Gb)
  ...ValueSet FiksationCementeretUcementeret                                                         (00:00.000 / 01:42.954, 1Gb)
  ...ValueSet FiksationCementeretUcementeretAndet                                                    (00:00.000 / 01:42.955, 1Gb)
  ...ValueSet FiksationCementeretUcementeretHybrid                                                   (00:00.000 / 01:42.955, 1Gb)
  ...ValueSet FiksationFemurDKRR                                                                     (00:00.000 / 01:42.956, 1Gb)
  ...ValueSet FiksationFemurDKRR202503                                                               (00:00.000 / 01:42.956, 1Gb)
  ...ValueSet FiksationTibiaDKRR                                                                     (00:00.000 / 01:42.957, 1Gb)
  ...ValueSet FisherGrad                                                                             (00:00.000 / 01:42.957, 1Gb)
  ...ValueSet FoedselsstedRETSPSYK                                                                   (00:00.000 / 01:42.958, 1Gb)
  ...ValueSet FollowUp25Y                                                                            (00:00.000 / 01:42.958, 1Gb)
  ...ValueSet ForsoergelsesgrundlagRETSPSYK                                                          (00:00.000 / 01:42.959, 1Gb)
  ...ValueSet FrakturFriskhedDSR                                                                     (00:00.000 / 01:42.960, 1Gb)
  ...ValueSet FrekvensLaekDUGA                                                                       (00:00.000 / 01:42.960, 1Gb)
  ...ValueSet FrekvensNedsynkningDUGA                                                                (00:00.000 / 01:42.961, 1Gb)
  ...ValueSet FunktionTestADLDANDEM                                                                  (00:00.000 / 01:42.961, 1Gb)
  ...ValueSet FunktionsgruppeDHR                                                                     (00:00.000 / 01:42.962, 1Gb)
  ...ValueSet FunktionsgruppeDKR                                                                     (00:00.000 / 01:42.962, 1Gb)
  ...ValueSet Gender                                                                                 (00:00.000 / 01:42.963, 1Gb)
  ...ValueSet GenoplivStoppet                                                                        (00:00.000 / 01:42.963, 1Gb)
  ...ValueSet Genoplivning                                                                           (00:00.000 / 01:42.964, 1Gb)
  ...ValueSet GlenoidalkomponentIkkeIndsatDSR                                                        (00:00.000 / 01:42.965, 1Gb)
  ...ValueSet GlenoidalkomponentSupplerendeDSR                                                       (00:00.000 / 01:42.965, 1Gb)
  ...ValueSet GradAkutDHDB                                                                           (00:00.000 / 01:42.966, 1Gb)
  ...ValueSet GraftACLDKRR                                                                           (00:00.000 / 01:42.966, 1Gb)
  ...ValueSet GraftDKRR                                                                              (00:00.000 / 01:42.967, 1Gb)
  ...ValueSet GrundlidelseDHR                                                                        (00:00.000 / 01:42.967, 1Gb)
  ...ValueSet GrundlidelseDKR                                                                        (00:00.000 / 01:42.968, 1Gb)
  ...ValueSet GrundlidelseDSR                                                                        (00:00.000 / 01:42.969, 1Gb)
  ...ValueSet GynUndersoegDUGA                                                                       (00:00.000 / 01:42.969, 1Gb)
  ...ValueSet HaemoglobinTransf4                                                                     (00:00.000 / 01:42.970, 1Gb)
  ...ValueSet HandProblemer                                                                          (00:00.000 / 01:42.970, 1Gb)
  ...ValueSet HarrisHipScoreGangafvikling                                                            (00:00.000 / 01:42.971, 1Gb)
  ...ValueSet HarrisHipScoreGangdistance                                                             (00:00.000 / 01:42.972, 1Gb)
  ...ValueSet HarrisHipScoreHjaelpemidler                                                            (00:00.000 / 01:42.972, 1Gb)
  ...ValueSet HarrisHipScoreOffentligTransport                                                       (00:00.000 / 01:42.973, 1Gb)
  ...ValueSet HarrisHipScoreSiddefunktion                                                            (00:00.000 / 01:42.973, 1Gb)
  ...ValueSet HarrisHipScoreSkoStroemper                                                             (00:00.000 / 01:42.974, 1Gb)
  ...ValueSet HarrisHipScoreSmerter                                                                  (00:00.000 / 01:42.975, 1Gb)
  ...ValueSet HarrisHipScoreTrappegang                                                               (00:00.000 / 01:42.975, 1Gb)
  ...ValueSet HeartAttackSTEMIPosition                                                               (00:00.000 / 01:42.976, 1Gb)
  ...ValueSet HeartAttackTypes                                                                       (00:00.000 / 01:42.976, 1Gb)
  ...ValueSet HeartFailure                                                                           (00:00.000 / 01:42.977, 1Gb)
  ...ValueSet HeartRhythm                                                                            (00:00.000 / 01:42.978, 1Gb)
  ...ValueSet HematologicalDiseases                                                                  (00:00.000 / 01:42.978, 1Gb)
  ...ValueSet HemialloplastikFemur                                                                   (00:00.000 / 01:42.979, 1Gb)
  ...ValueSet HenvistFra                                                                             (00:00.000 / 01:42.979, 1Gb)
  ...ValueSet HernieStoerrelse                                                                       (00:00.000 / 01:42.980, 1Gb)
  ...ValueSet HjerneoedemDAP                                                                         (00:00.000 / 01:42.980, 1Gb)
  ...ValueSet Hjerterytme                                                                            (00:00.000 / 01:42.981, 1Gb)
  ...ValueSet HjertestopAarsag                                                                       (00:00.000 / 01:42.981, 1Gb)
  ...ValueSet HumeruskomponentDSR                                                                    (00:00.000 / 01:42.982, 1Gb)
  ...ValueSet HuntHessClassification                                                                 (00:00.000 / 01:42.983, 1Gb)
  ...ValueSet HydrocephalusTiltag                                                                    (00:00.000 / 01:42.983, 1Gb)
  ...ValueSet Hyppighed                                                                              (00:00.000 / 01:42.984, 1Gb)
  ...ValueSet ICHEvakuering                                                                          (00:00.000 / 01:42.984, 1Gb)
  ...ValueSet ICRSGraduering14                                                                       (00:00.000 / 01:42.985, 1Gb)
  ...ValueSet IDC10DPD                                                                               (00:00.000 / 01:42.985, 1Gb)
  ...ValueSet IDC10DPDCancer                                                                         (00:00.000 / 01:42.986, 1Gb)
  ...ValueSet IDC10DPDNonCancer                                                                      (00:00.000 / 01:42.986, 1Gb)
  ...ValueSet IPSSRCytogenetiskRisiko                                                                (00:00.000 / 01:42.987, 1Gb)
  ...ValueSet IkkeBesvaret                                                                           (00:00.000 / 01:42.988, 1Gb)
  ...ValueSet IkkeUdfoert                                                                            (00:00.000 / 01:42.988, 1Gb)
  ...ValueSet Imaging                                                                                (00:00.000 / 01:42.989, 1Gb)
  ...ValueSet ImagingAngio                                                                           (00:00.000 / 01:42.989, 1Gb)
  ...ValueSet Immunoterapi                                                                           (00:00.000 / 01:42.990, 1Gb)
  ...ValueSet ImplantatAnatomiskDesign                                                               (00:00.000 / 01:42.990, 1Gb)
  ...ValueSet ImplantatAnatomiskOffset                                                               (00:00.000 / 01:42.991, 1Gb)
  ...ValueSet ImplantatAnatomiskReverse                                                              (00:00.000 / 01:42.991, 1Gb)
  ...ValueSet ImplantatMaterialeDSR                                                                  (00:00.000 / 01:42.992, 1Gb)
  ...ValueSet ImplantatMaterialeKeramikMetalAndet                                                    (00:00.000 / 01:42.992, 1Gb)
  ...ValueSet ImplantatMaterialePolyethylenKeramikMetal                                              (00:00.000 / 01:42.993, 1Gb)
  ...ValueSet ImplantatReverseDesign                                                                 (00:00.000 / 01:42.994, 1Gb)
  ...ValueSet ImplantattypeDUGA                                                                      (00:00.000 / 01:42.994, 1Gb)
  ...ValueSet Incisionsvalg                                                                          (00:00.000 / 01:42.995, 1Gb)
  ...ValueSet IndgrebAabenIngvinalhernieDHDB                                                         (00:00.000 / 01:42.995, 1Gb)
  ...ValueSet IndgrebAabenMeshIngvinalhernieDHDB                                                     (00:00.000 / 01:42.996, 1Gb)
  ...ValueSet IndgrebComponentsSeparationDHDB                                                        (00:00.000 / 01:42.996, 1Gb)
  ...ValueSet IndgrebComponentsSeparationTypeDHDB                                                    (00:00.000 / 01:42.997, 1Gb)
  ...ValueSet IndgrebFemoralhernieDHDB                                                               (00:00.000 / 01:42.997, 1Gb)
  ...ValueSet IndgrebIngvinalhernieDHDB                                                              (00:00.000 / 01:42.998, 1Gb)
  ...ValueSet IndgrebLaparoskopiskDHDB                                                               (00:00.000 / 01:42.999, 1Gb)
  ...ValueSet IndgrebNerveSet                                                                        (00:00.000 / 01:42.999, 1Gb)
  ...ValueSet IndgrebPrioritetAkutElektiv                                                            (00:00.000 / 01:43.000, 1Gb)
  ...ValueSet IndgrebVentralhernieAndenDHDB                                                          (00:00.000 / 01:43.000, 1Gb)
  ...ValueSet IndgrebVentralhernieDHDB                                                               (00:00.000 / 01:43.001, 1Gb)
  ...ValueSet IndikationTES                                                                          (00:00.000 / 01:43.001, 1Gb)
  ...ValueSet IndsatFjernet                                                                          (00:00.000 / 01:43.002, 1Gb)
  ...ValueSet IndsatIkkeIndsat                                                                       (00:00.000 / 01:43.003, 1Gb)
  ...ValueSet Ingen                                                                                  (00:00.000 / 01:43.003, 1Gb)
  ...ValueSet IngenBehandling                                                                        (00:00.000 / 01:43.004, 1Gb)
  ...ValueSet IngvinalhernieSpecificering                                                            (00:00.000 / 01:43.005, 1Gb)
  ...ValueSet InitialRespons                                                                         (00:00.000 / 01:43.005, 1Gb)
  ...ValueSet Interventionsforloeb                                                                   (00:00.000 / 01:43.006, 1Gb)
  ...ValueSet InterventionsgruppeDialyseHaemoDNSL                                                    (00:00.000 / 01:43.006, 1Gb)
  ...ValueSet InterventionsgruppeDialysePeritonealDNSL                                               (00:00.000 / 01:43.007, 1Gb)
  ...ValueSet InterventionsgruppeTransplantDNSL                                                      (00:00.000 / 01:43.008, 1Gb)
  ...ValueSet InterventionsgruppeTransplantExclDNSL                                                  (00:00.000 / 01:43.008, 1Gb)
  ...ValueSet IntraoperativeLaesionerKDCCG                                                           (00:00.000 / 01:43.009, 1Gb)
  ...ValueSet IntraoperativeLaesionerMDCCG                                                           (00:00.000 / 01:43.009, 1Gb)
  ...ValueSet Intubation                                                                             (00:00.000 / 01:43.010, 1Gb)
  ...ValueSet IntubationRelaks                                                                       (00:00.000 / 01:43.011, 1Gb)
  ...ValueSet JaEnkeltUdfald                                                                         (00:00.000 / 01:43.011, 1Gb)
  ...ValueSet JaNej                                                                                  (00:00.000 / 01:43.012, 1Gb)
  ...ValueSet JaNejBetinget                                                                          (00:00.000 / 01:43.012, 1Gb)
  ...ValueSet JaNejEjMaalt                                                                           (00:00.000 / 01:43.013, 1Gb)
  ...ValueSet JaNejIkkeSpurgt                                                                        (00:00.000 / 01:43.014, 1Gb)
  ...ValueSet JaNejIkkeUdfoert                                                                       (00:00.000 / 01:43.014, 1Gb)
  ...ValueSet JaNejIkkefagligrelevant                                                                (00:00.000 / 01:43.015, 1Gb)
  ...ValueSet JaNejIkkeindiceret                                                                     (00:00.000 / 01:43.015, 1Gb)
  ...ValueSet JaNejIkkerelevant                                                                      (00:00.000 / 01:43.016, 1Gb)
  ...ValueSet JaNejKanIkkeAfgoeres                                                                   (00:00.000 / 01:43.016, 1Gb)
  ...ValueSet JaNejUkendt                                                                            (00:00.000 / 01:43.017, 1Gb)
  ...ValueSet JaNejUkendtIkkerelevant                                                                (00:00.000 / 01:43.018, 1Gb)
  ...ValueSet JaNejUvist                                                                             (00:00.000 / 01:43.018, 1Gb)
  ...ValueSet JaNejUvistIkkeudfoert                                                                  (00:00.000 / 01:43.019, 1Gb)
  ...ValueSet JaNejUvistUkendt                                                                       (00:00.000 / 01:43.019, 1Gb)
  ...ValueSet JaNejUvistUkendtIkkeRelevant                                                           (00:00.000 / 01:43.020, 1Gb)
  ...ValueSet KellgrenLawsonKlassifikation                                                           (00:00.000 / 01:43.020, 1Gb)
  ...ValueSet Kemoterapiregime                                                                       (00:00.000 / 01:43.021, 1Gb)
  ...ValueSet KirurgiskAdgangDSR                                                                     (00:00.000 / 01:43.021, 1Gb)
  ...ValueSet KliniskeSymptomerDCCG                                                                  (00:00.000 / 01:43.022, 1Gb)
  ...ValueSet KnaeLoeshedGradering                                                                   (00:00.000 / 01:43.022, 1Gb)
  ...ValueSet KnaeLoeshedPosterolateral                                                              (00:00.000 / 01:43.023, 1Gb)
  ...ValueSet KnaeakseDKR                                                                            (00:00.000 / 01:43.024, 1Gb)
  ...ValueSet KnoglegraftDSR                                                                         (00:00.000 / 01:43.024, 1Gb)
  ...ValueSet KnogletransplantationDHR                                                               (00:00.000 / 01:43.025, 1Gb)
  ...ValueSet KognitivPaavirkningDANDEM                                                              (00:00.000 / 01:43.025, 1Gb)
  ...ValueSet KognitivTestDANDEM                                                                     (00:00.000 / 01:43.026, 1Gb)
  ...ValueSet KomplAndreDiagDUGA                                                                     (00:00.000 / 01:43.026, 1Gb)
  ...ValueSet KomplAndreProcDUGA                                                                     (00:00.000 / 01:43.027, 1Gb)
  ...ValueSet KomplBlaereDiagDUGA                                                                    (00:00.000 / 01:43.027, 1Gb)
  ...ValueSet KomplBlaereProcDUGA                                                                    (00:00.000 / 01:43.028, 1Gb)
  ...ValueSet KomplBloedDiagDUGA                                                                     (00:00.000 / 01:43.029, 1Gb)
  ...ValueSet KomplBloedProcDUGA                                                                     (00:00.000 / 01:43.029, 1Gb)
  ...ValueSet KomplInfektionDiagDUGA                                                                 (00:00.000 / 01:43.030, 1Gb)
  ...ValueSet KomplInfektionProcDUGA                                                                 (00:00.000 / 01:43.031, 1Gb)
  ...ValueSet KomplOrganperfDiagDUGA                                                                 (00:00.000 / 01:43.031, 1Gb)
  ...ValueSet KomplOrganperfProcDUGA                                                                 (00:00.000 / 01:43.032, 1Gb)
  ...ValueSet KomplikationerBehandlingDEGC                                                           (00:00.000 / 01:43.032, 1Gb)
  ...ValueSet KomplikationerDKRR                                                                     (00:00.000 / 01:43.033, 1Gb)
  ...ValueSet KomplikationerEndovaskulaerSAH                                                         (00:00.000 / 01:43.034, 1Gb)
  ...ValueSet KomplikationerKirurgiskSAH                                                             (00:00.000 / 01:43.034, 1Gb)
  ...ValueSet KomplikationerPeroperativeDHR                                                          (00:00.000 / 01:43.035, 1Gb)
  ...ValueSet KomplikationerPeroperativeDKR                                                          (00:00.000 / 01:43.036, 1Gb)
  ...ValueSet KomplikationerVaskulaerDMPN                                                            (00:00.000 / 01:43.036, 1Gb)
  ...ValueSet KomponentAcetabulumDHR                                                                 (00:00.000 / 01:43.037, 1Gb)
  ...ValueSet KomponentAcetabulumStatusDHR                                                           (00:00.000 / 01:43.037, 1Gb)
  ...ValueSet KomponentFemurDHR                                                                      (00:00.000 / 01:43.038, 1Gb)
  ...ValueSet KomponentFemurDKR                                                                      (00:00.000 / 01:43.039, 1Gb)
  ...ValueSet KomponentFemurDKR202503                                                                (00:00.000 / 01:43.039, 1Gb)
  ...ValueSet KomponentFemurDKRrevision                                                              (00:00.000 / 01:43.040, 1Gb)
  ...ValueSet KomponentFemurDKRrevision202503                                                        (00:00.000 / 01:43.040, 1Gb)
  ...ValueSet KomponentFemurStatusDHR                                                                (00:00.000 / 01:43.041, 1Gb)
  ...ValueSet KomponentFemurStatusDKR                                                                (00:00.000 / 01:43.041, 1Gb)
  ...ValueSet KomponentPatellaDKR                                                                    (00:00.000 / 01:43.042, 1Gb)
  ...ValueSet KomponentPatellaDKRrevision                                                            (00:00.000 / 01:43.043, 1Gb)
  ...ValueSet KomponentPatellaMaterialeDKR                                                           (00:00.000 / 01:43.043, 1Gb)
  ...ValueSet KomponentSupplementDKR                                                                 (00:00.000 / 01:43.044, 1Gb)
  ...ValueSet KomponentTibiaDKR                                                                      (00:00.000 / 01:43.044, 1Gb)
  ...ValueSet KomponentTibiaDKR202503                                                                (00:00.000 / 01:43.045, 1Gb)
  ...ValueSet KomponentTibiaDKRrevision                                                              (00:00.000 / 01:43.046, 1Gb)
  ...ValueSet KomponentTibiaDKRrevision202503                                                        (00:00.000 / 01:43.046, 1Gb)
  ...ValueSet KomponentTibiaStatusDKR                                                                (00:00.000 / 01:43.047, 1Gb)
  ...ValueSet KomponentTypeDKR                                                                       (00:00.000 / 01:43.047, 1Gb)
  ...ValueSet KomponentTypeFemurDHR                                                                  (00:00.000 / 01:43.048, 1Gb)
  ...ValueSet KomponentTypeHullerUdenhullerDHR                                                       (00:00.000 / 01:43.049, 1Gb)
  ...ValueSet KonferenceDPD                                                                          (00:00.000 / 01:43.049, 1Gb)
  ...ValueSet KontaktPatient                                                                         (00:00.000 / 01:43.050, 1Gb)
  ...ValueSet KontaktSted                                                                            (00:00.000 / 01:43.050, 1Gb)
  ...ValueSet KontaktSted2026                                                                        (00:00.000 / 01:43.051, 1Gb)
  ...ValueSet KontaktType1                                                                           (00:00.000 / 01:43.051, 1Gb)
  ...ValueSet Kontamineringsgrad                                                                     (00:00.000 / 01:43.052, 1Gb)
  ...ValueSet KorsbaandEjBevaret                                                                     (00:00.000 / 01:43.053, 1Gb)
  ...ValueSet KursusregAarsag                                                                        (00:00.000 / 01:43.053, 1Gb)
  ...ValueSet LaryngoskopiDegree                                                                     (00:00.000 / 01:43.054, 1Gb)
  ...ValueSet LaryngoskopiDegree2026                                                                 (00:00.000 / 01:43.054, 1Gb)
  ...ValueSet LedbaandsrekonstruktionDKRR                                                            (00:00.000 / 01:43.055, 1Gb)
  ...ValueSet LeftRight                                                                              (00:00.000 / 01:43.056, 1Gb)
  ...ValueSet LifeStatus                                                                             (00:00.000 / 01:43.056, 1Gb)
  ...ValueSet LimnavnDHDB                                                                            (00:00.000 / 01:43.057, 1Gb)
  ...ValueSet LinerCrosslinkedDHR                                                                    (00:00.000 / 01:43.057, 1Gb)
  ...ValueSet LinerMedPostDKR                                                                        (00:00.000 / 01:43.058, 1Gb)
  ...ValueSet LinerUdenPostDKR                                                                       (00:00.000 / 01:43.059, 1Gb)
  ...ValueSet LinertypeDHR                                                                           (00:00.000 / 01:43.059, 1Gb)
  ...ValueSet LipomHandlingDHDB                                                                      (00:00.000 / 01:43.060, 1Gb)
  ...ValueSet LocationExtranodalFemale                                                               (00:00.000 / 01:43.060, 1Gb)
  ...ValueSet LocationExtranodalMale                                                                 (00:00.000 / 01:43.061, 1Gb)
  ...ValueSet LocationNodal                                                                          (00:00.000 / 01:43.062, 1Gb)
  ...ValueSet LocationPriSecNodalFemale                                                              (00:00.000 / 01:43.062, 1Gb)
  ...ValueSet LocationPriSecNodalMale                                                                (00:00.000 / 01:43.063, 1Gb)
  ...ValueSet LokalBloedningDAP                                                                      (00:00.000 / 01:43.063, 1Gb)
  ...ValueSet LokalStraaleterapi                                                                     (00:00.000 / 01:43.064, 1Gb)
  ...ValueSet LokalisationEsophagusDEGC                                                              (00:00.000 / 01:43.064, 1Gb)
  ...ValueSet LokalitetDANARREST                                                                     (00:00.000 / 01:43.065, 1Gb)
  ...ValueSet LokationAneurismeSAH                                                                   (00:00.000 / 01:43.066, 1Gb)
  ...ValueSet LokationLymphomas                                                                      (00:00.000 / 01:43.066, 1Gb)
  ...ValueSet LuftvejForsoeg                                                                         (00:00.000 / 01:43.067, 1Gb)
  ...ValueSet LuftvejsHaandtering                                                                    (00:00.000 / 01:43.067, 1Gb)
  ...ValueSet LuftvejsHaandtering2026                                                                (00:00.000 / 01:43.068, 1Gb)
  ...ValueSet LuftvejsHaandteringsidsteforsoeg                                                       (00:00.000 / 01:43.069, 1Gb)
  ...ValueSet Luftvejsplan                                                                           (00:00.000 / 01:43.069, 1Gb)
  ...ValueSet Luftvejsplan2026                                                                       (00:00.000 / 01:43.070, 1Gb)
  ...ValueSet LukningHudDHDB                                                                         (00:00.000 / 01:43.070, 1Gb)
  ...ValueSet MComponentTypeDAMYDA                                                                   (00:00.000 / 01:43.071, 1Gb)
  ...ValueSet MComponentTypeLyfo                                                                     (00:00.000 / 01:43.072, 1Gb)
  ...ValueSet MDTIkkeFulgt                                                                           (00:00.000 / 01:43.072, 1Gb)
  ...ValueSet MKategoriDCCG                                                                          (00:00.000 / 01:43.073, 1Gb)
  ...ValueSet MKomponentLaboratoriesvar                                                              (00:00.000 / 01:43.073, 1Gb)
  ...ValueSet MLInstabilitetDKR                                                                      (00:00.000 / 01:43.074, 1Gb)
  ...ValueSet MTICIReperfusionsgrad                                                                  (00:00.000 / 01:43.075, 1Gb)
  ...ValueSet MaaleEnhedHAEMA2                                                                       (00:00.000 / 01:43.075, 1Gb)
  ...ValueSet MaaleEnhedHAEMA3                                                                       (00:00.000 / 01:43.076, 1Gb)
  ...ValueSet MaaleudstyrDKRR                                                                        (00:00.000 / 01:43.076, 1Gb)
  ...ValueSet MaalingCalcium                                                                         (00:00.000 / 01:43.077, 1Gb)
  ...ValueSet Maengder                                                                               (00:00.000 / 01:43.078, 1Gb)
  ...ValueSet ManglendeBehandling                                                                    (00:00.000 / 01:43.078, 1Gb)
  ...ValueSet ManglendeEORTC                                                                         (00:00.000 / 01:43.079, 1Gb)
  ...ValueSet ManglendeVisitation                                                                    (00:00.000 / 01:43.079, 1Gb)
  ...ValueSet MedicalScanningTypes                                                                   (00:00.000 / 01:43.080, 1Gb)
  ...ValueSet MedicalScanningTypes202412                                                             (00:00.000 / 01:43.080, 1Gb)
  ...ValueSet MedicinDANARREST                                                                       (00:00.000 / 01:43.081, 1Gb)
  ...ValueSet MedicinPraeparatDSR                                                                    (00:00.000 / 01:43.082, 1Gb)
  ...ValueSet MedicinVarighedDSR                                                                     (00:00.000 / 01:43.082, 1Gb)
  ...ValueSet MedicinalBehandlingPaabegyndtDHR                                                       (00:00.000 / 01:43.083, 1Gb)
  ...ValueSet MenisklaesionBehandlingDKRR                                                            (00:00.000 / 01:43.083, 1Gb)
  ...ValueSet MenisklaesionMedialLateralDKRR                                                         (00:00.000 / 01:43.084, 1Gb)
  ...ValueSet MenisklaesionTypeDKRR                                                                  (00:00.000 / 01:43.084, 1Gb)
  ...ValueSet MeshFikseringDHDB                                                                      (00:00.000 / 01:43.085, 1Gb)
  ...ValueSet MeshPlaceringDHDB                                                                      (00:00.000 / 01:43.085, 1Gb)
  ...ValueSet MeshTeknikDHDB                                                                         (00:00.000 / 01:43.086, 1Gb)
  ...ValueSet MeshTypeIngvinalhernieDHDB                                                             (00:00.000 / 01:43.086, 1Gb)
  ...ValueSet MeshTypeVentralhernieDHDB                                                              (00:00.000 / 01:43.087, 1Gb)
  ...ValueSet ModifiedRaymondRoyKlassification                                                       (00:00.000 / 01:43.088, 1Gb)
  ...ValueSet MolecularRemission                                                                     (00:00.000 / 01:43.088, 1Gb)
  ...ValueSet MolecurlarBiologyExamination                                                           (00:00.000 / 01:43.089, 1Gb)
  ...ValueSet MorsDiagnoseForskelligtDNSL                                                            (00:00.000 / 01:43.089, 1Gb)
  ...ValueSet MorsDiagnoseInfektionerDNSL                                                            (00:00.000 / 01:43.090, 1Gb)
  ...ValueSet MorsDiagnoseKardialDNSL                                                                (00:00.000 / 01:43.090, 1Gb)
  ...ValueSet MorsDiagnoseLeverDNSL                                                                  (00:00.000 / 01:43.091, 1Gb)
  ...ValueSet MorsDiagnoseSocialtDNSL                                                                (00:00.000 / 01:43.091, 1Gb)
  ...ValueSet MorsDiagnoseUlykkeDNSL                                                                 (00:00.000 / 01:43.092, 1Gb)
  ...ValueSet MorsDiagnoseVaskulaerDNSL                                                              (00:00.000 / 01:43.093, 1Gb)
  ...ValueSet MorsDiagnosegrupper                                                                    (00:00.000 / 01:43.093, 1Gb)
  ...ValueSet MuligVanskeligUmulig                                                                   (00:00.000 / 01:43.094, 1Gb)
  ...ValueSet NIHSS10Dysartri                                                                        (00:00.000 / 01:43.094, 1Gb)
  ...ValueSet NIHSS11EkstinktionInattention                                                          (00:00.000 / 01:43.095, 1Gb)
  ...ValueSet NIHSS1aBevidsthedsniveau                                                               (00:00.000 / 01:43.095, 1Gb)
  ...ValueSet NIHSS1bBevidsthedsniveau                                                               (00:00.000 / 01:43.096, 1Gb)
  ...ValueSet NIHSS1cBevidsthedsniveau                                                               (00:00.000 / 01:43.096, 1Gb)
  ...ValueSet NIHSS2Blik                                                                             (00:00.000 / 01:43.097, 1Gb)
  ...ValueSet NIHSS3Synsfelt                                                                         (00:00.000 / 01:43.098, 1Gb)
  ...ValueSet NIHSS4Facialisparese                                                                   (00:00.000 / 01:43.098, 1Gb)
  ...ValueSet NIHSS5FunktionArm                                                                      (00:00.000 / 01:43.099, 1Gb)
  ...ValueSet NIHSS6FunktionBen                                                                      (00:00.000 / 01:43.099, 1Gb)
  ...ValueSet NIHSS7Ataksi                                                                           (00:00.000 / 01:43.100, 1Gb)
  ...ValueSet NIHSS8Sensibilitet                                                                     (00:00.000 / 01:43.101, 1Gb)
  ...ValueSet NIHSS9Sprog                                                                            (00:00.000 / 01:43.101, 1Gb)
  ...ValueSet NKategoriDCCG                                                                          (00:00.000 / 01:43.102, 1Gb)
  ...ValueSet NYHA                                                                                   (00:00.000 / 01:43.102, 1Gb)
  ...ValueSet NeoadjuverendeBehandling                                                               (00:00.000 / 01:43.103, 1Gb)
  ...ValueSet NerveBlockTypeLower                                                                    (00:00.000 / 01:43.104, 1Gb)
  ...ValueSet NerveBlockTypeOther                                                                    (00:00.000 / 01:43.104, 1Gb)
  ...ValueSet NerveBlockTypeUpper                                                                    (00:00.000 / 01:43.105, 1Gb)
  ...ValueSet ObservationAfdeling                                                                    (00:00.000 / 01:43.105, 1Gb)
  ...ValueSet ObservationPatient                                                                     (00:00.000 / 01:43.106, 1Gb)
  ...ValueSet ObservationsstedAN                                                                     (00:00.000 / 01:43.106, 1Gb)
  ...ValueSet ObservationsstedPO                                                                     (00:00.000 / 01:43.107, 1Gb)
  ...ValueSet OnkologiBehandlingsintention                                                           (00:00.000 / 01:43.108, 1Gb)
  ...ValueSet OnkologibehandlingerAll                                                                (00:00.000 / 01:43.109, 1Gb)
  ...ValueSet OnkologibehandlingerKurativ                                                            (00:00.000 / 01:43.109, 1Gb)
  ...ValueSet OperationDanmarkUdlandetDHR                                                            (00:00.000 / 01:43.110, 1Gb)
  ...ValueSet OperationIkkeGennemfortDCCG                                                            (00:00.000 / 01:43.110, 1Gb)
  ...ValueSet OperationKanalAntalDKRR                                                                (00:00.000 / 01:43.111, 1Gb)
  ...ValueSet OperationKanalFemurPlaceringDKRR                                                       (00:00.000 / 01:43.112, 1Gb)
  ...ValueSet OperationerAktuelDKRR                                                                  (00:00.000 / 01:43.112, 1Gb)
  ...ValueSet OperationerDKRR                                                                        (00:00.000 / 01:43.113, 1Gb)
  ...ValueSet Operationserfaring                                                                     (00:00.000 / 01:43.114, 1Gb)
  ...ValueSet OperationspaaklaedningDHR                                                              (00:00.000 / 01:43.114, 1Gb)
  ...ValueSet OperationssaarInfektionKAR                                                             (00:00.000 / 01:43.115, 1Gb)
  ...ValueSet OperationssaarKomplikationerKAR                                                        (00:00.000 / 01:43.116, 1Gb)
  ...ValueSet Operationsside                                                                         (00:00.000 / 01:43.116, 1Gb)
  ...ValueSet OperationssideHoejreVenstreDobbeltsidig                                                (00:00.000 / 01:43.117, 1Gb)
  ...ValueSet OperationssideKAR                                                                      (00:00.000 / 01:43.118, 1Gb)
  ...ValueSet OperationsstueDKR                                                                      (00:00.000 / 01:43.118, 1Gb)
  ...ValueSet OperationsstueFlowKonventionel                                                         (00:00.000 / 01:43.119, 1Gb)
  ...ValueSet OperationstypeFoersteRecidiv                                                           (00:00.000 / 01:43.120, 1Gb)
  ...ValueSet OperationstypeLYFO                                                                     (00:00.000 / 01:43.120, 1Gb)
  ...ValueSet OperationstypePrimaerRevision                                                          (00:00.000 / 01:43.121, 1Gb)
  ...ValueSet OperationstypePrimaerSekundaer                                                         (00:00.000 / 01:43.122, 1Gb)
  ...ValueSet OperativAdgangDKR                                                                      (00:00.000 / 01:43.122, 1Gb)
  ...ValueSet OperativProcedureKategoriDCCG                                                          (00:00.000 / 01:43.123, 1Gb)
  ...ValueSet OperativProcedureKategoriKolonDCCG                                                     (00:00.000 / 01:43.123, 1Gb)
  ...ValueSet OperativProcedureKategoriRektumDCCG                                                    (00:00.000 / 01:43.124, 1Gb)
  ...ValueSet OperativeAdgangDHR                                                                     (00:00.000 / 01:43.125, 1Gb)
  ...ValueSet OperativtFundIngvinalhernieDHDB                                                        (00:00.000 / 01:43.125, 1Gb)
  ...ValueSet OperativtSigteDCCG                                                                     (00:00.000 / 01:43.126, 1Gb)
  ...ValueSet OpkodeGenitalProlapsDUGA                                                               (00:00.000 / 01:43.126, 1Gb)
  ...ValueSet OpkodeUrinGenitalDUGA                                                                  (00:00.000 / 01:43.127, 1Gb)
  ...ValueSet OpkodeUrinInkontinensDUGA                                                              (00:00.000 / 01:43.128, 1Gb)
  ...ValueSet OsteotomiTypeAlmindeligExtendedDHR                                                     (00:00.000 / 01:43.128, 1Gb)
  ...ValueSet POPQAaApDUGA                                                                           (00:00.000 / 01:43.129, 1Gb)
  ...ValueSet POPQBaDUGA                                                                             (00:00.000 / 01:43.129, 1Gb)
  ...ValueSet POPQBpDUGA                                                                             (00:00.000 / 01:43.130, 1Gb)
  ...ValueSet POPQCDDUGA                                                                             (00:00.000 / 01:43.130, 1Gb)
  ...ValueSet POPQGhDUGA                                                                             (00:00.000 / 01:43.131, 1Gb)
  ...ValueSet POPQKompartmentDUGA                                                                    (00:00.000 / 01:43.132, 1Gb)
  ...ValueSet POPQPbDUGA                                                                             (00:00.000 / 01:43.132, 1Gb)
  ...ValueSet POPQTvlDUGA                                                                            (00:00.000 / 01:43.133, 1Gb)
  ...ValueSet PRDcodes                                                                               (00:00.000 / 01:43.133, 1Gb)
  ...ValueSet PTNMtype                                                                               (00:00.000 / 01:43.134, 1Gb)
  ...ValueSet PaavirkningPaagaaendeRETSPSYK                                                          (00:00.000 / 01:43.135, 1Gb)
  ...ValueSet PaavirkningRETSPSYK                                                                    (00:00.000 / 01:43.135, 1Gb)
  ...ValueSet ParagrafferRETSPSYK                                                                    (00:00.000 / 01:43.136, 1Gb)
  ...ValueSet PatobankSNOMEDCytogenetikMDS                                                           (00:00.000 / 01:43.137, 1Gb)
  ...ValueSet PatobankSNOMEDDMPNDiagnose                                                             (00:00.000 / 01:43.137, 1Gb)
  ...ValueSet PatobankSNOMEDDiagnoserLYFO                                                            (00:00.000 / 01:43.138, 1Gb)
  ...ValueSet PatobankSNOMEDDiagnoserLYFO2026                                                        (00:00.000 / 01:43.139, 1Gb)
  ...ValueSet PatobankSNOMEDLeukemiaDiagnose                                                         (00:00.000 / 01:43.139, 1Gb)
  ...ValueSet PatobankSNOMEDMDSDiagnose                                                              (00:00.000 / 01:43.140, 1Gb)
  ...ValueSet PatobankSNOMEDpTNMpM                                                                   (00:00.000 / 01:43.141, 1Gb)
  ...ValueSet PatobankSNOMEDpTNMpN                                                                   (00:00.000 / 01:43.141, 1Gb)
  ...ValueSet PatobankSNOMEDpTNMpT                                                                   (00:00.000 / 01:43.142, 1Gb)
  ...ValueSet PerforationDUGA                                                                        (00:00.000 / 01:43.143, 1Gb)
  ...ValueSet PerioderMK                                                                             (00:00.000 / 01:43.143, 1Gb)
  ...ValueSet PeritonealdefektLukningDHDB                                                            (00:00.000 / 01:43.144, 1Gb)
  ...ValueSet PeroperativMetastasebehandling                                                         (00:00.000 / 01:43.145, 1Gb)
  ...ValueSet PivotShift                                                                             (00:00.000 / 01:43.145, 1Gb)
  ...ValueSet PlasmaDiagnose                                                                         (00:00.000 / 01:43.146, 1Gb)
  ...ValueSet PlasmaDiagnose202412                                                                   (00:00.000 / 01:43.147, 1Gb)
  ...ValueSet PostoperativeKomplikationerDCCG                                                        (00:00.000 / 01:43.147, 1Gb)
  ...ValueSet PraeoperativMetastaseBehandlingDCCG                                                    (00:00.000 / 01:43.148, 1Gb)
  ...ValueSet PraeoperativPlanlaegningDSR                                                            (00:00.000 / 01:43.149, 1Gb)
  ...ValueSet PraeoperativUdrensningDCCG                                                             (00:00.000 / 01:43.149, 1Gb)
  ...ValueSet PreoperativTemplating                                                                  (00:00.000 / 01:43.150, 1Gb)
  ...ValueSet Priority                                                                               (00:00.000 / 01:43.151, 1Gb)
  ...ValueSet ProcedureIkkeGennemfortDCCG                                                            (00:00.000 / 01:43.151, 1Gb)
  ...ValueSet ProcedureTypeDCCG1                                                                     (00:00.000 / 01:43.152, 1Gb)
  ...ValueSet ProcedureTypeDCCG2                                                                     (00:00.000 / 01:43.153, 1Gb)
  ...ValueSet ProcedureTypeDCCG3                                                                     (00:00.000 / 01:43.153, 1Gb)
  ...ValueSet ProcedureUdfoertDCCG                                                                   (00:00.000 / 01:43.154, 1Gb)
  ...ValueSet ProcedureUdfoertK1DCCG                                                                 (00:00.000 / 01:43.155, 1Gb)
  ...ValueSet ProcedureUdfoertK2DCCG                                                                 (00:00.000 / 01:43.155, 1Gb)
  ...ValueSet ProcedureUdfoertK3DCCG                                                                 (00:00.000 / 01:43.156, 1Gb)
  ...ValueSet ProcedureUdfoertR1DCCG                                                                 (00:00.000 / 01:43.157, 1Gb)
  ...ValueSet ProcedureUdfoertR2DCCG                                                                 (00:00.000 / 01:43.157, 1Gb)
  ...ValueSet ProcedureUdfoertR3DCCG                                                                 (00:00.000 / 01:43.158, 1Gb)
  ...ValueSet ProcedureUdfoertR4DCCG                                                                 (00:00.000 / 01:43.158, 1Gb)
  ...ValueSet ProcedureVarighed15min                                                                 (00:00.000 / 01:43.159, 1Gb)
  ...ValueSet ProcedureVarighed5min                                                                  (00:00.000 / 01:43.159, 1Gb)
  ...ValueSet ProcedurerAndreDKRR                                                                    (00:00.000 / 01:43.160, 1Gb)
  ...ValueSet ProgressionCML                                                                         (00:00.000 / 01:43.160, 1Gb)
  ...ValueSet ProteseDSR                                                                             (00:00.000 / 01:43.161, 1Gb)
  ...ValueSet ProteseFjernelseDHR                                                                    (00:00.000 / 01:43.162, 1Gb)
  ...ValueSet ProtesestatusDHR                                                                       (00:00.000 / 01:43.162, 1Gb)
  ...ValueSet Pupilforhold                                                                           (00:00.000 / 01:43.163, 1Gb)
  ...ValueSet RKlassifikation                                                                        (00:00.000 / 01:43.163, 1Gb)
  ...ValueSet RKlassifikationTilDegc                                                                 (00:00.000 / 01:43.164, 1Gb)
  ...ValueSet Radioimmunoterapi                                                                      (00:00.000 / 01:43.164, 1Gb)
  ...ValueSet RadiologicalBoneChanges                                                                (00:00.000 / 01:43.165, 1Gb)
  ...ValueSet RadiologicalBoneChanges202412                                                          (00:00.000 / 01:43.166, 1Gb)
  ...ValueSet ReferredForTraining                                                                    (00:00.000 / 01:43.166, 1Gb)
  ...ValueSet Regioner                                                                               (00:00.000 / 01:43.167, 1Gb)
  ...ValueSet RegistreringEksklusionHAEMA                                                            (00:00.000 / 01:43.167, 1Gb)
  ...ValueSet ReoperationAarsagDKRR                                                                  (00:00.000 / 01:43.168, 1Gb)
  ...ValueSet ResektionUdfoerelseDCCG                                                                (00:00.000 / 01:43.169, 1Gb)
  ...ValueSet Resektionstype                                                                         (00:00.000 / 01:43.169, 1Gb)
  ...ValueSet ResttumorGradering                                                                     (00:00.000 / 01:43.170, 1Gb)
  ...ValueSet Result                                                                                 (00:00.000 / 01:43.170, 1Gb)
  ...ValueSet ResultTestFISH                                                                         (00:00.000 / 01:43.171, 1Gb)
  ...ValueSet RevisionAarsagDKRR                                                                     (00:00.000 / 01:43.172, 1Gb)
  ...ValueSet RevisionDHR                                                                            (00:00.000 / 01:43.172, 1Gb)
  ...ValueSet RevisionHumerusCavitasDSR                                                              (00:00.000 / 01:43.173, 1Gb)
  ...ValueSet RevisionHumerusKomponentDSR                                                            (00:00.000 / 01:43.173, 1Gb)
  ...ValueSet RevisionIndikationAseptiskDSR                                                          (00:00.000 / 01:43.174, 1Gb)
  ...ValueSet RevisionIndikationDHR                                                                  (00:00.000 / 01:43.174, 1Gb)
  ...ValueSet RevisionIndikationDKR                                                                  (00:00.000 / 01:43.175, 1Gb)
  ...ValueSet RevisionIndikationDSR                                                                  (00:00.000 / 01:43.176, 1Gb)
  ...ValueSet RevisionStatusDKR                                                                      (00:00.000 / 01:43.176, 1Gb)
  ...ValueSet RevisionUdskiftningDHR                                                                 (00:00.000 / 01:43.177, 1Gb)
  ...ValueSet RevisionstypeDSR                                                                       (00:00.000 / 01:43.177, 1Gb)
  ...ValueSet RisikofaktorerDMPN                                                                     (00:00.000 / 01:43.178, 1Gb)
  ...ValueSet RisikovurderingRETSPSYK                                                                (00:00.000 / 01:43.178, 1Gb)
  ...ValueSet RobotDHDB                                                                              (00:00.000 / 01:43.179, 1Gb)
  ...ValueSet RobotDKR                                                                               (00:00.000 / 01:43.180, 1Gb)
  ...ValueSet Ryger8uger                                                                             (00:00.000 / 01:43.180, 1Gb)
  ...ValueSet Rygning                                                                                (00:00.000 / 01:43.181, 1Gb)
  ...ValueSet RygningDCCG                                                                            (00:00.000 / 01:43.181, 1Gb)
  ...ValueSet Rytme1Obs                                                                              (00:00.000 / 01:43.182, 1Gb)
  ...ValueSet RytmeAnalyseMetode                                                                     (00:00.000 / 01:43.182, 1Gb)
  ...ValueSet RytmeDefibrilleringMetode                                                              (00:00.000 / 01:43.183, 1Gb)
  ...ValueSet SKSApopleksiDiagnoser                                                                  (00:00.000 / 01:43.184, 1Gb)
  ...ValueSet SKSExtraModularDisease                                                                 (00:00.000 / 01:43.184, 1Gb)
  ...ValueSet SKSOperationerKAR                                                                      (00:00.000 / 01:43.185, 1Gb)
  ...ValueSet SKSSymptomatiskAsymptomatisk                                                           (00:00.000 / 01:43.185, 1Gb)
  ...ValueSet SKSUdskrivningsdiagnoserTrombolyse                                                     (00:00.000 / 01:43.186, 1Gb)
  ...ValueSet SKSVentrikelEsophagus                                                                  (00:00.000 / 01:43.186, 1Gb)
  ...ValueSet SKScTNMcM                                                                              (00:00.000 / 01:43.187, 1Gb)
  ...ValueSet SKScTNMcN                                                                              (00:00.000 / 01:43.188, 1Gb)
  ...ValueSet SKScTNMcT                                                                              (00:00.000 / 01:43.188, 1Gb)
  ...ValueSet SKShjertesvigtDHD                                                                      (00:00.000 / 01:43.189, 1Gb)
  ...ValueSet SORAfdelingerDNSL                                                                      (00:00.000 / 01:43.189, 1Gb)
  ...ValueSet SORAfdelingerHaema                                                                     (00:00.000 / 01:43.190, 1Gb)
  ...ValueSet SORAfdelingerUHDNSL                                                                    (00:00.000 / 01:43.190, 1Gb)
  ...ValueSet SORNeurokirurgiskeAfdelingerDAP                                                        (00:00.000 / 01:43.191, 1Gb)
  ...ValueSet SORNeurologiskeAfdelingerDAP                                                           (00:00.000 / 01:43.192, 1Gb)
  ...ValueSet SOROverflytningRETSPSYK                                                                (00:00.000 / 01:43.192, 1Gb)
  ...ValueSet SOROverflytningRETSPSYKHS                                                              (00:00.000 / 01:43.193, 1Gb)
  ...ValueSet SOROverflytningRETSPSYKMJ                                                              (00:00.000 / 01:43.193, 1Gb)
  ...ValueSet SOROverflytningRETSPSYKNJ                                                              (00:00.000 / 01:43.194, 1Gb)
  ...ValueSet SOROverflytningRETSPSYKSD                                                              (00:00.000 / 01:43.194, 1Gb)
  ...ValueSet SOROverflytningRETSPSYKSJ                                                              (00:00.000 / 01:43.195, 1Gb)
  ...ValueSet SORTrombolyseenhedDAP                                                                  (00:00.000 / 01:43.195, 1Gb)
  ...ValueSet SORafdSkema3Duga                                                                       (00:00.000 / 01:43.196, 1Gb)
  ...ValueSet SSSArmloeft                                                                            (00:00.000 / 01:43.197, 1Gb)
  ...ValueSet SSSBenloeft                                                                            (00:00.000 / 01:43.197, 1Gb)
  ...ValueSet SSSBevidsthed                                                                          (00:00.000 / 01:43.198, 1Gb)
  ...ValueSet SSSFacialisparese                                                                      (00:00.000 / 01:43.198, 1Gb)
  ...ValueSet SSSGang                                                                                (00:00.000 / 01:43.199, 1Gb)
  ...ValueSet SSSHaandtryk                                                                           (00:00.000 / 01:43.199, 1Gb)
  ...ValueSet SSSOejenmotorik                                                                        (00:00.000 / 01:43.200, 1Gb)
  ...ValueSet SSSOrientering                                                                         (00:00.000 / 01:43.201, 1Gb)
  ...ValueSet SSSTale                                                                                (00:00.000 / 01:43.201, 1Gb)
  ...ValueSet ScanningstyperCTMR                                                                     (00:00.000 / 01:43.202, 1Gb)
  ...ValueSet ScoreCentralBlock                                                                      (00:00.000 / 01:43.202, 1Gb)
  ...ValueSet ScoreTyperHOFTER                                                                       (00:00.000 / 01:43.203, 1Gb)
  ...ValueSet Skala                                                                                  (00:00.000 / 01:43.203, 1Gb)
  ...ValueSet Skematype                                                                              (00:00.000 / 01:43.204, 1Gb)
  ...ValueSet SlyngeDUGA                                                                             (00:00.000 / 01:43.205, 1Gb)
  ...ValueSet SmerteKvalme                                                                           (00:00.000 / 01:43.205, 1Gb)
  ...ValueSet Splenomegali                                                                           (00:00.000 / 01:43.206, 1Gb)
  ...ValueSet Status                                                                                 (00:00.000 / 01:43.206, 1Gb)
  ...ValueSet StemkarakteristikDSR                                                                   (00:00.000 / 01:43.207, 1Gb)
  ...ValueSet StemlaengdeDSR                                                                         (00:00.000 / 01:43.208, 1Gb)
  ...ValueSet StomiTypeDHDB                                                                          (00:00.000 / 01:43.208, 1Gb)
  ...ValueSet StopTeam                                                                               (00:00.000 / 01:43.209, 1Gb)
  ...ValueSet StraalebehandlingMaal                                                                  (00:00.000 / 01:43.209, 1Gb)
  ...ValueSet StraalebehandlingTAAll                                                                 (00:00.000 / 01:43.210, 1Gb)
  ...ValueSet StraaleterapiLYFO                                                                      (00:00.000 / 01:43.210, 1Gb)
  ...ValueSet StraffelovsparagrafRETSPSYK                                                            (00:00.000 / 01:43.211, 1Gb)
  ...ValueSet SubscapularisDSR                                                                       (00:00.000 / 01:43.212, 1Gb)
  ...ValueSet SupplerendeIndgrebDSR                                                                  (00:00.000 / 01:43.212, 1Gb)
  ...ValueSet SuspensionDUGA                                                                         (00:00.000 / 01:43.213, 1Gb)
  ...ValueSet SuturHurtigResorberbarMonoDHDB                                                         (00:00.000 / 01:43.213, 1Gb)
  ...ValueSet SuturHurtigResorberbarMultiDHDB                                                        (00:00.000 / 01:43.214, 1Gb)
  ...ValueSet SuturLangsomResorberbarMonoDHDB                                                        (00:00.000 / 01:43.214, 1Gb)
  ...ValueSet SuturMaterialeVentralhernieDHDB                                                        (00:00.000 / 01:43.215, 1Gb)
  ...ValueSet SuturMonofilamentTypeVentralhernieDHDB                                                 (00:00.000 / 01:43.215, 1Gb)
  ...ValueSet SuturNonResorberbarMonoDHDB                                                            (00:00.000 / 01:43.216, 1Gb)
  ...ValueSet SuturNonResorberbarMultiDHDB                                                           (00:00.000 / 01:43.217, 1Gb)
  ...ValueSet SuturTypeDHDB                                                                          (00:00.000 / 01:43.217, 1Gb)
  ...ValueSet SuturTypeVentralhernieDHDB                                                             (00:00.000 / 01:43.218, 1Gb)
  ...ValueSet SygdomMedicinskBehandletDHDB                                                           (00:00.000 / 01:43.218, 1Gb)
  ...ValueSet Sygdomsfase                                                                            (00:00.000 / 01:43.219, 1Gb)
  ...ValueSet SygdomsomraaderAlle                                                                    (00:00.000 / 01:43.219, 1Gb)
  ...ValueSet SygdomsomraaderDOF                                                                     (00:00.000 / 01:43.220, 1Gb)
  ...ValueSet SygdomsomraaderHaema                                                                   (00:00.000 / 01:43.220, 1Gb)
  ...ValueSet SymptomerMikrovaskulaer                                                                (00:00.000 / 01:43.221, 1Gb)
  ...ValueSet TKategoriDCCG                                                                          (00:00.000 / 01:43.222, 1Gb)
  ...ValueSet TackernavnAbsorberbarDHDB                                                              (00:00.000 / 01:43.222, 1Gb)
  ...ValueSet TackernavnNonAbsorberbarDHDB                                                           (00:00.000 / 01:43.223, 1Gb)
  ...ValueSet TackertypeDHDB                                                                         (00:00.000 / 01:43.223, 1Gb)
  ...ValueSet TidligereIndgrebDSR                                                                    (00:00.000 / 01:43.224, 1Gb)
  ...ValueSet TidligereOperationDKR                                                                  (00:00.000 / 01:43.224, 1Gb)
  ...ValueSet TidligereOperationHofte                                                                (00:00.000 / 01:43.225, 1Gb)
  ...ValueSet TilsynAfdeling                                                                         (00:00.000 / 01:43.225, 1Gb)
  ...ValueSet Transplantation                                                                        (00:00.000 / 01:43.226, 1Gb)
  ...ValueSet Transplantation1                                                                       (00:00.000 / 01:43.227, 1Gb)
  ...ValueSet TransplantationCageAugmentDHR                                                          (00:00.000 / 01:43.227, 1Gb)
  ...ValueSet TransplantationTypeDHR                                                                 (00:00.000 / 01:43.228, 1Gb)
  ...ValueSet TransplantationcenterALG                                                               (00:00.000 / 01:43.228, 1Gb)
  ...ValueSet TransplantationstypeCML                                                                (00:00.000 / 01:43.229, 1Gb)
  ...ValueSet TreatmentCrossSection                                                                  (00:00.000 / 01:43.229, 1Gb)
  ...ValueSet TreatmentIndicationCLL                                                                 (00:00.000 / 01:43.230, 1Gb)
  ...ValueSet TreatmentMethodMRD                                                                     (00:00.000 / 01:43.230, 1Gb)
  ...ValueSet TreatmentPreservation                                                                  (00:00.000 / 01:43.231, 1Gb)
  ...ValueSet TreatmentRegimen-2025                                                                  (00:00.000 / 01:43.232, 1Gb)
  ...ValueSet TreatmentRegimen                                                                       (00:00.000 / 01:43.232, 1Gb)
  ...ValueSet TreatmentResponseALD                                                                   (00:00.000 / 01:43.233, 1Gb)
  ...ValueSet TreatmentResponseDAMYDA                                                                (00:00.000 / 01:43.233, 1Gb)
  ...ValueSet TreatmentResponseEvaluationCLL                                                         (00:00.000 / 01:43.234, 1Gb)
  ...ValueSet TreatmentResponseEvaluationLYFO                                                        (00:00.000 / 01:43.234, 1Gb)
  ...ValueSet TreatmentScheduledALD                                                                  (00:00.000 / 01:43.235, 1Gb)
  ...ValueSet TreatmentScheduledDAMYDA                                                               (00:00.000 / 01:43.236, 1Gb)
  ...ValueSet TreatmentTypeOncology                                                                  (00:00.000 / 01:43.236, 1Gb)
  ...ValueSet TrombektomiPerfusion                                                                   (00:00.000 / 01:43.237, 1Gb)
  ...ValueSet Trombolysepraeparater                                                                  (00:00.000 / 01:43.237, 1Gb)
  ...ValueSet TrombolyseprofylakseDHR                                                                (00:00.000 / 01:43.238, 1Gb)
  ...ValueSet TumorLokalisationDCCG                                                                  (00:00.000 / 01:43.239, 1Gb)
  ...ValueSet TumorklassifikationBehandlingDEGC                                                      (00:00.000 / 01:43.239, 1Gb)
  ...ValueSet TumorklassifikationDEGC                                                                (00:00.000 / 01:43.240, 1Gb)
  ...ValueSet TumorklassifikationDiagnoseDEGC                                                        (00:00.000 / 01:43.241, 1Gb)
  ...ValueSet TypeLokalresektionDCCG                                                                 (00:00.000 / 01:43.241, 1Gb)
  ...ValueSet TypeLokalresektionKolonDCCG                                                            (00:00.000 / 01:43.242, 1Gb)
  ...ValueSet TypeLokalresektionRektumDCCG                                                           (00:00.000 / 01:43.242, 1Gb)
  ...ValueSet UMComponentTypeDAMYDA                                                                  (00:00.000 / 01:43.243, 1Gb)
  ...ValueSet UdfoerendeLAB                                                                          (00:00.000 / 01:43.244, 1Gb)
  ...ValueSet UdredningDANDEM                                                                        (00:00.000 / 01:43.244, 1Gb)
  ...ValueSet UdredningDANDEM2025                                                                    (00:00.000 / 01:43.245, 1Gb)
  ...ValueSet UdredningKliniskGenetisk                                                               (00:00.000 / 01:43.245, 1Gb)
  ...ValueSet UdskrevetTil                                                                           (00:00.000 / 01:43.246, 1Gb)
  ...ValueSet UndersoegelsesTypeDUGA                                                                 (00:00.000 / 01:43.246, 1Gb)
  ...ValueSet UndersoendeLAB                                                                         (00:00.000 / 01:43.247, 1Gb)
  ...ValueSet Undervisning                                                                           (00:00.000 / 01:43.247, 1Gb)
  ...ValueSet Uoplyst                                                                                (00:00.000 / 01:43.248, 1Gb)
  ...ValueSet UrniLaekDUGA                                                                           (00:00.000 / 01:43.248, 1Gb)
  ...ValueSet Uspecificeret                                                                          (00:00.000 / 01:43.249, 1Gb)
  ...ValueSet VancouverKlassifikationDHR                                                             (00:00.000 / 01:43.250, 1Gb)
  ...ValueSet VancouverKlassifikationPeroperativDHR                                                  (00:00.000 / 01:43.250, 1Gb)
  ...ValueSet VarigRespons                                                                           (00:00.000 / 01:43.251, 1Gb)
  ...ValueSet VarighedDKR                                                                            (00:00.000 / 01:43.252, 1Gb)
  ...ValueSet VarighedPostOPTrombDKR                                                                 (00:00.000 / 01:43.253, 1Gb)
  ...ValueSet VarighedPostOPTrombDKR1                                                                (00:00.000 / 01:43.253, 1Gb)
  ...ValueSet VarighedPostOPTrombDKR2                                                                (00:00.000 / 01:43.254, 1Gb)
  ...ValueSet VarighedPostOPTrombDKR3                                                                (00:00.000 / 01:43.255, 1Gb)
  ...ValueSet VarighedPostOPTrombDKRNOAK                                                             (00:00.000 / 01:43.255, 1Gb)
  ...ValueSet VarighedPostOPTrombDKRVitKanta                                                         (00:00.000 / 01:43.256, 1Gb)
  ...ValueSet VasospasmerPaavisning                                                                  (00:00.000 / 01:43.257, 1Gb)
  ...ValueSet VasospasmerTiltag                                                                      (00:00.000 / 01:43.257, 1Gb)
  ...ValueSet VentralHernieCicatriceTypeDHDB                                                         (00:00.000 / 01:43.258, 1Gb)
  ...ValueSet VentralHernieTypeDHDB                                                                  (00:00.000 / 01:43.259, 1Gb)
  ...ValueSet VentralHernieTypeDHDB2026                                                              (00:00.000 / 01:43.259, 1Gb)
  ...ValueSet WFNSGradering                                                                          (00:00.000 / 01:43.260, 1Gb)
  ...ValueSet WHOPerformanceStatus04                                                                 (00:00.000 / 01:43.261, 1Gb)
  ...ValueSet WOOSArmloeftDSR                                                                        (00:00.000 / 01:43.261, 1Gb)
  ...ValueSet WOOSHaenderDSR                                                                         (00:00.000 / 01:43.262, 1Gb)
  ...ValueSet WOOSTraeningDSR                                                                        (00:00.000 / 01:43.263, 1Gb)
  ...ValueSet WalchKlassifikationDSR                                                                 (00:00.000 / 01:43.263, 1Gb)
  ...ValueSet locationExtranodalFemale-V2                                                            (00:00.000 / 01:43.264, 1Gb)
  ...ValueSet locationExtranodalMale-V2                                                              (00:00.000 / 01:43.265, 1Gb)
  ...ValueSet locationNodal-V2                                                                       (00:00.000 / 01:43.265, 1Gb)
finish previous version comparison                                                                   (00:00.000 / 01:43.266, 1Gb)
finish ipa version                                                                                   (00:00.000 / 01:43.267, 1Gb)
finish ips version                                                                                   (00:00.000 / 01:43.267, 1Gb)
comparisons done                                                                                     (00:00.000 / 01:43.268, 1Gb)
Checking for Bundles to sign                                                                         (00:00.025 / 01:43.294, 1Gb)
Validating Resources                                                                                 (00:00.000 / 01:43.294, 1Gb)
Processing Provenance Records                                                                        (00:00.153 / 01:43.448, 1Gb)
Generating Outputs in /tmp/ig-builds/dk.kip.rkkp.fhir.ig.core#2.23.2/output                          (00:00.001 / 01:43.450, 1Gb)
Generate Native Outputs                                                                              (00:00.355 / 01:43.805, 1Gb)
Run Template                                                                                         (00:23.417 / 02:07.222, 1Gb)
Generate HTML Outputs                                                                                (00:02.289 / 02:09.512, 1Gb)
Generate Spreadsheets                                                                                (00:14.440 / 02:23.953, 950Mb)
Generate Summaries                                                                                   (00:00.748 / 02:24.701, 1Gb)
Generating Summary Outputs                                                                           (00:00.000 / 02:24.702, 1Gb)
Table of contents has a section with more than 222 entries.  Collapsing will not work reliably
DB Cumulative Time invested: 00:00:01.453
Sending Usage Stats to Server                                                                        (00:03.489 / 02:28.192, 1Gb)
## Memory (MB): Use = 1476, Free = 805, Total = 2282, Max = 3998                                     (00:00.002 / 02:28.195, 1Gb)
Reclaiming memory...                                                                                 (00:00.000 / 02:28.196, 1Gb)
Generating combined package                                                                          (00:00.231 / 02:28.427, 1Gb)
Error generating combined package: /tmp/ig-builds/dk.kip.rkkp.fhir.ig.core#2.23.2/output/package.tgz (No such file or directory) (00:00.003 / 02:28.431, 1Gb)
## Memory (MB): Use = 756, Free = 1525, Total = 2282, Max = 3998                                     (00:00.437 / 02:28.869, 757Mb)
Run jekyll: jekyll build --destination "/tmp/ig-builds/dk.kip.rkkp.fhir.ig.core#2.23.2/output" (in folder /tmp/ig-builds/dk.kip.rkkp.fhir.ig.core#2.23.2/temp/pages) (00:00.002 / 02:28.871, 757Mb)
Troubleshooting Note: usual cases for Jekyll to fail are:                                            (00:00.001 / 02:28.873, 757Mb)
* A failure to produce a fragment that is already logged in the output above                         (00:00.001 / 02:28.874, 757Mb)
* A reference to a manually edited file that hasn't been provided                                    (00:00.001 / 02:28.875, 757Mb)
Jekyll: Source: /tmp/ig-builds/dk.kip.rkkp.fhir.ig.core#2.23.2/temp/pages                            (00:00.434 / 02:29.309, 759Mb)
Jekyll: Generating...                                                                                (00:00.001 / 02:29.310, 759Mb)
Jekyll: done in 16.993 seconds.                                                                      (00:16.991 / 02:46.302, 760Mb)
[39m
[0;39m[39mInstalling dk.kip.rkkp.fhir.ig.core#2.23.2
[0;39m[39m done.
[0;39m[39m loaded @ /root/.fhir/packages/dk.kip.rkkp.fhir.ig.core#2.23.2
[0;39mChecking Output HTML                                                                                 (00:04.461 / 02:50.764, 968Mb)
Processed /tmp/ig-builds/dk.kip.rkkp.fhir.ig.core#2.23.2/output - % reduction = 98 (148351195 ==> 4246843)
found 11830 files                                                                                    (00:04.024 / 02:54.788, 1Gb)
........................................
........................................
  ... 11830 html files, 0 pages invalid xhtml (0%)                                                   (00:34.302 / 03:29.091, 1Gb)
  ... 461375 links, 11 broken links (0%)                                                             (00:00.001 / 03:29.092, 1Gb)
Generate fragment-usage-analysis.csv                                                                 (00:00.001 / 03:29.094, 1Gb)
Build final .zip                                                                                     (00:00.012 / 03:29.106, 1Gb)
Final .zip built                                                                                     (00:06.477 / 03:35.584, 999Mb)
Built. Times: loading: 00:17.971, generate: 02:33.748, narrative generation: 00:01.964, realm-rules: 00:00.001, previous-version: 00:00.615, jekyll: 00:17.490, validation: 00:20.521 (#1022), template: 00:02.298 (#3) (00:18.107 / 03:53.691, 1Gb)
Generating QA                                                                                        (00:00.001 / 03:53.693, 1Gb)
Validation output in /tmp/ig-builds/dk.kip.rkkp.fhir.ig.core#2.23.2/output/qa.html
Errors: 27, Warnings: 1512, Info: 3523, Broken Links: 11 (00:02.093 / 03:55.786, 1013Mb)
Finished @ 7/3/26, 9:31 AM. Max Memory Used = 1Gb. Log file saved in /tmp/fhir-ig-publisher-tmp.log  (00:00.075 / 03:55.861, 1Gb)
Prepare Build space in /tmp/ig-builds/dk.kip.rkkp.fhir.ig.core#2.23.2-milestone
Build IG at /__w/implementation-guide/implementation-guide/ig: final copy suitable for publication (in /tmp/ig-builds/dk.kip.rkkp.fhir.ig.core#2.23.2-milestone) (milestone build)
FHIR IG Publisher Version 2.2.10 (Git# 37a39a2cca2d). Built 2026-06-25T21:40:25.53Z (7 days old)    
Detected Java version: 25.0.3 from /opt/java/openjdk on Linux/amd64 (64bit). 3998MB available       
dir = /__w/implementation-guide/implementation-guide, path = /opt/java/openjdk/bin:/usr/local/sbin:/usr/local/bin:/usr/sbin:/usr/bin:/sbin:/bin
Parameters: -publish https://kip.rkkp.dk/fhir/2.23.2 -no-exit -ig /tmp/ig-builds/dk.kip.rkkp.fhir.ig.core#2.23.2-milestone -milestone
Character encoding = UTF-8 / UTF-8                                                                  
Start Clock @ Friday, July 3, 2026, 9:32:11 AM Coordinated Universal Time (2026-07-03T09:32:11Z)    
                                                                                                    
Build FHIR IG from /tmp/ig-builds/dk.kip.rkkp.fhir.ig.core#2.23.2-milestone                          (00:00.002 / 00:00.002, 1Gb)
Build Formal Publication package, intended for https://kip.rkkp.dk/fhir/2.23.2                       (00:00.000 / 00:00.003, 1Gb)
API keys loaded from /root/.fhir/fhir-settings.json                                                  (00:00.000 / 00:00.004, 1Gb)
Package Cache: /root/.fhir/packages                                                                  (00:00.000 / 00:00.004, 1Gb)
Run Sushi on /tmp/ig-builds/dk.kip.rkkp.fhir.ig.core#2.23.2-milestone                                (00:00.001 / 00:00.006, 1Gb)
Sushi: info  Running SUSHI v3.20.0 (implements FHIR Shorthand specification v3.0.0)                  (00:00.425 / 00:00.431, 1Gb)
Sushi: info  Arguments:                                                                              (00:00.001 / 00:00.432, 1Gb)
Sushi: info    --require-latest                                                                      (00:00.001 / 00:00.434, 1Gb)
Sushi: info    --out /tmp/ig-builds/dk.kip.rkkp.fhir.ig.core#2.23.2-milestone                        (00:00.000 / 00:00.434, 1Gb)
Sushi: info    /tmp/ig-builds/dk.kip.rkkp.fhir.ig.core#2.23.2-milestone                              (00:00.001 / 00:00.436, 1Gb)
Sushi: info  Using configuration file: /tmp/ig-builds/dk.kip.rkkp.fhir.ig.core#2.23.2-milestone/sushi-config.yaml (00:00.362 / 00:00.798, 1Gb)
Sushi: info  Importing FSH text...                                                                   (00:00.088 / 00:00.887, 1Gb)
Sushi: info  Preprocessed 1022 documents with 11 aliases.                                            (00:01.564 / 00:02.451, 1Gb)
Sushi: info  Imported 1004 definitions and 17 instances.                                             (00:00.185 / 00:02.637, 1Gb)
Sushi: info  Loaded virtual package sushi-r5forR4#1.0.0 with 7 resources                             (00:00.282 / 00:02.919, 1Gb)
Sushi: info  Resolved hl7.fhir.uv.tools.r4#latest to concrete version 1.1.2                          (00:00.791 / 00:03.711, 1Gb)
Sushi: info  Loaded hl7.fhir.uv.tools.r4#1.1.2 with 119 resources                                    (00:00.049 / 00:03.760, 1Gb)
Sushi: info  Resolved hl7.terminology.r4#latest to concrete version 7.2.0                            (00:00.168 / 00:03.929, 1Gb)
Sushi: info  Loaded hl7.terminology.r4#7.2.0 with 4165 resources                                     (00:00.990 / 00:04.920, 1Gb)
Sushi: info  Loaded hl7.fhir.dk.core#2.0.0 with 36 resources                                         (00:00.010 / 00:04.930, 1Gb)
Sushi: info  Loaded hl7.fhir.r4.core#4.0.1 with 4581 resources                                       (00:00.956 / 00:05.886, 1Gb)
Sushi: info  Resolved hl7.fhir.uv.extensions.r4#latest to concrete version 5.3.0                     (00:00.183 / 00:06.070, 1Gb)
Sushi: info  Loaded hl7.fhir.uv.extensions.r4#5.3.0 with 885 resources                               (00:00.208 / 00:06.279, 1Gb)
Sushi: info  Loaded virtual package sushi-local#LOCAL with 0 resources                               (00:00.009 / 00:06.288, 1Gb)
Sushi: info  Converting FSH to FHIR resources...                                                     (00:00.016 / 00:06.304, 1Gb)
Sushi: info  Converted 12 FHIR StructureDefinitions.                                                 (00:00.543 / 00:06.848, 1Gb)
Sushi: info  Converted 266 FHIR CodeSystems.                                                         (00:21.641 / 00:28.490, 1Gb)
Sushi: info  Converted 726 FHIR ValueSets.                                                           (00:16.805 / 00:45.295, 1Gb)
Sushi: info  Converted 17 FHIR instances.                                                            (00:00.313 / 00:45.609, 1Gb)
Sushi: info  Exporting FHIR resources as JSON...                                                     (00:00.000 / 00:45.610, 1Gb)
Sushi: info  Exported 1021 FHIR resources as JSON.                                                   (00:00.134 / 00:45.745, 1Gb)
Sushi: info  Assembling Implementation Guide sources...                                              (00:00.016 / 00:45.761, 1Gb)
Sushi: info  Generated ImplementationGuide-dk.kip.rkkp.fhir.ig.core.json                             (00:00.030 / 00:45.791, 1Gb)
Sushi: info  Assembled Implementation Guide sources; ready for IG Publisher.                         (00:00.000 / 00:45.792, 1Gb)
Sushi: info  The _build script hosted at https://github.com/HL7/ig-publisher-scripts is useful for downloading and running the IG Publisher. (00:00.001 / 00:45.793, 1Gb)
Sushi: ========================= SUSHI RESULTS ===========================                           (00:00.001 / 00:45.794, 1Gb)
Sushi: |  -------------------------------------------------------------  |                           (00:00.001 / 00:45.795, 1Gb)
Sushi: | |    Profiles   |  Extensions  |   Logicals   |   Resources   | |                           (00:00.001 / 00:45.796, 1Gb)
Sushi: | |-------------------------------------------------------------| |                           (00:00.001 / 00:45.797, 1Gb)
Sushi: | |       0       |      12      |      0       |       0       | |                           (00:00.001 / 00:45.798, 1Gb)
Sushi: |  -------------------------------------------------------------  |                           (00:00.001 / 00:45.799, 1Gb)
Sushi: |  -------------------------------------------------------------  |                           (00:00.001 / 00:45.800, 1Gb)
Sushi: | |      ValueSets     |    CodeSystems    |     Instances      | |                           (00:00.000 / 00:45.801, 1Gb)
Sushi: | |-------------------------------------------------------------| |                           (00:00.001 / 00:45.802, 1Gb)
Sushi: | |        726         |        266        |         17         | |                           (00:00.001 / 00:45.803, 1Gb)
Sushi: |  -------------------------------------------------------------  |                           (00:00.001 / 00:45.804, 1Gb)
Sushi: |                                                                 |                           (00:00.000 / 00:45.805, 1Gb)
Sushi: ===================================================================                           (00:00.001 / 00:45.806, 1Gb)
Sushi: | You're sailing along smoothly.         0 Errors      0 Warnings |                           (00:00.001 / 00:45.807, 1Gb)
Sushi: ===================================================================                           (00:00.001 / 00:45.808, 1Gb)
Root directory: /tmp/ig-builds/dk.kip.rkkp.fhir.ig.core#2.23.2-milestone                             (00:00.035 / 00:45.843, 1Gb)
Unable to load IG as an r5 IG - try R4 (property code is a class com.google.gson.JsonPrimitive looking for an object) (00:00.036 / 00:45.880, 1Gb)
Load Template from fhir.base.template#current                                                        (00:00.100 / 00:45.981, 1Gb)
[33mThis content depends on fhir.base.template which is no longer considered secure to use
[0;39m[33mSee Security notification at https://www.fhir.org/guides/security-notices/2026-03-npm-dependencies.html
[0;39mScanning directory: /tmp/ig-builds/dk.kip.rkkp.fhir.ig.core#2.23.2-milestone/template
======================================================================
Terminology Cache is at /tmp/ig-builds/dk.kip.rkkp.fhir.ig.core#2.23.2-milestone/input-cache/txcache. 4 files in cache (00:04.676 / 00:50.657, 1Gb)
Core Package hl7.fhir.r4.core#4.0.1                                                                  (00:00.000 / 00:50.658, 1Gb)
Running Terminology Log: /tmp/ohfu-fhir-ig-7991534514394574536.html
Connect to Terminology Server at http://tx.fhir.org                                                  (00:02.373 / 00:53.031, 1Gb)
Unable to start a terminology cache on https://tx.fhir.org/r4 via $cache-control (Error from https://tx.fhir.org/r4: Error: $cache-control requires a 'mode' of 'start' or 'end' (got 'START_CACHE')); caching disabled for this server (00:00.768 / 00:53.800, 1Gb)
[39mLoad Package hl7.fhir.pubpack#0.2.5
[0;39m[39mLoad Package hl7.fhir.xver-extensions#0.1.0
[0;39m[39mLoad Package hl7.terminology.r4#7.2.0
[0;39m[39mLoad Package hl7.fhir.uv.extensions.r4#5.3.0
[0;39m[39mLoad Package hl7.terminology.r4#3.1.0
[0;39m[39mLoad Package hl7.fhir.dk.core#2.0.0
[0;39m[39mLoad Package hl7.fhir.uv.tools.r4#1.1.2
[0;39mLoad R5 Specials
Initialization complete                                                                              (00:03.586 / 00:57.386, 1Gb)
Load IG                                                                                              (00:00.000 / 00:57.387, 1Gb)
Load Content                                                                                         (00:00.003 / 00:57.391, 1Gb)
Using en-US as the default narrative language. (no language information in Implementation Guide)     (00:00.086 / 00:57.477, 1Gb)
Process Loaded Resources                                                                             (00:01.299 / 00:58.777, 1Gb)
Generating Snapshots                                                                                 (00:01.041 / 00:59.818, 1Gb)

Signing Certificate: RSA key for Subject: OU=IG Publisher, L=Ann Arbor, CN=hl7.org, O=HL7, ST=Missouri, C=us from: OU=IG Publisher, L=Ann Arbor, CN=hl7.org, O=HL7, ST=Missouri, C=us
Fetch https://kip.rkkp.dk/fhir/package-list.json for version check                                   (00:00.077 / 00:59.896, 1Gb)
Checking Language                                                                                    (00:15.247 / 01:15.143, 1Gb)
Load Dependency Info                                                                                 (00:00.009 / 01:15.153, 1Gb)
Load Info                                                                                            (00:00.003 / 01:15.156, 1Gb)
Load Paths                                                                                           (00:00.002 / 01:15.159, 1Gb)
Check R4 / R4B                                                                                       (00:00.001 / 01:15.161, 1Gb)
Assign Comparison Ids                                                                                (00:00.182 / 01:15.343, 1Gb)
Propagating status                                                                                   (00:00.001 / 01:15.345, 1Gb)
Generating Narratives                                                                                (00:00.000 / 01:15.346, 1Gb)
Validating Conformance Resources                                                                     (00:01.373 / 01:16.719, 1Gb)
Check profiles & code systems                                                                        (00:21.001 / 01:37.720, 942Mb)
Check realm rules                                                                                    (00:00.004 / 01:37.725, 943Mb)
Previous Version Comparison                                                                          (00:00.001 / 01:37.726, 943Mb)
.. loaded. Process                                                                                   (00:00.000 / 01:37.727, 943Mb)
  ...ImplementationGuide dk.kip.rkkp.fhir.ig.core                                                    (00:00.000 / 01:37.728, 943Mb)
  ...CodeSystem ACTherapyNotGiven                                                                    (00:00.000 / 01:37.729, 943Mb)
  ...CodeSystem AKBehandling                                                                         (00:00.000 / 01:37.729, 943Mb)
  ...CodeSystem ASAClassification                                                                    (00:00.000 / 01:37.730, 943Mb)
  ...CodeSystem ATC                                                                                  (00:00.000 / 01:37.731, 943Mb)
  ...CodeSystem ATCMixedCodes                                                                        (00:00.000 / 01:37.732, 943Mb)
  ...CodeSystem ActilyseNotGiven                                                                     (00:00.000 / 01:37.732, 943Mb)
  ...CodeSystem ActivityType                                                                         (00:00.000 / 01:37.733, 943Mb)
  ...CodeSystem AktuelSygdomsforlob                                                                  (00:00.000 / 01:37.734, 943Mb)
  ...CodeSystem Alchohol                                                                             (00:00.000 / 01:37.734, 943Mb)
  ...CodeSystem AlchoholDrugs                                                                        (00:00.000 / 01:37.735, 943Mb)
  ...CodeSystem AlloplastyTypes                                                                      (00:00.000 / 01:37.736, 943Mb)
  ...CodeSystem AnasthesiaService                                                                    (00:00.000 / 01:37.736, 943Mb)
  ...CodeSystem AnasthesiaTypeGen                                                                    (00:00.000 / 01:37.737, 943Mb)
  ...CodeSystem AnastomosisLeak                                                                      (00:00.000 / 01:37.738, 943Mb)
  ...CodeSystem AnastomosisLeakConsequence                                                           (00:00.000 / 01:37.739, 943Mb)
  ...CodeSystem AnastomosisLeakGrading                                                               (00:00.000 / 01:37.739, 943Mb)
  ...CodeSystem AnastomosisType                                                                      (00:00.000 / 01:37.740, 943Mb)
  ...CodeSystem AnatomicalLocations                                                                  (00:00.000 / 01:37.740, 943Mb)
  ...CodeSystem AneurysmClosure                                                                      (00:00.000 / 01:37.741, 943Mb)
  ...CodeSystem AneurysmSizeScale                                                                    (00:00.000 / 01:37.742, 943Mb)
  ...CodeSystem AnnArborStagingClassification                                                        (00:00.000 / 01:37.742, 943Mb)
  ...CodeSystem ArtrosePlacering                                                                     (00:00.000 / 01:37.743, 943Mb)
  ...CodeSystem AssessmentType                                                                       (00:00.000 / 01:37.743, 943Mb)
  ...CodeSystem AssistDevices                                                                        (00:00.000 / 01:37.744, 943Mb)
  ...CodeSystem BANFF                                                                                (00:00.000 / 01:37.745, 943Mb)
  ...CodeSystem BasicDisorder                                                                        (00:00.000 / 01:37.745, 943Mb)
  ...CodeSystem BehandlingAfbrudt                                                                    (00:00.000 / 01:37.746, 943Mb)
  ...CodeSystem BinetStagingSystem                                                                   (00:00.000 / 01:37.747, 943Mb)
  ...CodeSystem BiobankSamples                                                                       (00:00.000 / 01:37.747, 943Mb)
  ...CodeSystem Birthplace                                                                           (00:00.000 / 01:37.748, 943Mb)
  ...CodeSystem BleedingStroke                                                                       (00:00.000 / 01:37.749, 943Mb)
  ...CodeSystem BlockTypes                                                                           (00:00.000 / 01:37.749, 943Mb)
  ...CodeSystem BloodThinnersTreatment                                                               (00:00.000 / 01:37.750, 943Mb)
  ...CodeSystem BoneLossAcetabulumFemurClassification                                                (00:00.000 / 01:37.751, 943Mb)
  ...CodeSystem BulkingMaterialeDUGA                                                                 (00:00.000 / 01:37.751, 943Mb)
  ...CodeSystem CALRGeneType                                                                         (00:00.000 / 01:37.752, 943Mb)
  ...CodeSystem CalciumType                                                                          (00:00.000 / 01:37.753, 943Mb)
  ...CodeSystem CancerInvestigation                                                                  (00:00.000 / 01:37.753, 943Mb)
  ...CodeSystem CauseOfDeath                                                                         (00:00.000 / 01:37.754, 943Mb)
  ...CodeSystem CementType                                                                           (00:00.000 / 01:37.755, 943Mb)
  ...CodeSystem CentralBlock                                                                         (00:00.000 / 01:37.755, 943Mb)
  ...CodeSystem ChemotherapyRegimen                                                                  (00:00.000 / 01:37.756, 943Mb)
  ...CodeSystem ChromosomPair                                                                        (00:00.000 / 01:37.756, 943Mb)
  ...CodeSystem ClinicalProtocolCodes                                                                (00:00.000 / 01:37.757, 943Mb)
  ...CodeSystem ClinicalProtocolNotParticipated                                                      (00:00.000 / 01:37.758, 943Mb)
  ...CodeSystem CognitiveFunctionFinding                                                             (00:00.000 / 01:37.758, 943Mb)
  ...CodeSystem CognitiveTest                                                                        (00:00.000 / 01:37.759, 943Mb)
  ...CodeSystem Competence                                                                           (00:00.000 / 01:37.759, 943Mb)
  ...CodeSystem Complications                                                                        (00:00.000 / 01:37.760, 943Mb)
  ...CodeSystem ConferenceParticipants                                                               (00:00.000 / 01:37.760, 943Mb)
  ...CodeSystem ContactPatient                                                                       (00:00.000 / 01:37.761, 943Mb)
  ...CodeSystem ContactPlace                                                                         (00:00.000 / 01:37.762, 943Mb)
  ...CodeSystem ContaminationDegree                                                                  (00:00.000 / 01:37.762, 943Mb)
  ...CodeSystem CoronaryArteryGraph                                                                  (00:00.000 / 01:37.763, 943Mb)
  ...CodeSystem Cyclus                                                                               (00:00.000 / 01:37.764, 943Mb)
  ...CodeSystem CytogeneticChanges                                                                   (00:00.000 / 01:37.764, 943Mb)
  ...CodeSystem CytogeneticExamination                                                               (00:00.000 / 01:37.765, 943Mb)
  ...CodeSystem DHDeksklusionskriterie                                                               (00:00.000 / 01:37.766, 943Mb)
  ...CodeSystem DSAFindingsLocation                                                                  (00:00.000 / 01:37.766, 943Mb)
  ...CodeSystem DatabasesKIP                                                                         (00:00.000 / 01:37.767, 943Mb)
  ...CodeSystem DeathPlace                                                                           (00:00.000 / 01:37.767, 943Mb)
  ...CodeSystem DefibrilleringAnalyse                                                                (00:00.000 / 01:37.768, 943Mb)
  ...CodeSystem DetectionMethods                                                                     (00:00.000 / 01:37.769, 943Mb)
  ...CodeSystem Dialyseadgang                                                                        (00:00.000 / 01:37.769, 943Mb)
  ...CodeSystem DiseaseLocalization                                                                  (00:00.000 / 01:37.770, 943Mb)
  ...CodeSystem DiseasePhase                                                                         (00:00.000 / 01:37.770, 943Mb)
  ...CodeSystem DiseasesUnspecified                                                                  (00:00.000 / 01:37.771, 943Mb)
  ...CodeSystem Dosis                                                                                (00:00.000 / 01:37.771, 943Mb)
  ...CodeSystem EDTACodes                                                                            (00:00.000 / 01:37.772, 943Mb)
  ...CodeSystem EHSIncisionalHerniaClassification                                                    (00:00.000 / 01:37.772, 943Mb)
  ...CodeSystem EHSIncisionalHerniaClassificationType                                                (00:00.000 / 01:37.773, 943Mb)
  ...CodeSystem EORTCQLQC1514                                                                        (00:00.000 / 01:37.774, 943Mb)
  ...CodeSystem EORTCQLQC1517                                                                        (00:00.000 / 01:37.774, 943Mb)
  ...CodeSystem EconomicSupport                                                                      (00:00.000 / 01:37.775, 943Mb)
  ...CodeSystem EdemaStroke                                                                          (00:00.000 / 01:37.775, 943Mb)
  ...CodeSystem EducationType                                                                        (00:00.000 / 01:37.776, 943Mb)
  ...CodeSystem EndoscopicAppearance                                                                 (00:00.000 / 01:37.776, 943Mb)
  ...CodeSystem EsophagealLokalization                                                               (00:00.000 / 01:37.777, 943Mb)
  ...CodeSystem FISHVariables                                                                        (00:00.000 / 01:37.777, 943Mb)
  ...CodeSystem Faggruppe                                                                            (00:00.000 / 01:37.778, 943Mb)
  ...CodeSystem FisherGradingScale                                                                   (00:00.000 / 01:37.779, 943Mb)
  ...CodeSystem FixationCruciateLigaments                                                            (00:00.000 / 01:37.779, 943Mb)
  ...CodeSystem FollowUp                                                                             (00:00.000 / 01:37.780, 943Mb)
  ...CodeSystem Frekvens                                                                             (00:00.000 / 01:37.780, 943Mb)
  ...CodeSystem FunctionGroupAlloplasty                                                              (00:00.000 / 01:37.781, 943Mb)
  ...CodeSystem FunctionTest                                                                         (00:00.000 / 01:37.781, 943Mb)
  ...CodeSystem FunctionalScoreTypes                                                                 (00:00.000 / 01:37.782, 943Mb)
  ...CodeSystem GenericValues                                                                        (00:00.000 / 01:37.783, 943Mb)
  ...CodeSystem GenoplivStoppet                                                                      (00:00.000 / 01:37.783, 943Mb)
  ...CodeSystem Genoplivning                                                                         (00:00.000 / 01:37.784, 943Mb)
  ...CodeSystem GraftCruciateLigaments                                                               (00:00.000 / 01:37.784, 943Mb)
  ...CodeSystem GynUndersoegDUGA                                                                     (00:00.000 / 01:37.785, 943Mb)
  ...CodeSystem HaandProblemer                                                                       (00:00.000 / 01:37.786, 943Mb)
  ...CodeSystem HaemoglobinTransf4                                                                   (00:00.000 / 01:37.786, 943Mb)
  ...CodeSystem HaendelseIndtraeffer                                                                 (00:00.000 / 01:37.787, 943Mb)
  ...CodeSystem HarrisHipScoreDistanceWalked                                                         (00:00.000 / 01:37.787, 943Mb)
  ...CodeSystem HarrisHipScoreLimp                                                                   (00:00.000 / 01:37.788, 943Mb)
  ...CodeSystem HarrisHipScorePain                                                                   (00:00.000 / 01:37.788, 943Mb)
  ...CodeSystem HarrisHipScorePublicTransportation                                                   (00:00.000 / 01:37.789, 943Mb)
  ...CodeSystem HarrisHipScoreShoesSocks                                                             (00:00.000 / 01:37.790, 943Mb)
  ...CodeSystem HarrisHipScoreSitting                                                                (00:00.000 / 01:37.790, 943Mb)
  ...CodeSystem HarrisHipScoreStairs                                                                 (00:00.000 / 01:37.791, 943Mb)
  ...CodeSystem HarrisHipScoreSupport                                                                (00:00.000 / 01:37.791, 943Mb)
  ...CodeSystem HeartRhythm                                                                          (00:00.000 / 01:37.792, 943Mb)
  ...CodeSystem HerniaSize                                                                           (00:00.000 / 01:37.793, 943Mb)
  ...CodeSystem HipJointArthroplastyComponent                                                        (00:00.000 / 01:37.793, 943Mb)
  ...CodeSystem HjerterytmeAnalyse                                                                   (00:00.000 / 01:37.794, 943Mb)
  ...CodeSystem HjertestopAarsag                                                                     (00:00.000 / 01:37.794, 943Mb)
  ...CodeSystem HousingType                                                                          (00:00.000 / 01:37.795, 943Mb)
  ...CodeSystem HuntHessClassification                                                               (00:00.000 / 01:37.795, 943Mb)
  ...CodeSystem ICHAction                                                                            (00:00.000 / 01:37.796, 943Mb)
  ...CodeSystem ICRSGradingSystem                                                                    (00:00.000 / 01:37.797, 943Mb)
  ...CodeSystem IPSSRCytogeneticCategory                                                             (00:00.000 / 01:37.797, 943Mb)
  ...CodeSystem IkkeBesvaret                                                                         (00:00.000 / 01:37.798, 943Mb)
  ...CodeSystem ImplantComponents                                                                    (00:00.000 / 01:37.798, 943Mb)
  ...CodeSystem ImplantattypeDUGA                                                                    (00:00.000 / 01:37.799, 943Mb)
  ...CodeSystem IncisionChoice                                                                       (00:00.000 / 01:37.799, 943Mb)
  ...CodeSystem Intervals                                                                            (00:00.000 / 01:37.800, 943Mb)
  ...CodeSystem IntervalsExact                                                                       (00:00.000 / 01:37.801, 943Mb)
  ...CodeSystem Interventionsforloeb                                                                 (00:00.000 / 01:37.801, 943Mb)
  ...CodeSystem Interventionsgruppe                                                                  (00:00.000 / 01:37.802, 943Mb)
  ...CodeSystem Intubation                                                                           (00:00.000 / 01:37.802, 943Mb)
  ...CodeSystem IntubationRelaks                                                                     (00:00.000 / 01:37.803, 943Mb)
  ...CodeSystem KellgrenLawrenceKlassifikation                                                       (00:00.000 / 01:37.804, 943Mb)
  ...CodeSystem KliniskeSymptomerDCCG                                                                (00:00.000 / 01:37.804, 943Mb)
  ...CodeSystem KneeJointArthroplastyComponent                                                       (00:00.000 / 01:37.805, 943Mb)
  ...CodeSystem KneeLoosenessGrading                                                                 (00:00.000 / 01:37.805, 943Mb)
  ...CodeSystem KomponentLiner                                                                       (00:00.000 / 01:37.806, 943Mb)
  ...CodeSystem KorsbaandEjBevaret                                                                   (00:00.000 / 01:37.806, 943Mb)
  ...CodeSystem LaryngoskopiDegree                                                                   (00:00.000 / 01:37.807, 943Mb)
  ...CodeSystem LesionType                                                                           (00:00.000 / 01:37.808, 943Mb)
  ...CodeSystem LifeStatus                                                                           (00:00.000 / 01:37.808, 943Mb)
  ...CodeSystem MComponentType                                                                       (00:00.000 / 01:37.809, 943Mb)
  ...CodeSystem MDTNotFollowed                                                                       (00:00.000 / 01:37.809, 943Mb)
  ...CodeSystem MTICIClassification                                                                  (00:00.000 / 01:37.810, 943Mb)
  ...CodeSystem MaaleEnheder                                                                         (00:00.000 / 01:37.811, 943Mb)
  ...CodeSystem Maengde                                                                              (00:00.000 / 01:37.811, 943Mb)
  ...CodeSystem MaritalStatus                                                                        (00:00.000 / 01:37.812, 943Mb)
  ...CodeSystem MeasurementDevices                                                                   (00:00.000 / 01:37.812, 943Mb)
  ...CodeSystem MedicalFixationClosing                                                               (00:00.000 / 01:37.813, 943Mb)
  ...CodeSystem MedicalScanningTypes                                                                 (00:00.000 / 01:37.813, 943Mb)
  ...CodeSystem MedicalTreatmentAdministrationType                                                   (00:00.000 / 01:37.814, 943Mb)
  ...CodeSystem MedicalTreatmentDuration                                                             (00:00.000 / 01:37.815, 943Mb)
  ...CodeSystem MedicalTreatmentStartOf                                                              (00:00.000 / 01:37.815, 943Mb)
  ...CodeSystem MedicationName                                                                       (00:00.000 / 01:37.816, 943Mb)
  ...CodeSystem MedicinDANARREST                                                                     (00:00.000 / 01:37.816, 943Mb)
  ...CodeSystem Medicine                                                                             (00:00.000 / 01:37.817, 943Mb)
  ...CodeSystem MentalDeclaration                                                                    (00:00.000 / 01:37.817, 943Mb)
  ...CodeSystem MeshPlacement                                                                        (00:00.000 / 01:37.818, 943Mb)
  ...CodeSystem MeshTechnique                                                                        (00:00.000 / 01:37.819, 943Mb)
  ...CodeSystem MeshType                                                                             (00:00.000 / 01:37.819, 943Mb)
  ...CodeSystem MolecularRemission                                                                   (00:00.000 / 01:37.820, 943Mb)
  ...CodeSystem MorsDiagnosegrupper                                                                  (00:00.000 / 01:37.820, 943Mb)
  ...CodeSystem MorsDiagnosekoder                                                                    (00:00.000 / 01:37.821, 943Mb)
  ...CodeSystem MuligVanskeligUmulig                                                                 (00:00.000 / 01:37.821, 943Mb)
  ...CodeSystem NIHSS10Dysarthria                                                                    (00:00.000 / 01:37.822, 943Mb)
  ...CodeSystem NIHSS11ExtinctionInattention                                                         (00:00.000 / 01:37.823, 943Mb)
  ...CodeSystem NIHSS1aLOC                                                                           (00:00.000 / 01:37.823, 943Mb)
  ...CodeSystem NIHSS1bLOC                                                                           (00:00.000 / 01:37.824, 943Mb)
  ...CodeSystem NIHSS1cLOC                                                                           (00:00.000 / 01:37.824, 943Mb)
  ...CodeSystem NIHSS2Gaze                                                                           (00:00.000 / 01:37.825, 943Mb)
  ...CodeSystem NIHSS3Visual                                                                         (00:00.000 / 01:37.825, 943Mb)
  ...CodeSystem NIHSS4FacialPalsy                                                                    (00:00.000 / 01:37.826, 943Mb)
  ...CodeSystem NIHSS5MotorArm                                                                       (00:00.000 / 01:37.827, 943Mb)
  ...CodeSystem NIHSS6MotorLeg                                                                       (00:00.000 / 01:37.827, 943Mb)
  ...CodeSystem NIHSS7LimbAtaxia                                                                     (00:00.000 / 01:37.828, 943Mb)
  ...CodeSystem NIHSS8Sensory                                                                        (00:00.000 / 01:37.828, 943Mb)
  ...CodeSystem NIHSS9Language                                                                       (00:00.000 / 01:37.829, 943Mb)
  ...CodeSystem NYHA                                                                                 (00:00.000 / 01:37.830, 943Mb)
  ...CodeSystem Observationssted                                                                     (00:00.000 / 01:37.830, 943Mb)
  ...CodeSystem OncologyTreatmentCurative                                                            (00:00.000 / 01:37.831, 943Mb)
  ...CodeSystem Onkologibehandling                                                                   (00:00.000 / 01:37.831, 943Mb)
  ...CodeSystem OperatingRoom                                                                        (00:00.000 / 01:37.832, 943Mb)
  ...CodeSystem OperationCanal                                                                       (00:00.000 / 01:37.832, 943Mb)
  ...CodeSystem OperationType                                                                        (00:00.000 / 01:37.833, 943Mb)
  ...CodeSystem Operationserfaring                                                                   (00:00.000 / 01:37.834, 943Mb)
  ...CodeSystem PRDcodes                                                                             (00:00.000 / 01:37.834, 943Mb)
  ...CodeSystem PTNMType                                                                             (00:00.000 / 01:37.835, 943Mb)
  ...CodeSystem Paragraph                                                                            (00:00.000 / 01:37.835, 943Mb)
  ...CodeSystem PatobankSNOMED                                                                       (00:00.000 / 01:37.836, 943Mb)
  ...CodeSystem PerformanceStatusScore                                                               (00:00.000 / 01:37.836, 943Mb)
  ...CodeSystem Periods                                                                              (00:00.000 / 01:37.837, 943Mb)
  ...CodeSystem PersonFamilyRelation                                                                 (00:00.000 / 01:37.837, 943Mb)
  ...CodeSystem PivotShiftGrading                                                                    (00:00.000 / 01:37.838, 943Mb)
  ...CodeSystem PreoperativTemplating                                                                (00:00.000 / 01:37.839, 943Mb)
  ...CodeSystem Priority                                                                             (00:00.000 / 01:37.839, 943Mb)
  ...CodeSystem ProcedureDuration                                                                    (00:00.000 / 01:37.840, 943Mb)
  ...CodeSystem ProcedureNotCompleted                                                                (00:00.000 / 01:37.840, 943Mb)
  ...CodeSystem ProcedureReasons                                                                     (00:00.000 / 01:37.841, 943Mb)
  ...CodeSystem ProcedureType                                                                        (00:00.000 / 01:37.841, 943Mb)
  ...CodeSystem ProcedureUrogyn                                                                      (00:00.000 / 01:37.842, 943Mb)
  ...CodeSystem Profylaksebehandling                                                                 (00:00.000 / 01:37.843, 943Mb)
  ...CodeSystem Prosthesis                                                                           (00:00.000 / 01:37.843, 943Mb)
  ...CodeSystem PupilCondition                                                                       (00:00.000 / 01:37.844, 943Mb)
  ...CodeSystem RadiationTherapyTarget                                                               (00:00.000 / 01:37.844, 943Mb)
  ...CodeSystem RadiationTherapyType                                                                 (00:00.000 / 01:37.845, 943Mb)
  ...CodeSystem RadiologicalBoneChanges                                                              (00:00.000 / 01:37.846, 943Mb)
  ...CodeSystem RaymondRoyClassification                                                             (00:00.000 / 01:37.846, 943Mb)
  ...CodeSystem ReferredForTraining                                                                  (00:00.000 / 01:37.847, 943Mb)
  ...CodeSystem ReferredFrom                                                                         (00:00.000 / 01:37.847, 943Mb)
  ...CodeSystem Regioner                                                                             (00:00.000 / 01:37.848, 943Mb)
  ...CodeSystem Registry                                                                             (00:00.000 / 01:37.848, 943Mb)
  ...CodeSystem ReoperationCause                                                                     (00:00.000 / 01:37.849, 943Mb)
  ...CodeSystem ResectionCompletion                                                                  (00:00.000 / 01:37.850, 943Mb)
  ...CodeSystem ResectionType                                                                        (00:00.000 / 01:37.850, 943Mb)
  ...CodeSystem ResidualTumorClassification                                                          (00:00.000 / 01:37.851, 943Mb)
  ...CodeSystem ResidualTumorGrading                                                                 (00:00.000 / 01:37.851, 943Mb)
  ...CodeSystem Respiration                                                                          (00:00.000 / 01:37.852, 943Mb)
  ...CodeSystem ResultTest                                                                           (00:00.000 / 01:37.852, 943Mb)
  ...CodeSystem RevisionCause                                                                        (00:00.000 / 01:37.853, 943Mb)
  ...CodeSystem RevisionIndication                                                                   (00:00.000 / 01:37.853, 943Mb)
  ...CodeSystem RevisionType                                                                         (00:00.000 / 01:37.854, 943Mb)
  ...CodeSystem RiskAssessment                                                                       (00:00.000 / 01:37.855, 943Mb)
  ...CodeSystem RiskFactors                                                                          (00:00.000 / 01:37.855, 943Mb)
  ...CodeSystem RobotAssistDKR                                                                       (00:00.000 / 01:37.856, 943Mb)
  ...CodeSystem Rytme1Obs                                                                            (00:00.000 / 01:37.856, 943Mb)
  ...CodeSystem SKS                                                                                  (00:00.000 / 01:37.857, 943Mb)
  ...CodeSystem SKSCodeCollection                                                                    (00:00.000 / 01:37.857, 943Mb)
  ...CodeSystem SNOMEDCT                                                                             (00:00.000 / 01:37.858, 943Mb)
  ...CodeSystem SOR                                                                                  (00:00.000 / 01:37.859, 943Mb)
  ...CodeSystem SSSArmLift                                                                           (00:00.000 / 01:37.859, 943Mb)
  ...CodeSystem SSSConsciousness                                                                     (00:00.000 / 01:37.860, 943Mb)
  ...CodeSystem SSSEyeMotorSkills                                                                    (00:00.000 / 01:37.860, 943Mb)
  ...CodeSystem SSSFacialParesis                                                                     (00:00.000 / 01:37.861, 943Mb)
  ...CodeSystem SSSHandshake                                                                         (00:00.000 / 01:37.861, 943Mb)
  ...CodeSystem SSSLegLift                                                                           (00:00.000 / 01:37.862, 943Mb)
  ...CodeSystem SSSOrientation                                                                       (00:00.000 / 01:37.863, 943Mb)
  ...CodeSystem SSSSpeech                                                                            (00:00.000 / 01:37.863, 943Mb)
  ...CodeSystem SSSWalk                                                                              (00:00.000 / 01:37.864, 943Mb)
  ...CodeSystem ScoreCentralBlock                                                                    (00:00.000 / 01:37.864, 943Mb)
  ...CodeSystem SizesGeneral                                                                         (00:00.000 / 01:37.865, 943Mb)
  ...CodeSystem SlyngeDUGA                                                                           (00:00.000 / 01:37.865, 943Mb)
  ...CodeSystem SmerteKvalme                                                                         (00:00.000 / 01:37.866, 943Mb)
  ...CodeSystem Smoking                                                                              (00:00.000 / 01:37.866, 943Mb)
  ...CodeSystem StemCellType                                                                         (00:00.000 / 01:37.867, 943Mb)
  ...CodeSystem StopTeam                                                                             (00:00.000 / 01:37.868, 943Mb)
  ...CodeSystem StraalebehandlingTA                                                                  (00:00.000 / 01:37.868, 943Mb)
  ...CodeSystem SurgicalAttire                                                                       (00:00.000 / 01:37.869, 943Mb)
  ...CodeSystem Sygdomsomraader                                                                      (00:00.000 / 01:37.869, 943Mb)
  ...CodeSystem Symptoms                                                                             (00:00.000 / 01:37.870, 943Mb)
  ...CodeSystem SystemiskPraeparat                                                                   (00:00.000 / 01:37.871, 943Mb)
  ...CodeSystem TilsynAfdeling                                                                       (00:00.000 / 01:37.871, 943Mb)
  ...CodeSystem TreatmentCause                                                                       (00:00.000 / 01:37.872, 943Mb)
  ...CodeSystem TreatmentIndication                                                                  (00:00.000 / 01:37.872, 943Mb)
  ...CodeSystem TreatmentInitiatives                                                                 (00:00.000 / 01:37.873, 943Mb)
  ...CodeSystem TreatmentIntention                                                                   (00:00.000 / 01:37.873, 943Mb)
  ...CodeSystem TreatmentLesion                                                                      (00:00.000 / 01:37.874, 943Mb)
  ...CodeSystem TreatmentMethodMRD                                                                   (00:00.000 / 01:37.875, 943Mb)
  ...CodeSystem TreatmentNotGiven                                                                    (00:00.000 / 01:37.875, 943Mb)
  ...CodeSystem TreatmentPsychopharmacological                                                       (00:00.000 / 01:37.876, 943Mb)
  ...CodeSystem TreatmentRegimen                                                                     (00:00.000 / 01:37.876, 943Mb)
  ...CodeSystem TreatmentResponseEvaluation                                                          (00:00.000 / 01:37.877, 943Mb)
  ...CodeSystem TreatmentSchedule                                                                    (00:00.000 / 01:37.877, 943Mb)
  ...CodeSystem TreatmentSufficient                                                                  (00:00.000 / 01:37.878, 943Mb)
  ...CodeSystem TreatmentType                                                                        (00:00.000 / 01:37.879, 943Mb)
  ...CodeSystem TreatmentUnspecified                                                                 (00:00.000 / 01:37.879, 943Mb)
  ...CodeSystem TrombektomiPerfusion                                                                 (00:00.000 / 01:37.880, 943Mb)
  ...CodeSystem TumorClassificationHistology                                                         (00:00.000 / 01:37.880, 943Mb)
  ...CodeSystem UdskrevetTil                                                                         (00:00.000 / 01:37.881, 943Mb)
  ...CodeSystem UndersoegelsesTypeDUGA                                                               (00:00.000 / 01:37.881, 943Mb)
  ...CodeSystem VancouverClassification                                                              (00:00.000 / 01:37.882, 943Mb)
  ...CodeSystem Verdict                                                                              (00:00.000 / 01:37.882, 943Mb)
  ...CodeSystem VisitationCriteriaNotMet                                                             (00:00.000 / 01:37.883, 943Mb)
  ...CodeSystem WFNSGradingSystem                                                                    (00:00.000 / 01:37.884, 943Mb)
  ...CodeSystem WOOS                                                                                 (00:00.000 / 01:37.884, 943Mb)
  ...CodeSystem WalchClassification                                                                  (00:00.000 / 01:37.885, 943Mb)
  ...SearchParameter CarePlanReadOrWriteAccessSP                                                     (00:00.000 / 01:37.885, 943Mb)
  ...SearchParameter CarePlanSorAuthor                                                               (00:00.000 / 01:37.886, 943Mb)
  ...SearchParameter CprPatient                                                                      (00:00.000 / 01:37.886, 943Mb)
  ...SearchParameter PlanDefinitionLatest                                                            (00:00.000 / 01:37.887, 943Mb)
  ...SearchParameter PlanDefinitionUuid                                                              (00:00.000 / 01:37.887, 943Mb)
  ...SearchParameter QuestionnaireLatest                                                             (00:00.000 / 01:37.888, 943Mb)
  ...SearchParameter QuestionnaireResponseOnCarePlan                                                 (00:00.000 / 01:37.889, 943Mb)
  ...SearchParameter QuestionnaireResponseResponsibleOnCarePlanSP                                    (00:00.000 / 01:37.889, 943Mb)
  ...SearchParameter QuestionnaireUuid                                                               (00:00.000 / 01:37.890, 943Mb)
  ...SearchParameter SP-PlanDefinition-urlversion                                                    (00:00.000 / 01:37.890, 943Mb)
  ...SearchParameter SP-Questionnaire-urlversion                                                     (00:00.000 / 01:37.891, 943Mb)
  ...SearchParameter SorQuestionnaire                                                                (00:00.000 / 01:37.892, 943Mb)
  ...SearchParameter SorQuestionnaireResponse                                                        (00:00.000 / 01:37.892, 943Mb)
  ...SearchParameter semver-major                                                                    (00:00.000 / 01:37.893, 943Mb)
  ...SearchParameter semver-minor                                                                    (00:00.000 / 01:37.893, 943Mb)
  ...SearchParameter semver-patch                                                                    (00:00.000 / 01:37.894, 943Mb)
  ...SearchParameter semver                                                                          (00:00.000 / 01:37.895, 943Mb)
  ...StructureDefinition PDLatest                                                                    (00:00.000 / 01:37.895, 943Mb)
  ...StructureDefinition PDUuid                                                                      (00:00.000 / 01:37.896, 943Mb)
  ...StructureDefinition QLatest                                                                     (00:00.000 / 01:37.896, 943Mb)
  ...StructureDefinition QUuid                                                                       (00:00.000 / 01:37.897, 943Mb)
  ...StructureDefinition SorAuthor                                                                   (00:00.000 / 01:37.898, 943Mb)
  ...StructureDefinition access-sor-code                                                             (00:00.000 / 01:37.898, 943Mb)
  ...StructureDefinition cpr                                                                         (00:00.000 / 01:37.899, 943Mb)
  ...StructureDefinition plan-definition-action-display-order                                        (00:00.000 / 01:37.899, 943Mb)
  ...StructureDefinition questionnaire-response-reference                                            (00:00.000 / 01:37.900, 943Mb)
  ...StructureDefinition questionnaire-response-responsible-sor                                      (00:00.000 / 01:37.901, 943Mb)
  ...StructureDefinition sor                                                                         (00:00.000 / 01:37.901, 943Mb)
  ...StructureDefinition sorCode                                                                     (00:00.000 / 01:37.902, 944Mb)
  ...ValueSet AKBehandlingDKR                                                                        (00:00.000 / 01:37.902, 944Mb)
  ...ValueSet AKFravalgt                                                                             (00:00.000 / 01:37.903, 944Mb)
  ...ValueSet ALDkemoterapi                                                                          (00:00.000 / 01:37.903, 944Mb)
  ...ValueSet APInstabilitetDKR                                                                      (00:00.000 / 01:37.904, 944Mb)
  ...ValueSet ASAIVI                                                                                 (00:00.000 / 01:37.905, 944Mb)
  ...ValueSet ASAIVIkort                                                                             (00:00.000 / 01:37.905, 944Mb)
  ...ValueSet ATCAntibiotikaprofylakseDKR                                                            (00:00.000 / 01:37.906, 944Mb)
  ...ValueSet ATCAntibiotikaprofylakseDosisDKR                                                       (00:00.000 / 01:37.906, 944Mb)
  ...ValueSet ATCAntibiotikaprofylakseVarighedDKR                                                    (00:00.000 / 01:37.907, 944Mb)
  ...ValueSet ATCChemoCLL                                                                            (00:00.000 / 01:37.907, 944Mb)
  ...ValueSet ATCChemoPreparation                                                                    (00:00.000 / 01:37.908, 944Mb)
  ...ValueSet ATCDMPN                                                                                (00:00.000 / 01:37.909, 944Mb)
  ...ValueSet ATCDMPN202410                                                                          (00:00.000 / 01:37.909, 944Mb)
  ...ValueSet ATCImmunotherapyCLL                                                                    (00:00.000 / 01:37.910, 944Mb)
  ...ValueSet ATCTargetCLL                                                                           (00:00.000 / 01:37.910, 944Mb)
  ...ValueSet ATCTromboseprofylakseDKR                                                               (00:00.000 / 01:37.911, 944Mb)
  ...ValueSet AarsagOphoerDNSL                                                                       (00:00.000 / 01:37.911, 944Mb)
  ...ValueSet AarsagTilProcedureDCCG                                                                 (00:00.000 / 01:37.912, 944Mb)
  ...ValueSet AcetabulumKnogletabKlassifikationDHR                                                   (00:00.000 / 01:37.912, 944Mb)
  ...ValueSet ActilyseIkkeGivet                                                                      (00:00.000 / 01:37.913, 944Mb)
  ...ValueSet AdministrationType                                                                     (00:00.000 / 01:37.914, 944Mb)
  ...ValueSet AdministrationTypeDCCG                                                                 (00:00.000 / 01:37.914, 944Mb)
  ...ValueSet AfdelingDandem                                                                         (00:00.000 / 01:37.915, 944Mb)
  ...ValueSet AflastendeProcedure                                                                    (00:00.000 / 01:37.915, 944Mb)
  ...ValueSet AktivitetDKRR                                                                          (00:00.000 / 01:37.916, 944Mb)
  ...ValueSet AktivitetSportDKRR                                                                     (00:00.000 / 01:37.916, 944Mb)
  ...ValueSet AktuelSygdomsforlob                                                                    (00:00.000 / 01:37.917, 944Mb)
  ...ValueSet Alkohol021                                                                             (00:00.000 / 01:37.917, 944Mb)
  ...ValueSet Alkohol0til10                                                                          (00:00.000 / 01:37.918, 944Mb)
  ...ValueSet Alkohol714                                                                             (00:00.000 / 01:37.918, 944Mb)
  ...ValueSet AlleMaaleEnheder                                                                       (00:00.000 / 01:37.919, 944Mb)
  ...ValueSet AlloplastiktypeDKR                                                                     (00:00.000 / 01:37.920, 944Mb)
  ...ValueSet AnaestesiDUGA                                                                          (00:00.000 / 01:37.920, 944Mb)
  ...ValueSet AnaestesiGenerelSpinalEpiduralLokalanalgesi                                            (00:00.000 / 01:37.921, 944Mb)
  ...ValueSet AnaestesiLokalGenerel                                                                  (00:00.000 / 01:37.921, 944Mb)
  ...ValueSet AnaestesiLokalGenerelSpinalEpidural                                                    (00:00.000 / 01:37.922, 944Mb)
  ...ValueSet AnaestesiRegionalDHR                                                                   (00:00.000 / 01:37.922, 944Mb)
  ...ValueSet AnaestesiRegionalUniverselKombineret                                                   (00:00.000 / 01:37.923, 944Mb)
  ...ValueSet AnasthesiaService                                                                      (00:00.000 / 01:37.924, 944Mb)
  ...ValueSet AnasthesiaService2026                                                                  (00:00.000 / 01:37.924, 944Mb)
  ...ValueSet AnasthesiaServiceDAD                                                                   (00:00.000 / 01:37.925, 944Mb)
  ...ValueSet AnasthesiaTypeGen                                                                      (00:00.000 / 01:37.925, 944Mb)
  ...ValueSet AnastomoseLaekageGradingering                                                          (00:00.000 / 01:37.926, 944Mb)
  ...ValueSet AnastomoseLaekageGraduering                                                            (00:00.000 / 01:37.926, 944Mb)
  ...ValueSet AnastomoseType1                                                                        (00:00.000 / 01:37.927, 944Mb)
  ...ValueSet AnastomoseType2                                                                        (00:00.000 / 01:37.927, 944Mb)
  ...ValueSet AnastomoseType3                                                                        (00:00.000 / 01:37.928, 944Mb)
  ...ValueSet Anastomoselaekage                                                                      (00:00.000 / 01:37.929, 944Mb)
  ...ValueSet AnastomoselaekageKonsekvens                                                            (00:00.000 / 01:37.929, 944Mb)
  ...ValueSet AnatomiskLokation1                                                                     (00:00.000 / 01:37.930, 944Mb)
  ...ValueSet AnatomiskLokation2                                                                     (00:00.000 / 01:37.930, 944Mb)
  ...ValueSet AnatomiskLokation3                                                                     (00:00.000 / 01:37.931, 944Mb)
  ...ValueSet AnatomiskLokation4                                                                     (00:00.000 / 01:37.931, 944Mb)
  ...ValueSet AndenBloedningDAP                                                                      (00:00.000 / 01:37.932, 944Mb)
  ...ValueSet AnnArborStagingClassification                                                          (00:00.000 / 01:37.933, 944Mb)
  ...ValueSet AntibiotikaMedUden                                                                     (00:00.000 / 01:37.933, 944Mb)
  ...ValueSet AntibiotikaprofylakseDHR                                                               (00:00.000 / 01:37.934, 944Mb)
  ...ValueSet AntibiotikaprofylakseDKRR                                                              (00:00.000 / 01:37.934, 944Mb)
  ...ValueSet AnurismeAflukning                                                                      (00:00.000 / 01:37.935, 944Mb)
  ...ValueSet AnurismeStoerrelseSAH                                                                  (00:00.000 / 01:37.935, 944Mb)
  ...ValueSet ArtritisDSR                                                                            (00:00.000 / 01:37.936, 944Mb)
  ...ValueSet ArtrosePlaceringDKR                                                                    (00:00.000 / 01:37.936, 944Mb)
  ...ValueSet ArtrosefoelgeDSR                                                                       (00:00.000 / 01:37.937, 944Mb)
  ...ValueSet AsaIV                                                                                  (00:00.000 / 01:37.938, 944Mb)
  ...ValueSet AsaIVkort                                                                              (00:00.000 / 01:37.938, 944Mb)
  ...ValueSet AssistDevicesBallonStent                                                               (00:00.000 / 01:37.939, 944Mb)
  ...ValueSet BanffClassifikation                                                                    (00:00.000 / 01:37.939, 944Mb)
  ...ValueSet BegrundelseEndoskopiskLokalresektioen                                                  (00:00.000 / 01:37.940, 944Mb)
  ...ValueSet BehandlingCML                                                                          (00:00.000 / 01:37.941, 944Mb)
  ...ValueSet BehandlingCMMLMDS                                                                      (00:00.000 / 01:37.941, 944Mb)
  ...ValueSet BehandlingDHR                                                                          (00:00.000 / 01:37.942, 944Mb)
  ...ValueSet BehandlingEndovaskulaerType                                                            (00:00.000 / 01:37.942, 944Mb)
  ...ValueSet BehandlingKirurgiskEndovaskulaer                                                       (00:00.000 / 01:37.943, 944Mb)
  ...ValueSet BehandlingMDS                                                                          (00:00.000 / 01:37.944, 944Mb)
  ...ValueSet BehandlingPsykofarmakologiskRETSPSYK                                                   (00:00.000 / 01:37.944, 944Mb)
  ...ValueSet BehandlingTilstraekkelig                                                               (00:00.000 / 01:37.945, 944Mb)
  ...ValueSet BehandlingsResponsEvalueringLYFO                                                       (00:00.000 / 01:37.945, 944Mb)
  ...ValueSet BehandlingsTypeStamcellestoetteLYFO                                                    (00:00.000 / 01:37.946, 944Mb)
  ...ValueSet BehandlingsVarighedDHR                                                                 (00:00.000 / 01:37.947, 944Mb)
  ...ValueSet BehandlingsindikationKAR                                                               (00:00.000 / 01:37.947, 944Mb)
  ...ValueSet Behandlingsintention                                                                   (00:00.000 / 01:37.948, 944Mb)
  ...ValueSet BehandlingsresponsCML                                                                  (00:00.000 / 01:37.948, 944Mb)
  ...ValueSet BehandlinsplanAendretAarsagDCCG                                                        (00:00.000 / 01:37.949, 944Mb)
  ...ValueSet BenlaengdeDHR                                                                          (00:00.000 / 01:37.949, 944Mb)
  ...ValueSet BilateralUnilateral                                                                    (00:00.000 / 01:37.950, 944Mb)
  ...ValueSet BinetStagingSystem                                                                     (00:00.000 / 01:37.951, 944Mb)
  ...ValueSet BiobankSamples                                                                         (00:00.000 / 01:37.951, 944Mb)
  ...ValueSet BlodfortyndendeMedicin                                                                 (00:00.000 / 01:37.952, 944Mb)
  ...ValueSet BloedningsprofylakseDHR                                                                (00:00.000 / 01:37.952, 944Mb)
  ...ValueSet BoligforholdRETSPSYK                                                                   (00:00.000 / 01:37.953, 944Mb)
  ...ValueSet Boligform                                                                              (00:00.000 / 01:37.954, 944Mb)
  ...ValueSet BoligformDAP                                                                           (00:00.000 / 01:37.954, 944Mb)
  ...ValueSet BrusklaesionArealDKRR                                                                  (00:00.000 / 01:37.955, 944Mb)
  ...ValueSet BrusklaesionBehandlingDKRR                                                             (00:00.000 / 01:37.955, 944Mb)
  ...ValueSet BrusklaesionPlaceringDKRR                                                              (00:00.000 / 01:37.956, 944Mb)
  ...ValueSet BulkingMaterialeDUGA                                                                   (00:00.000 / 01:37.957, 944Mb)
  ...ValueSet CALRvariant                                                                            (00:00.000 / 01:37.957, 944Mb)
  ...ValueSet CancerUdredning                                                                        (00:00.000 / 01:37.958, 944Mb)
  ...ValueSet CancertypeDCCG                                                                         (00:00.000 / 01:37.958, 944Mb)
  ...ValueSet CaputDiameterDHR                                                                       (00:00.000 / 01:37.959, 944Mb)
  ...ValueSet CaputModulaerTypeDHR                                                                   (00:00.000 / 01:37.959, 944Mb)
  ...ValueSet CaputTypeDHR                                                                           (00:00.000 / 01:37.960, 944Mb)
  ...ValueSet CaputnekroseDSR                                                                        (00:00.000 / 01:37.961, 944Mb)
  ...ValueSet CementBlandesystemDHR                                                                  (00:00.000 / 01:37.961, 944Mb)
  ...ValueSet CementDKR                                                                              (00:00.000 / 01:37.962, 944Mb)
  ...ValueSet CementFemurTibiaPatellaDKR                                                             (00:00.000 / 01:37.962, 944Mb)
  ...ValueSet CementHofteDHR                                                                         (00:00.000 / 01:37.963, 944Mb)
  ...ValueSet CentralBlock                                                                           (00:00.000 / 01:37.964, 944Mb)
  ...ValueSet CentralBlockType                                                                       (00:00.000 / 01:37.964, 944Mb)
  ...ValueSet Chemotherapy                                                                           (00:00.000 / 01:37.965, 944Mb)
  ...ValueSet ChromosomPairs                                                                         (00:00.000 / 01:37.965, 944Mb)
  ...ValueSet CivilstandDAP                                                                          (00:00.000 / 01:37.966, 944Mb)
  ...ValueSet CivilstatusRETSPSYK                                                                    (00:00.000 / 01:37.966, 944Mb)
  ...ValueSet ClavienKomplikationsgrad                                                               (00:00.000 / 01:37.967, 944Mb)
  ...ValueSet ClavienKomplikationsgradDCCG                                                           (00:00.000 / 01:37.967, 944Mb)
  ...ValueSet ClavienKomplikationsgradLangDCCG                                                       (00:00.000 / 01:37.968, 944Mb)
  ...ValueSet ClinicalProtocolCodes                                                                  (00:00.000 / 01:37.969, 944Mb)
  ...ValueSet ClinicalProtocolCodes1                                                                 (00:00.000 / 01:37.969, 944Mb)
  ...ValueSet ClinicalProtocolNotParticipated                                                        (00:00.000 / 01:37.970, 944Mb)
  ...ValueSet Competence                                                                             (00:00.000 / 01:37.970, 944Mb)
  ...ValueSet ComplicationAN                                                                         (00:00.000 / 01:37.971, 944Mb)
  ...ValueSet ComplicationAN2026                                                                     (00:00.000 / 01:37.971, 944Mb)
  ...ValueSet ComplicationPO                                                                         (00:00.000 / 01:37.972, 944Mb)
  ...ValueSet ComplicationPO2026                                                                     (00:00.000 / 01:37.973, 944Mb)
  ...ValueSet ComplicationsManifestation                                                             (00:00.000 / 01:37.973, 944Mb)
  ...ValueSet ComplicationsManifestation202412                                                       (00:00.000 / 01:37.974, 944Mb)
  ...ValueSet CoronaryArteryGraph                                                                    (00:00.000 / 01:37.974, 944Mb)
  ...ValueSet Cyclus                                                                                 (00:00.000 / 01:37.975, 944Mb)
  ...ValueSet CytogeneticCancerChangesALD                                                            (00:00.000 / 01:37.975, 944Mb)
  ...ValueSet CytogeneticChanges                                                                     (00:00.000 / 01:37.976, 944Mb)
  ...ValueSet CytogeneticExamination                                                                 (00:00.000 / 01:37.976, 944Mb)
  ...ValueSet CytogeneticResult                                                                      (00:00.000 / 01:37.977, 944Mb)
  ...ValueSet CytogeneticResult202410                                                                (00:00.000 / 01:37.978, 944Mb)
  ...ValueSet CytogeneticRisk                                                                        (00:00.000 / 01:37.978, 944Mb)
  ...ValueSet CytogeneticRiskGrimwade2010                                                            (00:00.000 / 01:37.979, 944Mb)
  ...ValueSet CytogeneticRiskGrimwade2010DAMYDA                                                      (00:00.000 / 01:37.979, 944Mb)
  ...ValueSet CytogeneticSpecificerFund                                                              (00:00.000 / 01:37.980, 944Mb)
  ...ValueSet CytogeneticStemCellType                                                                (00:00.000 / 01:37.980, 944Mb)
  ...ValueSet Cytopeni                                                                               (00:00.000 / 01:37.981, 944Mb)
  ...ValueSet DHDeksklusionskriterie                                                                 (00:00.000 / 01:37.982, 944Mb)
  ...ValueSet DSAFundLokation                                                                        (00:00.000 / 01:37.982, 944Mb)
  ...ValueSet DSAFundLokation2026                                                                    (00:00.000 / 01:37.983, 944Mb)
  ...ValueSet DVTProfylakseDosisDKRR                                                                 (00:00.000 / 01:37.983, 944Mb)
  ...ValueSet DatabasesHAEMA                                                                         (00:00.000 / 01:37.984, 944Mb)
  ...ValueSet DegcMDTBeslutning                                                                      (00:00.000 / 01:37.984, 944Mb)
  ...ValueSet DeleFoelelser                                                                          (00:00.000 / 01:37.985, 944Mb)
  ...ValueSet DetectionMethodCR                                                                      (00:00.000 / 01:37.985, 944Mb)
  ...ValueSet DiagnoseCLL                                                                            (00:00.000 / 01:37.986, 944Mb)
  ...ValueSet DiagnoseDANDEM                                                                         (00:00.000 / 01:37.987, 944Mb)
  ...ValueSet DiagnoseDMPN                                                                           (00:00.000 / 01:37.987, 944Mb)
  ...ValueSet DiagnoseDMPNopfoelgning                                                                (00:00.000 / 01:37.988, 944Mb)
  ...ValueSet DiagnosegruppeHAEMA                                                                    (00:00.000 / 01:37.988, 944Mb)
  ...ValueSet DiagnosetypeDPD                                                                        (00:00.000 / 01:37.989, 944Mb)
  ...ValueSet DialyseOpstartDNSL                                                                     (00:00.000 / 01:37.989, 944Mb)
  ...ValueSet DialyseadgangDNSL                                                                      (00:00.000 / 01:37.990, 944Mb)
  ...ValueSet DoedLokation                                                                           (00:00.000 / 01:37.991, 944Mb)
  ...ValueSet DoedsaarsagALD                                                                         (00:00.000 / 01:37.991, 944Mb)
  ...ValueSet DoedsaarsagCLL                                                                         (00:00.000 / 01:37.992, 944Mb)
  ...ValueSet DoedsaarsagDAMYDA                                                                      (00:00.000 / 01:37.992, 944Mb)
  ...ValueSet DoedsaarsagLYFO                                                                        (00:00.000 / 01:37.993, 944Mb)
  ...ValueSet DoedsaarsagSAH                                                                         (00:00.000 / 01:37.993, 944Mb)
  ...ValueSet DomAendringPauseringRETSPSYK                                                           (00:00.000 / 01:37.994, 944Mb)
  ...ValueSet DomAfslutningRETSPSYK                                                                  (00:00.000 / 01:37.994, 944Mb)
  ...ValueSet DomAnbefalingRETSPSYK                                                                  (00:00.000 / 01:37.995, 944Mb)
  ...ValueSet DomAnbringelseRETSPSYK                                                                 (00:00.000 / 01:37.996, 944Mb)
  ...ValueSet DomBehandlingAmbulantRETSPSYK                                                          (00:00.000 / 01:37.996, 944Mb)
  ...ValueSet DomBehandlingRETSPSYK                                                                  (00:00.000 / 01:37.997, 944Mb)
  ...ValueSet DomForanstaltningstypeRETSPSYK                                                         (00:00.000 / 01:37.997, 944Mb)
  ...ValueSet DomOphaevelseAarsagRETSPSYK                                                            (00:00.000 / 01:37.998, 944Mb)
  ...ValueSet DomPauseringAarsagRETSPSYK                                                             (00:00.000 / 01:37.998, 944Mb)
  ...ValueSet DomTidligereRETSPSYK                                                                   (00:00.000 / 01:37.999, 944Mb)
  ...ValueSet DonorRelationDNSL                                                                      (00:00.000 / 01:37.999, 944Mb)
  ...ValueSet DonorRelationship                                                                      (00:00.000 / 01:38.000, 944Mb)
  ...ValueSet DosisAKbehDKR                                                                          (00:00.000 / 01:38.001, 944Mb)
  ...ValueSet ECOG                                                                                   (00:00.000 / 01:38.001, 944Mb)
  ...ValueSet ECOGHAEMA                                                                              (00:00.000 / 01:38.002, 944Mb)
  ...ValueSet EDTAHaemodialyseDNSL                                                                   (00:00.000 / 01:38.002, 944Mb)
  ...ValueSet EDTAPeritonedialyseDNSL                                                                (00:00.000 / 01:38.003, 944Mb)
  ...ValueSet EDTATransplantationDNSL                                                                (00:00.000 / 01:38.003, 944Mb)
  ...ValueSet EHSVentralHernieLateral                                                                (00:00.000 / 01:38.004, 944Mb)
  ...ValueSet EHSVentralHernieMidtlinie                                                              (00:00.000 / 01:38.005, 944Mb)
  ...ValueSet EHSVentralHernieSamlet                                                                 (00:00.000 / 01:38.005, 944Mb)
  ...ValueSet EHSVentralHernieType                                                                   (00:00.000 / 01:38.006, 944Mb)
  ...ValueSet EORTC14DPD                                                                             (00:00.000 / 01:38.006, 944Mb)
  ...ValueSet EORTC17DPD                                                                             (00:00.000 / 01:38.007, 944Mb)
  ...ValueSet EORTC17DUGA                                                                            (00:00.000 / 01:38.007, 944Mb)
  ...ValueSet EORTC24DPD                                                                             (00:00.000 / 01:38.008, 944Mb)
  ...ValueSet EndoskopiskUdseende                                                                    (00:00.000 / 01:38.008, 944Mb)
  ...ValueSet ErklaeringRETSPSYK                                                                     (00:00.000 / 01:38.009, 944Mb)
  ...ValueSet ExtraordinaryTreatmenCause                                                             (00:00.000 / 01:38.010, 944Mb)
  ...ValueSet FISHProcedure                                                                          (00:00.000 / 01:38.010, 944Mb)
  ...ValueSet FISHResult                                                                             (00:00.000 / 01:38.011, 944Mb)
  ...ValueSet FISHResult202502                                                                       (00:00.000 / 01:38.011, 944Mb)
  ...ValueSet FISHSamples                                                                            (00:00.000 / 01:38.012, 944Mb)
  ...ValueSet FISHSamples202502                                                                      (00:00.000 / 01:38.012, 944Mb)
  ...ValueSet Faggruppe                                                                              (00:00.000 / 01:38.013, 944Mb)
  ...ValueSet FemurKnogletabKlassifikationDHR                                                        (00:00.000 / 01:38.013, 944Mb)
  ...ValueSet FiksationCementeretUcementeret                                                         (00:00.000 / 01:38.014, 944Mb)
  ...ValueSet FiksationCementeretUcementeretAndet                                                    (00:00.000 / 01:38.015, 944Mb)
  ...ValueSet FiksationCementeretUcementeretHybrid                                                   (00:00.000 / 01:38.015, 944Mb)
  ...ValueSet FiksationFemurDKRR                                                                     (00:00.000 / 01:38.016, 944Mb)
  ...ValueSet FiksationFemurDKRR202503                                                               (00:00.000 / 01:38.016, 944Mb)
  ...ValueSet FiksationTibiaDKRR                                                                     (00:00.000 / 01:38.017, 944Mb)
  ...ValueSet FisherGrad                                                                             (00:00.000 / 01:38.017, 944Mb)
  ...ValueSet FoedselsstedRETSPSYK                                                                   (00:00.000 / 01:38.018, 944Mb)
  ...ValueSet FollowUp25Y                                                                            (00:00.000 / 01:38.018, 944Mb)
  ...ValueSet ForsoergelsesgrundlagRETSPSYK                                                          (00:00.000 / 01:38.019, 944Mb)
  ...ValueSet FrakturFriskhedDSR                                                                     (00:00.000 / 01:38.020, 944Mb)
  ...ValueSet FrekvensLaekDUGA                                                                       (00:00.000 / 01:38.020, 944Mb)
  ...ValueSet FrekvensNedsynkningDUGA                                                                (00:00.000 / 01:38.021, 944Mb)
  ...ValueSet FunktionTestADLDANDEM                                                                  (00:00.000 / 01:38.021, 944Mb)
  ...ValueSet FunktionsgruppeDHR                                                                     (00:00.000 / 01:38.022, 944Mb)
  ...ValueSet FunktionsgruppeDKR                                                                     (00:00.000 / 01:38.023, 944Mb)
  ...ValueSet Gender                                                                                 (00:00.000 / 01:38.023, 944Mb)
  ...ValueSet GenoplivStoppet                                                                        (00:00.000 / 01:38.024, 944Mb)
  ...ValueSet Genoplivning                                                                           (00:00.000 / 01:38.024, 944Mb)
  ...ValueSet GlenoidalkomponentIkkeIndsatDSR                                                        (00:00.000 / 01:38.025, 944Mb)
  ...ValueSet GlenoidalkomponentSupplerendeDSR                                                       (00:00.000 / 01:38.025, 944Mb)
  ...ValueSet GradAkutDHDB                                                                           (00:00.000 / 01:38.026, 944Mb)
  ...ValueSet GraftACLDKRR                                                                           (00:00.000 / 01:38.027, 944Mb)
  ...ValueSet GraftDKRR                                                                              (00:00.000 / 01:38.027, 944Mb)
  ...ValueSet GrundlidelseDHR                                                                        (00:00.000 / 01:38.028, 944Mb)
  ...ValueSet GrundlidelseDKR                                                                        (00:00.000 / 01:38.028, 944Mb)
  ...ValueSet GrundlidelseDSR                                                                        (00:00.000 / 01:38.029, 944Mb)
  ...ValueSet GynUndersoegDUGA                                                                       (00:00.000 / 01:38.030, 944Mb)
  ...ValueSet HaemoglobinTransf4                                                                     (00:00.000 / 01:38.030, 944Mb)
  ...ValueSet HandProblemer                                                                          (00:00.000 / 01:38.031, 944Mb)
  ...ValueSet HarrisHipScoreGangafvikling                                                            (00:00.000 / 01:38.032, 944Mb)
  ...ValueSet HarrisHipScoreGangdistance                                                             (00:00.000 / 01:38.033, 944Mb)
  ...ValueSet HarrisHipScoreHjaelpemidler                                                            (00:00.000 / 01:38.033, 944Mb)
  ...ValueSet HarrisHipScoreOffentligTransport                                                       (00:00.000 / 01:38.034, 944Mb)
  ...ValueSet HarrisHipScoreSiddefunktion                                                            (00:00.000 / 01:38.035, 944Mb)
  ...ValueSet HarrisHipScoreSkoStroemper                                                             (00:00.000 / 01:38.036, 944Mb)
  ...ValueSet HarrisHipScoreSmerter                                                                  (00:00.000 / 01:38.036, 944Mb)
  ...ValueSet HarrisHipScoreTrappegang                                                               (00:00.000 / 01:38.037, 944Mb)
  ...ValueSet HeartAttackSTEMIPosition                                                               (00:00.000 / 01:38.038, 944Mb)
  ...ValueSet HeartAttackTypes                                                                       (00:00.000 / 01:38.038, 944Mb)
  ...ValueSet HeartFailure                                                                           (00:00.000 / 01:38.039, 944Mb)
  ...ValueSet HeartRhythm                                                                            (00:00.000 / 01:38.040, 944Mb)
  ...ValueSet HematologicalDiseases                                                                  (00:00.000 / 01:38.041, 944Mb)
  ...ValueSet HemialloplastikFemur                                                                   (00:00.000 / 01:38.041, 944Mb)
  ...ValueSet HenvistFra                                                                             (00:00.000 / 01:38.042, 944Mb)
  ...ValueSet HernieStoerrelse                                                                       (00:00.000 / 01:38.042, 944Mb)
  ...ValueSet HjerneoedemDAP                                                                         (00:00.000 / 01:38.043, 944Mb)
  ...ValueSet Hjerterytme                                                                            (00:00.000 / 01:38.044, 944Mb)
  ...ValueSet HjertestopAarsag                                                                       (00:00.000 / 01:38.044, 944Mb)
  ...ValueSet HumeruskomponentDSR                                                                    (00:00.000 / 01:38.045, 944Mb)
  ...ValueSet HuntHessClassification                                                                 (00:00.000 / 01:38.045, 944Mb)
  ...ValueSet HydrocephalusTiltag                                                                    (00:00.000 / 01:38.046, 944Mb)
  ...ValueSet Hyppighed                                                                              (00:00.000 / 01:38.047, 944Mb)
  ...ValueSet ICHEvakuering                                                                          (00:00.000 / 01:38.047, 944Mb)
  ...ValueSet ICRSGraduering14                                                                       (00:00.000 / 01:38.048, 944Mb)
  ...ValueSet IDC10DPD                                                                               (00:00.000 / 01:38.048, 944Mb)
  ...ValueSet IDC10DPDCancer                                                                         (00:00.000 / 01:38.049, 944Mb)
  ...ValueSet IDC10DPDNonCancer                                                                      (00:00.000 / 01:38.050, 944Mb)
  ...ValueSet IPSSRCytogenetiskRisiko                                                                (00:00.000 / 01:38.050, 944Mb)
  ...ValueSet IkkeBesvaret                                                                           (00:00.000 / 01:38.051, 944Mb)
  ...ValueSet IkkeUdfoert                                                                            (00:00.000 / 01:38.051, 944Mb)
  ...ValueSet Imaging                                                                                (00:00.000 / 01:38.052, 944Mb)
  ...ValueSet ImagingAngio                                                                           (00:00.000 / 01:38.052, 944Mb)
  ...ValueSet Immunoterapi                                                                           (00:00.000 / 01:38.053, 944Mb)
  ...ValueSet ImplantatAnatomiskDesign                                                               (00:00.000 / 01:38.054, 944Mb)
  ...ValueSet ImplantatAnatomiskOffset                                                               (00:00.000 / 01:38.054, 944Mb)
  ...ValueSet ImplantatAnatomiskReverse                                                              (00:00.000 / 01:38.055, 944Mb)
  ...ValueSet ImplantatMaterialeDSR                                                                  (00:00.000 / 01:38.055, 944Mb)
  ...ValueSet ImplantatMaterialeKeramikMetalAndet                                                    (00:00.000 / 01:38.056, 944Mb)
  ...ValueSet ImplantatMaterialePolyethylenKeramikMetal                                              (00:00.000 / 01:38.056, 944Mb)
  ...ValueSet ImplantatReverseDesign                                                                 (00:00.000 / 01:38.057, 944Mb)
  ...ValueSet ImplantattypeDUGA                                                                      (00:00.000 / 01:38.058, 944Mb)
  ...ValueSet Incisionsvalg                                                                          (00:00.000 / 01:38.058, 944Mb)
  ...ValueSet IndgrebAabenIngvinalhernieDHDB                                                         (00:00.000 / 01:38.059, 944Mb)
  ...ValueSet IndgrebAabenMeshIngvinalhernieDHDB                                                     (00:00.000 / 01:38.059, 944Mb)
  ...ValueSet IndgrebComponentsSeparationDHDB                                                        (00:00.000 / 01:38.060, 944Mb)
  ...ValueSet IndgrebComponentsSeparationTypeDHDB                                                    (00:00.000 / 01:38.060, 944Mb)
  ...ValueSet IndgrebFemoralhernieDHDB                                                               (00:00.000 / 01:38.061, 944Mb)
  ...ValueSet IndgrebIngvinalhernieDHDB                                                              (00:00.000 / 01:38.062, 944Mb)
  ...ValueSet IndgrebLaparoskopiskDHDB                                                               (00:00.000 / 01:38.062, 944Mb)
  ...ValueSet IndgrebNerveSet                                                                        (00:00.000 / 01:38.063, 944Mb)
  ...ValueSet IndgrebPrioritetAkutElektiv                                                            (00:00.000 / 01:38.063, 944Mb)
  ...ValueSet IndgrebVentralhernieAndenDHDB                                                          (00:00.000 / 01:38.064, 944Mb)
  ...ValueSet IndgrebVentralhernieDHDB                                                               (00:00.000 / 01:38.064, 944Mb)
  ...ValueSet IndikationTES                                                                          (00:00.000 / 01:38.065, 944Mb)
  ...ValueSet IndsatFjernet                                                                          (00:00.000 / 01:38.065, 944Mb)
  ...ValueSet IndsatIkkeIndsat                                                                       (00:00.000 / 01:38.066, 944Mb)
  ...ValueSet Ingen                                                                                  (00:00.000 / 01:38.067, 944Mb)
  ...ValueSet IngenBehandling                                                                        (00:00.000 / 01:38.067, 944Mb)
  ...ValueSet IngvinalhernieSpecificering                                                            (00:00.000 / 01:38.068, 944Mb)
  ...ValueSet InitialRespons                                                                         (00:00.000 / 01:38.068, 944Mb)
  ...ValueSet Interventionsforloeb                                                                   (00:00.000 / 01:38.069, 944Mb)
  ...ValueSet InterventionsgruppeDialyseHaemoDNSL                                                    (00:00.000 / 01:38.069, 944Mb)
  ...ValueSet InterventionsgruppeDialysePeritonealDNSL                                               (00:00.000 / 01:38.070, 944Mb)
  ...ValueSet InterventionsgruppeTransplantDNSL                                                      (00:00.000 / 01:38.070, 944Mb)
  ...ValueSet InterventionsgruppeTransplantExclDNSL                                                  (00:00.000 / 01:38.071, 944Mb)
  ...ValueSet IntraoperativeLaesionerKDCCG                                                           (00:00.000 / 01:38.072, 944Mb)
  ...ValueSet IntraoperativeLaesionerMDCCG                                                           (00:00.000 / 01:38.072, 944Mb)
  ...ValueSet Intubation                                                                             (00:00.000 / 01:38.073, 944Mb)
  ...ValueSet IntubationRelaks                                                                       (00:00.000 / 01:38.073, 944Mb)
  ...ValueSet JaEnkeltUdfald                                                                         (00:00.000 / 01:38.074, 944Mb)
  ...ValueSet JaNej                                                                                  (00:00.000 / 01:38.075, 944Mb)
  ...ValueSet JaNejBetinget                                                                          (00:00.000 / 01:38.075, 944Mb)
  ...ValueSet JaNejEjMaalt                                                                           (00:00.000 / 01:38.076, 944Mb)
  ...ValueSet JaNejIkkeSpurgt                                                                        (00:00.000 / 01:38.076, 944Mb)
  ...ValueSet JaNejIkkeUdfoert                                                                       (00:00.000 / 01:38.077, 944Mb)
  ...ValueSet JaNejIkkefagligrelevant                                                                (00:00.000 / 01:38.078, 944Mb)
  ...ValueSet JaNejIkkeindiceret                                                                     (00:00.000 / 01:38.078, 944Mb)
  ...ValueSet JaNejIkkerelevant                                                                      (00:00.000 / 01:38.079, 944Mb)
  ...ValueSet JaNejKanIkkeAfgoeres                                                                   (00:00.000 / 01:38.079, 944Mb)
  ...ValueSet JaNejUkendt                                                                            (00:00.000 / 01:38.080, 944Mb)
  ...ValueSet JaNejUkendtIkkerelevant                                                                (00:00.000 / 01:38.080, 944Mb)
  ...ValueSet JaNejUvist                                                                             (00:00.000 / 01:38.081, 944Mb)
  ...ValueSet JaNejUvistIkkeudfoert                                                                  (00:00.000 / 01:38.082, 944Mb)
  ...ValueSet JaNejUvistUkendt                                                                       (00:00.000 / 01:38.082, 944Mb)
  ...ValueSet JaNejUvistUkendtIkkeRelevant                                                           (00:00.000 / 01:38.083, 944Mb)
  ...ValueSet KellgrenLawsonKlassifikation                                                           (00:00.000 / 01:38.083, 944Mb)
  ...ValueSet Kemoterapiregime                                                                       (00:00.000 / 01:38.084, 944Mb)
  ...ValueSet KirurgiskAdgangDSR                                                                     (00:00.000 / 01:38.084, 944Mb)
  ...ValueSet KliniskeSymptomerDCCG                                                                  (00:00.000 / 01:38.085, 944Mb)
  ...ValueSet KnaeLoeshedGradering                                                                   (00:00.000 / 01:38.085, 944Mb)
  ...ValueSet KnaeLoeshedPosterolateral                                                              (00:00.000 / 01:38.086, 944Mb)
  ...ValueSet KnaeakseDKR                                                                            (00:00.000 / 01:38.087, 944Mb)
  ...ValueSet KnoglegraftDSR                                                                         (00:00.000 / 01:38.087, 944Mb)
  ...ValueSet KnogletransplantationDHR                                                               (00:00.000 / 01:38.088, 944Mb)
  ...ValueSet KognitivPaavirkningDANDEM                                                              (00:00.000 / 01:38.088, 944Mb)
  ...ValueSet KognitivTestDANDEM                                                                     (00:00.000 / 01:38.089, 944Mb)
  ...ValueSet KomplAndreDiagDUGA                                                                     (00:00.000 / 01:38.090, 944Mb)
  ...ValueSet KomplAndreProcDUGA                                                                     (00:00.000 / 01:38.090, 944Mb)
  ...ValueSet KomplBlaereDiagDUGA                                                                    (00:00.000 / 01:38.091, 944Mb)
  ...ValueSet KomplBlaereProcDUGA                                                                    (00:00.000 / 01:38.091, 944Mb)
  ...ValueSet KomplBloedDiagDUGA                                                                     (00:00.000 / 01:38.092, 944Mb)
  ...ValueSet KomplBloedProcDUGA                                                                     (00:00.000 / 01:38.093, 944Mb)
  ...ValueSet KomplInfektionDiagDUGA                                                                 (00:00.000 / 01:38.093, 944Mb)
  ...ValueSet KomplInfektionProcDUGA                                                                 (00:00.000 / 01:38.094, 944Mb)
  ...ValueSet KomplOrganperfDiagDUGA                                                                 (00:00.000 / 01:38.094, 944Mb)
  ...ValueSet KomplOrganperfProcDUGA                                                                 (00:00.000 / 01:38.095, 944Mb)
  ...ValueSet KomplikationerBehandlingDEGC                                                           (00:00.000 / 01:38.095, 944Mb)
  ...ValueSet KomplikationerDKRR                                                                     (00:00.000 / 01:38.096, 944Mb)
  ...ValueSet KomplikationerEndovaskulaerSAH                                                         (00:00.000 / 01:38.096, 944Mb)
  ...ValueSet KomplikationerKirurgiskSAH                                                             (00:00.000 / 01:38.097, 944Mb)
  ...ValueSet KomplikationerPeroperativeDHR                                                          (00:00.000 / 01:38.098, 944Mb)
  ...ValueSet KomplikationerPeroperativeDKR                                                          (00:00.000 / 01:38.098, 944Mb)
  ...ValueSet KomplikationerVaskulaerDMPN                                                            (00:00.000 / 01:38.099, 944Mb)
  ...ValueSet KomponentAcetabulumDHR                                                                 (00:00.000 / 01:38.099, 944Mb)
  ...ValueSet KomponentAcetabulumStatusDHR                                                           (00:00.000 / 01:38.100, 944Mb)
  ...ValueSet KomponentFemurDHR                                                                      (00:00.000 / 01:38.100, 944Mb)
  ...ValueSet KomponentFemurDKR                                                                      (00:00.000 / 01:38.101, 944Mb)
  ...ValueSet KomponentFemurDKR202503                                                                (00:00.000 / 01:38.101, 944Mb)
  ...ValueSet KomponentFemurDKRrevision                                                              (00:00.000 / 01:38.102, 944Mb)
  ...ValueSet KomponentFemurDKRrevision202503                                                        (00:00.000 / 01:38.103, 944Mb)
  ...ValueSet KomponentFemurStatusDHR                                                                (00:00.000 / 01:38.103, 944Mb)
  ...ValueSet KomponentFemurStatusDKR                                                                (00:00.000 / 01:38.104, 944Mb)
  ...ValueSet KomponentPatellaDKR                                                                    (00:00.000 / 01:38.104, 944Mb)
  ...ValueSet KomponentPatellaDKRrevision                                                            (00:00.000 / 01:38.105, 944Mb)
  ...ValueSet KomponentPatellaMaterialeDKR                                                           (00:00.000 / 01:38.105, 944Mb)
  ...ValueSet KomponentSupplementDKR                                                                 (00:00.000 / 01:38.106, 944Mb)
  ...ValueSet KomponentTibiaDKR                                                                      (00:00.000 / 01:38.107, 944Mb)
  ...ValueSet KomponentTibiaDKR202503                                                                (00:00.000 / 01:38.107, 944Mb)
  ...ValueSet KomponentTibiaDKRrevision                                                              (00:00.000 / 01:38.108, 944Mb)
  ...ValueSet KomponentTibiaDKRrevision202503                                                        (00:00.000 / 01:38.109, 944Mb)
  ...ValueSet KomponentTibiaStatusDKR                                                                (00:00.000 / 01:38.109, 944Mb)
  ...ValueSet KomponentTypeDKR                                                                       (00:00.000 / 01:38.110, 944Mb)
  ...ValueSet KomponentTypeFemurDHR                                                                  (00:00.000 / 01:38.110, 944Mb)
  ...ValueSet KomponentTypeHullerUdenhullerDHR                                                       (00:00.000 / 01:38.111, 944Mb)
  ...ValueSet KonferenceDPD                                                                          (00:00.000 / 01:38.111, 944Mb)
  ...ValueSet KontaktPatient                                                                         (00:00.000 / 01:38.112, 944Mb)
  ...ValueSet KontaktSted                                                                            (00:00.000 / 01:38.113, 944Mb)
  ...ValueSet KontaktSted2026                                                                        (00:00.000 / 01:38.113, 944Mb)
  ...ValueSet KontaktType1                                                                           (00:00.000 / 01:38.114, 944Mb)
  ...ValueSet Kontamineringsgrad                                                                     (00:00.000 / 01:38.114, 944Mb)
  ...ValueSet KorsbaandEjBevaret                                                                     (00:00.000 / 01:38.115, 944Mb)
  ...ValueSet KursusregAarsag                                                                        (00:00.000 / 01:38.115, 944Mb)
  ...ValueSet LaryngoskopiDegree                                                                     (00:00.000 / 01:38.116, 944Mb)
  ...ValueSet LaryngoskopiDegree2026                                                                 (00:00.000 / 01:38.117, 944Mb)
  ...ValueSet LedbaandsrekonstruktionDKRR                                                            (00:00.000 / 01:38.117, 944Mb)
  ...ValueSet LeftRight                                                                              (00:00.000 / 01:38.118, 944Mb)
  ...ValueSet LifeStatus                                                                             (00:00.000 / 01:38.118, 944Mb)
  ...ValueSet LimnavnDHDB                                                                            (00:00.000 / 01:38.119, 944Mb)
  ...ValueSet LinerCrosslinkedDHR                                                                    (00:00.000 / 01:38.119, 945Mb)
  ...ValueSet LinerMedPostDKR                                                                        (00:00.000 / 01:38.120, 945Mb)
  ...ValueSet LinerUdenPostDKR                                                                       (00:00.000 / 01:38.120, 945Mb)
  ...ValueSet LinertypeDHR                                                                           (00:00.000 / 01:38.121, 945Mb)
  ...ValueSet LipomHandlingDHDB                                                                      (00:00.000 / 01:38.122, 945Mb)
  ...ValueSet LocationExtranodalFemale                                                               (00:00.000 / 01:38.122, 945Mb)
  ...ValueSet LocationExtranodalMale                                                                 (00:00.000 / 01:38.123, 945Mb)
  ...ValueSet LocationNodal                                                                          (00:00.000 / 01:38.123, 945Mb)
  ...ValueSet LocationPriSecNodalFemale                                                              (00:00.000 / 01:38.124, 945Mb)
  ...ValueSet LocationPriSecNodalMale                                                                (00:00.000 / 01:38.124, 945Mb)
  ...ValueSet LokalBloedningDAP                                                                      (00:00.000 / 01:38.125, 945Mb)
  ...ValueSet LokalStraaleterapi                                                                     (00:00.000 / 01:38.125, 945Mb)
  ...ValueSet LokalisationEsophagusDEGC                                                              (00:00.000 / 01:38.126, 945Mb)
  ...ValueSet LokalitetDANARREST                                                                     (00:00.000 / 01:38.127, 945Mb)
  ...ValueSet LokationAneurismeSAH                                                                   (00:00.000 / 01:38.127, 945Mb)
  ...ValueSet LokationLymphomas                                                                      (00:00.000 / 01:38.128, 945Mb)
  ...ValueSet LuftvejForsoeg                                                                         (00:00.000 / 01:38.128, 945Mb)
  ...ValueSet LuftvejsHaandtering                                                                    (00:00.000 / 01:38.129, 945Mb)
  ...ValueSet LuftvejsHaandtering2026                                                                (00:00.000 / 01:38.129, 945Mb)
  ...ValueSet LuftvejsHaandteringsidsteforsoeg                                                       (00:00.000 / 01:38.130, 945Mb)
  ...ValueSet Luftvejsplan                                                                           (00:00.000 / 01:38.131, 945Mb)
  ...ValueSet Luftvejsplan2026                                                                       (00:00.000 / 01:38.131, 945Mb)
  ...ValueSet LukningHudDHDB                                                                         (00:00.000 / 01:38.132, 945Mb)
  ...ValueSet MComponentTypeDAMYDA                                                                   (00:00.000 / 01:38.132, 945Mb)
  ...ValueSet MComponentTypeLyfo                                                                     (00:00.000 / 01:38.133, 945Mb)
  ...ValueSet MDTIkkeFulgt                                                                           (00:00.000 / 01:38.133, 945Mb)
  ...ValueSet MKategoriDCCG                                                                          (00:00.000 / 01:38.134, 945Mb)
  ...ValueSet MKomponentLaboratoriesvar                                                              (00:00.000 / 01:38.135, 945Mb)
  ...ValueSet MLInstabilitetDKR                                                                      (00:00.000 / 01:38.135, 945Mb)
  ...ValueSet MTICIReperfusionsgrad                                                                  (00:00.000 / 01:38.136, 945Mb)
  ...ValueSet MaaleEnhedHAEMA2                                                                       (00:00.000 / 01:38.136, 945Mb)
  ...ValueSet MaaleEnhedHAEMA3                                                                       (00:00.000 / 01:38.137, 945Mb)
  ...ValueSet MaaleudstyrDKRR                                                                        (00:00.000 / 01:38.137, 945Mb)
  ...ValueSet MaalingCalcium                                                                         (00:00.000 / 01:38.138, 945Mb)
  ...ValueSet Maengder                                                                               (00:00.000 / 01:38.138, 945Mb)
  ...ValueSet ManglendeBehandling                                                                    (00:00.000 / 01:38.139, 945Mb)
  ...ValueSet ManglendeEORTC                                                                         (00:00.000 / 01:38.140, 945Mb)
  ...ValueSet ManglendeVisitation                                                                    (00:00.000 / 01:38.140, 945Mb)
  ...ValueSet MedicalScanningTypes                                                                   (00:00.000 / 01:38.141, 945Mb)
  ...ValueSet MedicalScanningTypes202412                                                             (00:00.000 / 01:38.141, 945Mb)
  ...ValueSet MedicinDANARREST                                                                       (00:00.000 / 01:38.142, 945Mb)
  ...ValueSet MedicinPraeparatDSR                                                                    (00:00.000 / 01:38.142, 945Mb)
  ...ValueSet MedicinVarighedDSR                                                                     (00:00.000 / 01:38.143, 945Mb)
  ...ValueSet MedicinalBehandlingPaabegyndtDHR                                                       (00:00.000 / 01:38.144, 945Mb)
  ...ValueSet MenisklaesionBehandlingDKRR                                                            (00:00.000 / 01:38.144, 945Mb)
  ...ValueSet MenisklaesionMedialLateralDKRR                                                         (00:00.000 / 01:38.145, 945Mb)
  ...ValueSet MenisklaesionTypeDKRR                                                                  (00:00.000 / 01:38.145, 945Mb)
  ...ValueSet MeshFikseringDHDB                                                                      (00:00.000 / 01:38.146, 945Mb)
  ...ValueSet MeshPlaceringDHDB                                                                      (00:00.000 / 01:38.146, 945Mb)
  ...ValueSet MeshTeknikDHDB                                                                         (00:00.000 / 01:38.147, 945Mb)
  ...ValueSet MeshTypeIngvinalhernieDHDB                                                             (00:00.000 / 01:38.147, 945Mb)
  ...ValueSet MeshTypeVentralhernieDHDB                                                              (00:00.000 / 01:38.148, 945Mb)
  ...ValueSet ModifiedRaymondRoyKlassification                                                       (00:00.000 / 01:38.149, 945Mb)
  ...ValueSet MolecularRemission                                                                     (00:00.000 / 01:38.149, 945Mb)
  ...ValueSet MolecurlarBiologyExamination                                                           (00:00.000 / 01:38.150, 945Mb)
  ...ValueSet MorsDiagnoseForskelligtDNSL                                                            (00:00.000 / 01:38.150, 945Mb)
  ...ValueSet MorsDiagnoseInfektionerDNSL                                                            (00:00.000 / 01:38.151, 945Mb)
  ...ValueSet MorsDiagnoseKardialDNSL                                                                (00:00.000 / 01:38.151, 945Mb)
  ...ValueSet MorsDiagnoseLeverDNSL                                                                  (00:00.000 / 01:38.152, 945Mb)
  ...ValueSet MorsDiagnoseSocialtDNSL                                                                (00:00.000 / 01:38.153, 945Mb)
  ...ValueSet MorsDiagnoseUlykkeDNSL                                                                 (00:00.000 / 01:38.153, 945Mb)
  ...ValueSet MorsDiagnoseVaskulaerDNSL                                                              (00:00.000 / 01:38.154, 945Mb)
  ...ValueSet MorsDiagnosegrupper                                                                    (00:00.000 / 01:38.155, 945Mb)
  ...ValueSet MuligVanskeligUmulig                                                                   (00:00.000 / 01:38.155, 945Mb)
  ...ValueSet NIHSS10Dysartri                                                                        (00:00.000 / 01:38.156, 945Mb)
  ...ValueSet NIHSS11EkstinktionInattention                                                          (00:00.000 / 01:38.156, 945Mb)
  ...ValueSet NIHSS1aBevidsthedsniveau                                                               (00:00.000 / 01:38.157, 945Mb)
  ...ValueSet NIHSS1bBevidsthedsniveau                                                               (00:00.000 / 01:38.158, 945Mb)
  ...ValueSet NIHSS1cBevidsthedsniveau                                                               (00:00.000 / 01:38.158, 945Mb)
  ...ValueSet NIHSS2Blik                                                                             (00:00.000 / 01:38.159, 945Mb)
  ...ValueSet NIHSS3Synsfelt                                                                         (00:00.000 / 01:38.159, 945Mb)
  ...ValueSet NIHSS4Facialisparese                                                                   (00:00.000 / 01:38.160, 945Mb)
  ...ValueSet NIHSS5FunktionArm                                                                      (00:00.000 / 01:38.160, 945Mb)
  ...ValueSet NIHSS6FunktionBen                                                                      (00:00.000 / 01:38.161, 945Mb)
  ...ValueSet NIHSS7Ataksi                                                                           (00:00.000 / 01:38.162, 945Mb)
  ...ValueSet NIHSS8Sensibilitet                                                                     (00:00.000 / 01:38.162, 945Mb)
  ...ValueSet NIHSS9Sprog                                                                            (00:00.000 / 01:38.163, 945Mb)
  ...ValueSet NKategoriDCCG                                                                          (00:00.000 / 01:38.163, 945Mb)
  ...ValueSet NYHA                                                                                   (00:00.000 / 01:38.164, 945Mb)
  ...ValueSet NeoadjuverendeBehandling                                                               (00:00.000 / 01:38.164, 945Mb)
  ...ValueSet NerveBlockTypeLower                                                                    (00:00.000 / 01:38.165, 945Mb)
  ...ValueSet NerveBlockTypeOther                                                                    (00:00.000 / 01:38.166, 945Mb)
  ...ValueSet NerveBlockTypeUpper                                                                    (00:00.000 / 01:38.166, 945Mb)
  ...ValueSet ObservationAfdeling                                                                    (00:00.000 / 01:38.167, 945Mb)
  ...ValueSet ObservationPatient                                                                     (00:00.000 / 01:38.167, 945Mb)
  ...ValueSet ObservationsstedAN                                                                     (00:00.000 / 01:38.168, 945Mb)
  ...ValueSet ObservationsstedPO                                                                     (00:00.000 / 01:38.169, 945Mb)
  ...ValueSet OnkologiBehandlingsintention                                                           (00:00.000 / 01:38.169, 945Mb)
  ...ValueSet OnkologibehandlingerAll                                                                (00:00.000 / 01:38.170, 945Mb)
  ...ValueSet OnkologibehandlingerKurativ                                                            (00:00.000 / 01:38.170, 945Mb)
  ...ValueSet OperationDanmarkUdlandetDHR                                                            (00:00.000 / 01:38.171, 945Mb)
  ...ValueSet OperationIkkeGennemfortDCCG                                                            (00:00.000 / 01:38.171, 945Mb)
  ...ValueSet OperationKanalAntalDKRR                                                                (00:00.000 / 01:38.172, 945Mb)
  ...ValueSet OperationKanalFemurPlaceringDKRR                                                       (00:00.000 / 01:38.173, 945Mb)
  ...ValueSet OperationerAktuelDKRR                                                                  (00:00.000 / 01:38.173, 945Mb)
  ...ValueSet OperationerDKRR                                                                        (00:00.000 / 01:38.174, 945Mb)
  ...ValueSet Operationserfaring                                                                     (00:00.000 / 01:38.174, 945Mb)
  ...ValueSet OperationspaaklaedningDHR                                                              (00:00.000 / 01:38.175, 945Mb)
  ...ValueSet OperationssaarInfektionKAR                                                             (00:00.000 / 01:38.175, 945Mb)
  ...ValueSet OperationssaarKomplikationerKAR                                                        (00:00.000 / 01:38.176, 945Mb)
  ...ValueSet Operationsside                                                                         (00:00.000 / 01:38.177, 945Mb)
  ...ValueSet OperationssideHoejreVenstreDobbeltsidig                                                (00:00.000 / 01:38.177, 945Mb)
  ...ValueSet OperationssideKAR                                                                      (00:00.000 / 01:38.178, 945Mb)
  ...ValueSet OperationsstueDKR                                                                      (00:00.000 / 01:38.178, 945Mb)
  ...ValueSet OperationsstueFlowKonventionel                                                         (00:00.000 / 01:38.179, 945Mb)
  ...ValueSet OperationstypeFoersteRecidiv                                                           (00:00.000 / 01:38.179, 945Mb)
  ...ValueSet OperationstypeLYFO                                                                     (00:00.000 / 01:38.180, 945Mb)
  ...ValueSet OperationstypePrimaerRevision                                                          (00:00.000 / 01:38.181, 945Mb)
  ...ValueSet OperationstypePrimaerSekundaer                                                         (00:00.000 / 01:38.181, 945Mb)
  ...ValueSet OperativAdgangDKR                                                                      (00:00.000 / 01:38.182, 945Mb)
  ...ValueSet OperativProcedureKategoriDCCG                                                          (00:00.000 / 01:38.182, 945Mb)
  ...ValueSet OperativProcedureKategoriKolonDCCG                                                     (00:00.000 / 01:38.183, 945Mb)
  ...ValueSet OperativProcedureKategoriRektumDCCG                                                    (00:00.000 / 01:38.183, 945Mb)
  ...ValueSet OperativeAdgangDHR                                                                     (00:00.000 / 01:38.184, 945Mb)
  ...ValueSet OperativtFundIngvinalhernieDHDB                                                        (00:00.000 / 01:38.185, 945Mb)
  ...ValueSet OperativtSigteDCCG                                                                     (00:00.000 / 01:38.185, 945Mb)
  ...ValueSet OpkodeGenitalProlapsDUGA                                                               (00:00.000 / 01:38.186, 945Mb)
  ...ValueSet OpkodeUrinGenitalDUGA                                                                  (00:00.000 / 01:38.186, 945Mb)
  ...ValueSet OpkodeUrinInkontinensDUGA                                                              (00:00.000 / 01:38.187, 945Mb)
  ...ValueSet OsteotomiTypeAlmindeligExtendedDHR                                                     (00:00.000 / 01:38.187, 945Mb)
  ...ValueSet POPQAaApDUGA                                                                           (00:00.000 / 01:38.188, 945Mb)
  ...ValueSet POPQBaDUGA                                                                             (00:00.000 / 01:38.189, 945Mb)
  ...ValueSet POPQBpDUGA                                                                             (00:00.000 / 01:38.189, 945Mb)
  ...ValueSet POPQCDDUGA                                                                             (00:00.000 / 01:38.190, 945Mb)
  ...ValueSet POPQGhDUGA                                                                             (00:00.000 / 01:38.190, 945Mb)
  ...ValueSet POPQKompartmentDUGA                                                                    (00:00.000 / 01:38.191, 945Mb)
  ...ValueSet POPQPbDUGA                                                                             (00:00.000 / 01:38.191, 945Mb)
  ...ValueSet POPQTvlDUGA                                                                            (00:00.000 / 01:38.192, 945Mb)
  ...ValueSet PRDcodes                                                                               (00:00.000 / 01:38.193, 945Mb)
  ...ValueSet PTNMtype                                                                               (00:00.000 / 01:38.193, 945Mb)
  ...ValueSet PaavirkningPaagaaendeRETSPSYK                                                          (00:00.000 / 01:38.194, 945Mb)
  ...ValueSet PaavirkningRETSPSYK                                                                    (00:00.000 / 01:38.194, 945Mb)
  ...ValueSet ParagrafferRETSPSYK                                                                    (00:00.000 / 01:38.195, 945Mb)
  ...ValueSet PatobankSNOMEDCytogenetikMDS                                                           (00:00.000 / 01:38.195, 945Mb)
  ...ValueSet PatobankSNOMEDDMPNDiagnose                                                             (00:00.000 / 01:38.196, 945Mb)
  ...ValueSet PatobankSNOMEDDiagnoserLYFO                                                            (00:00.000 / 01:38.197, 945Mb)
  ...ValueSet PatobankSNOMEDDiagnoserLYFO2026                                                        (00:00.000 / 01:38.197, 945Mb)
  ...ValueSet PatobankSNOMEDLeukemiaDiagnose                                                         (00:00.000 / 01:38.198, 945Mb)
  ...ValueSet PatobankSNOMEDMDSDiagnose                                                              (00:00.000 / 01:38.198, 945Mb)
  ...ValueSet PatobankSNOMEDpTNMpM                                                                   (00:00.000 / 01:38.199, 945Mb)
  ...ValueSet PatobankSNOMEDpTNMpN                                                                   (00:00.000 / 01:38.200, 945Mb)
  ...ValueSet PatobankSNOMEDpTNMpT                                                                   (00:00.000 / 01:38.200, 945Mb)
  ...ValueSet PerforationDUGA                                                                        (00:00.000 / 01:38.201, 945Mb)
  ...ValueSet PerioderMK                                                                             (00:00.000 / 01:38.201, 945Mb)
  ...ValueSet PeritonealdefektLukningDHDB                                                            (00:00.000 / 01:38.202, 945Mb)
  ...ValueSet PeroperativMetastasebehandling                                                         (00:00.000 / 01:38.202, 945Mb)
  ...ValueSet PivotShift                                                                             (00:00.000 / 01:38.203, 945Mb)
  ...ValueSet PlasmaDiagnose                                                                         (00:00.000 / 01:38.204, 945Mb)
  ...ValueSet PlasmaDiagnose202412                                                                   (00:00.000 / 01:38.204, 945Mb)
  ...ValueSet PostoperativeKomplikationerDCCG                                                        (00:00.000 / 01:38.205, 945Mb)
  ...ValueSet PraeoperativMetastaseBehandlingDCCG                                                    (00:00.000 / 01:38.205, 945Mb)
  ...ValueSet PraeoperativPlanlaegningDSR                                                            (00:00.000 / 01:38.206, 945Mb)
  ...ValueSet PraeoperativUdrensningDCCG                                                             (00:00.000 / 01:38.207, 945Mb)
  ...ValueSet PreoperativTemplating                                                                  (00:00.000 / 01:38.207, 945Mb)
  ...ValueSet Priority                                                                               (00:00.000 / 01:38.208, 945Mb)
  ...ValueSet ProcedureIkkeGennemfortDCCG                                                            (00:00.000 / 01:38.208, 945Mb)
  ...ValueSet ProcedureTypeDCCG1                                                                     (00:00.000 / 01:38.209, 945Mb)
  ...ValueSet ProcedureTypeDCCG2                                                                     (00:00.000 / 01:38.210, 945Mb)
  ...ValueSet ProcedureTypeDCCG3                                                                     (00:00.000 / 01:38.210, 945Mb)
  ...ValueSet ProcedureUdfoertDCCG                                                                   (00:00.000 / 01:38.211, 945Mb)
  ...ValueSet ProcedureUdfoertK1DCCG                                                                 (00:00.000 / 01:38.211, 945Mb)
  ...ValueSet ProcedureUdfoertK2DCCG                                                                 (00:00.000 / 01:38.212, 945Mb)
  ...ValueSet ProcedureUdfoertK3DCCG                                                                 (00:00.000 / 01:38.213, 945Mb)
  ...ValueSet ProcedureUdfoertR1DCCG                                                                 (00:00.000 / 01:38.213, 945Mb)
  ...ValueSet ProcedureUdfoertR2DCCG                                                                 (00:00.000 / 01:38.214, 945Mb)
  ...ValueSet ProcedureUdfoertR3DCCG                                                                 (00:00.000 / 01:38.215, 945Mb)
  ...ValueSet ProcedureUdfoertR4DCCG                                                                 (00:00.000 / 01:38.215, 945Mb)
  ...ValueSet ProcedureVarighed15min                                                                 (00:00.000 / 01:38.216, 945Mb)
  ...ValueSet ProcedureVarighed5min                                                                  (00:00.000 / 01:38.216, 945Mb)
  ...ValueSet ProcedurerAndreDKRR                                                                    (00:00.000 / 01:38.217, 945Mb)
  ...ValueSet ProgressionCML                                                                         (00:00.000 / 01:38.218, 945Mb)
  ...ValueSet ProteseDSR                                                                             (00:00.000 / 01:38.218, 945Mb)
  ...ValueSet ProteseFjernelseDHR                                                                    (00:00.000 / 01:38.219, 945Mb)
  ...ValueSet ProtesestatusDHR                                                                       (00:00.000 / 01:38.219, 945Mb)
  ...ValueSet Pupilforhold                                                                           (00:00.000 / 01:38.220, 945Mb)
  ...ValueSet RKlassifikation                                                                        (00:00.000 / 01:38.221, 945Mb)
  ...ValueSet RKlassifikationTilDegc                                                                 (00:00.000 / 01:38.221, 945Mb)
  ...ValueSet Radioimmunoterapi                                                                      (00:00.000 / 01:38.222, 945Mb)
  ...ValueSet RadiologicalBoneChanges                                                                (00:00.000 / 01:38.222, 945Mb)
  ...ValueSet RadiologicalBoneChanges202412                                                          (00:00.000 / 01:38.223, 945Mb)
  ...ValueSet ReferredForTraining                                                                    (00:00.000 / 01:38.224, 945Mb)
  ...ValueSet Regioner                                                                               (00:00.000 / 01:38.224, 945Mb)
  ...ValueSet RegistreringEksklusionHAEMA                                                            (00:00.000 / 01:38.225, 945Mb)
  ...ValueSet ReoperationAarsagDKRR                                                                  (00:00.000 / 01:38.225, 945Mb)
  ...ValueSet ResektionUdfoerelseDCCG                                                                (00:00.000 / 01:38.226, 945Mb)
  ...ValueSet Resektionstype                                                                         (00:00.000 / 01:38.227, 945Mb)
  ...ValueSet ResttumorGradering                                                                     (00:00.000 / 01:38.227, 945Mb)
  ...ValueSet Result                                                                                 (00:00.000 / 01:38.228, 945Mb)
  ...ValueSet ResultTestFISH                                                                         (00:00.000 / 01:38.228, 945Mb)
  ...ValueSet RevisionAarsagDKRR                                                                     (00:00.000 / 01:38.229, 945Mb)
  ...ValueSet RevisionDHR                                                                            (00:00.000 / 01:38.229, 945Mb)
  ...ValueSet RevisionHumerusCavitasDSR                                                              (00:00.000 / 01:38.230, 945Mb)
  ...ValueSet RevisionHumerusKomponentDSR                                                            (00:00.000 / 01:38.231, 945Mb)
  ...ValueSet RevisionIndikationAseptiskDSR                                                          (00:00.000 / 01:38.231, 945Mb)
  ...ValueSet RevisionIndikationDHR                                                                  (00:00.000 / 01:38.232, 945Mb)
  ...ValueSet RevisionIndikationDKR                                                                  (00:00.000 / 01:38.232, 945Mb)
  ...ValueSet RevisionIndikationDSR                                                                  (00:00.000 / 01:38.233, 945Mb)
  ...ValueSet RevisionStatusDKR                                                                      (00:00.000 / 01:38.233, 945Mb)
  ...ValueSet RevisionUdskiftningDHR                                                                 (00:00.000 / 01:38.234, 945Mb)
  ...ValueSet RevisionstypeDSR                                                                       (00:00.000 / 01:38.235, 945Mb)
  ...ValueSet RisikofaktorerDMPN                                                                     (00:00.000 / 01:38.235, 945Mb)
  ...ValueSet RisikovurderingRETSPSYK                                                                (00:00.000 / 01:38.236, 945Mb)
  ...ValueSet RobotDHDB                                                                              (00:00.000 / 01:38.236, 945Mb)
  ...ValueSet RobotDKR                                                                               (00:00.000 / 01:38.237, 945Mb)
  ...ValueSet Ryger8uger                                                                             (00:00.000 / 01:38.237, 945Mb)
  ...ValueSet Rygning                                                                                (00:00.000 / 01:38.238, 945Mb)
  ...ValueSet RygningDCCG                                                                            (00:00.000 / 01:38.239, 945Mb)
  ...ValueSet Rytme1Obs                                                                              (00:00.000 / 01:38.239, 945Mb)
  ...ValueSet RytmeAnalyseMetode                                                                     (00:00.000 / 01:38.240, 945Mb)
  ...ValueSet RytmeDefibrilleringMetode                                                              (00:00.000 / 01:38.240, 945Mb)
  ...ValueSet SKSApopleksiDiagnoser                                                                  (00:00.000 / 01:38.241, 945Mb)
  ...ValueSet SKSExtraModularDisease                                                                 (00:00.000 / 01:38.241, 945Mb)
  ...ValueSet SKSOperationerKAR                                                                      (00:00.000 / 01:38.242, 945Mb)
  ...ValueSet SKSSymptomatiskAsymptomatisk                                                           (00:00.000 / 01:38.243, 945Mb)
  ...ValueSet SKSUdskrivningsdiagnoserTrombolyse                                                     (00:00.000 / 01:38.243, 945Mb)
  ...ValueSet SKSVentrikelEsophagus                                                                  (00:00.000 / 01:38.244, 945Mb)
  ...ValueSet SKScTNMcM                                                                              (00:00.000 / 01:38.244, 945Mb)
  ...ValueSet SKScTNMcN                                                                              (00:00.000 / 01:38.245, 945Mb)
  ...ValueSet SKScTNMcT                                                                              (00:00.000 / 01:38.246, 945Mb)
  ...ValueSet SKShjertesvigtDHD                                                                      (00:00.000 / 01:38.246, 945Mb)
  ...ValueSet SORAfdelingerDNSL                                                                      (00:00.000 / 01:38.247, 945Mb)
  ...ValueSet SORAfdelingerHaema                                                                     (00:00.000 / 01:38.247, 945Mb)
  ...ValueSet SORAfdelingerUHDNSL                                                                    (00:00.000 / 01:38.248, 945Mb)
  ...ValueSet SORNeurokirurgiskeAfdelingerDAP                                                        (00:00.000 / 01:38.249, 945Mb)
  ...ValueSet SORNeurologiskeAfdelingerDAP                                                           (00:00.000 / 01:38.249, 945Mb)
  ...ValueSet SOROverflytningRETSPSYK                                                                (00:00.000 / 01:38.250, 945Mb)
  ...ValueSet SOROverflytningRETSPSYKHS                                                              (00:00.000 / 01:38.250, 945Mb)
  ...ValueSet SOROverflytningRETSPSYKMJ                                                              (00:00.000 / 01:38.251, 945Mb)
  ...ValueSet SOROverflytningRETSPSYKNJ                                                              (00:00.000 / 01:38.252, 945Mb)
  ...ValueSet SOROverflytningRETSPSYKSD                                                              (00:00.000 / 01:38.252, 945Mb)
  ...ValueSet SOROverflytningRETSPSYKSJ                                                              (00:00.000 / 01:38.253, 945Mb)
  ...ValueSet SORTrombolyseenhedDAP                                                                  (00:00.000 / 01:38.254, 945Mb)
  ...ValueSet SORafdSkema3Duga                                                                       (00:00.000 / 01:38.254, 945Mb)
  ...ValueSet SSSArmloeft                                                                            (00:00.000 / 01:38.255, 945Mb)
  ...ValueSet SSSBenloeft                                                                            (00:00.000 / 01:38.255, 945Mb)
  ...ValueSet SSSBevidsthed                                                                          (00:00.000 / 01:38.256, 945Mb)
  ...ValueSet SSSFacialisparese                                                                      (00:00.000 / 01:38.256, 945Mb)
  ...ValueSet SSSGang                                                                                (00:00.000 / 01:38.257, 945Mb)
  ...ValueSet SSSHaandtryk                                                                           (00:00.000 / 01:38.258, 945Mb)
  ...ValueSet SSSOejenmotorik                                                                        (00:00.000 / 01:38.258, 945Mb)
  ...ValueSet SSSOrientering                                                                         (00:00.000 / 01:38.259, 945Mb)
  ...ValueSet SSSTale                                                                                (00:00.000 / 01:38.259, 945Mb)
  ...ValueSet ScanningstyperCTMR                                                                     (00:00.000 / 01:38.260, 945Mb)
  ...ValueSet ScoreCentralBlock                                                                      (00:00.000 / 01:38.261, 945Mb)
  ...ValueSet ScoreTyperHOFTER                                                                       (00:00.000 / 01:38.261, 945Mb)
  ...ValueSet Skala                                                                                  (00:00.000 / 01:38.262, 945Mb)
  ...ValueSet Skematype                                                                              (00:00.000 / 01:38.263, 945Mb)
  ...ValueSet SlyngeDUGA                                                                             (00:00.000 / 01:38.263, 945Mb)
  ...ValueSet SmerteKvalme                                                                           (00:00.000 / 01:38.264, 945Mb)
  ...ValueSet Splenomegali                                                                           (00:00.000 / 01:38.265, 945Mb)
  ...ValueSet Status                                                                                 (00:00.000 / 01:38.265, 945Mb)
  ...ValueSet StemkarakteristikDSR                                                                   (00:00.000 / 01:38.266, 945Mb)
  ...ValueSet StemlaengdeDSR                                                                         (00:00.000 / 01:38.267, 945Mb)
  ...ValueSet StomiTypeDHDB                                                                          (00:00.000 / 01:38.267, 945Mb)
  ...ValueSet StopTeam                                                                               (00:00.000 / 01:38.268, 945Mb)
  ...ValueSet StraalebehandlingMaal                                                                  (00:00.000 / 01:38.268, 945Mb)
  ...ValueSet StraalebehandlingTAAll                                                                 (00:00.000 / 01:38.269, 945Mb)
  ...ValueSet StraaleterapiLYFO                                                                      (00:00.000 / 01:38.269, 945Mb)
  ...ValueSet StraffelovsparagrafRETSPSYK                                                            (00:00.000 / 01:38.270, 945Mb)
  ...ValueSet SubscapularisDSR                                                                       (00:00.000 / 01:38.271, 945Mb)
  ...ValueSet SupplerendeIndgrebDSR                                                                  (00:00.000 / 01:38.271, 945Mb)
  ...ValueSet SuspensionDUGA                                                                         (00:00.000 / 01:38.272, 945Mb)
  ...ValueSet SuturHurtigResorberbarMonoDHDB                                                         (00:00.000 / 01:38.272, 945Mb)
  ...ValueSet SuturHurtigResorberbarMultiDHDB                                                        (00:00.000 / 01:38.273, 945Mb)
  ...ValueSet SuturLangsomResorberbarMonoDHDB                                                        (00:00.000 / 01:38.273, 945Mb)
  ...ValueSet SuturMaterialeVentralhernieDHDB                                                        (00:00.000 / 01:38.274, 945Mb)
  ...ValueSet SuturMonofilamentTypeVentralhernieDHDB                                                 (00:00.000 / 01:38.274, 945Mb)
  ...ValueSet SuturNonResorberbarMonoDHDB                                                            (00:00.000 / 01:38.275, 945Mb)
  ...ValueSet SuturNonResorberbarMultiDHDB                                                           (00:00.000 / 01:38.276, 945Mb)
  ...ValueSet SuturTypeDHDB                                                                          (00:00.000 / 01:38.276, 945Mb)
  ...ValueSet SuturTypeVentralhernieDHDB                                                             (00:00.000 / 01:38.277, 945Mb)
  ...ValueSet SygdomMedicinskBehandletDHDB                                                           (00:00.000 / 01:38.277, 945Mb)
  ...ValueSet Sygdomsfase                                                                            (00:00.000 / 01:38.278, 945Mb)
  ...ValueSet SygdomsomraaderAlle                                                                    (00:00.000 / 01:38.279, 945Mb)
  ...ValueSet SygdomsomraaderDOF                                                                     (00:00.000 / 01:38.279, 945Mb)
  ...ValueSet SygdomsomraaderHaema                                                                   (00:00.000 / 01:38.280, 945Mb)
  ...ValueSet SymptomerMikrovaskulaer                                                                (00:00.000 / 01:38.280, 945Mb)
  ...ValueSet TKategoriDCCG                                                                          (00:00.000 / 01:38.281, 945Mb)
  ...ValueSet TackernavnAbsorberbarDHDB                                                              (00:00.000 / 01:38.282, 945Mb)
  ...ValueSet TackernavnNonAbsorberbarDHDB                                                           (00:00.000 / 01:38.282, 945Mb)
  ...ValueSet TackertypeDHDB                                                                         (00:00.000 / 01:38.283, 945Mb)
  ...ValueSet TidligereIndgrebDSR                                                                    (00:00.000 / 01:38.283, 945Mb)
  ...ValueSet TidligereOperationDKR                                                                  (00:00.000 / 01:38.284, 945Mb)
  ...ValueSet TidligereOperationHofte                                                                (00:00.000 / 01:38.284, 945Mb)
  ...ValueSet TilsynAfdeling                                                                         (00:00.000 / 01:38.285, 945Mb)
  ...ValueSet Transplantation                                                                        (00:00.000 / 01:38.286, 945Mb)
  ...ValueSet Transplantation1                                                                       (00:00.000 / 01:38.286, 945Mb)
  ...ValueSet TransplantationCageAugmentDHR                                                          (00:00.000 / 01:38.287, 945Mb)
  ...ValueSet TransplantationTypeDHR                                                                 (00:00.000 / 01:38.287, 945Mb)
  ...ValueSet TransplantationcenterALG                                                               (00:00.000 / 01:38.288, 945Mb)
  ...ValueSet TransplantationstypeCML                                                                (00:00.000 / 01:38.289, 945Mb)
  ...ValueSet TreatmentCrossSection                                                                  (00:00.000 / 01:38.289, 945Mb)
  ...ValueSet TreatmentIndicationCLL                                                                 (00:00.000 / 01:38.290, 945Mb)
  ...ValueSet TreatmentMethodMRD                                                                     (00:00.000 / 01:38.290, 945Mb)
  ...ValueSet TreatmentPreservation                                                                  (00:00.000 / 01:38.291, 945Mb)
  ...ValueSet TreatmentRegimen-2025                                                                  (00:00.000 / 01:38.291, 945Mb)
  ...ValueSet TreatmentRegimen                                                                       (00:00.000 / 01:38.292, 945Mb)
  ...ValueSet TreatmentResponseALD                                                                   (00:00.000 / 01:38.292, 945Mb)
  ...ValueSet TreatmentResponseDAMYDA                                                                (00:00.000 / 01:38.293, 945Mb)
  ...ValueSet TreatmentResponseEvaluationCLL                                                         (00:00.000 / 01:38.293, 945Mb)
  ...ValueSet TreatmentResponseEvaluationLYFO                                                        (00:00.000 / 01:38.294, 945Mb)
  ...ValueSet TreatmentScheduledALD                                                                  (00:00.000 / 01:38.295, 945Mb)
  ...ValueSet TreatmentScheduledDAMYDA                                                               (00:00.000 / 01:38.295, 945Mb)
  ...ValueSet TreatmentTypeOncology                                                                  (00:00.000 / 01:38.296, 945Mb)
  ...ValueSet TrombektomiPerfusion                                                                   (00:00.000 / 01:38.296, 945Mb)
  ...ValueSet Trombolysepraeparater                                                                  (00:00.000 / 01:38.297, 945Mb)
  ...ValueSet TrombolyseprofylakseDHR                                                                (00:00.000 / 01:38.297, 945Mb)
  ...ValueSet TumorLokalisationDCCG                                                                  (00:00.000 / 01:38.298, 945Mb)
  ...ValueSet TumorklassifikationBehandlingDEGC                                                      (00:00.000 / 01:38.299, 945Mb)
  ...ValueSet TumorklassifikationDEGC                                                                (00:00.000 / 01:38.299, 945Mb)
  ...ValueSet TumorklassifikationDiagnoseDEGC                                                        (00:00.000 / 01:38.300, 945Mb)
  ...ValueSet TypeLokalresektionDCCG                                                                 (00:00.000 / 01:38.300, 945Mb)
  ...ValueSet TypeLokalresektionKolonDCCG                                                            (00:00.000 / 01:38.301, 945Mb)
  ...ValueSet TypeLokalresektionRektumDCCG                                                           (00:00.000 / 01:38.301, 945Mb)
  ...ValueSet UMComponentTypeDAMYDA                                                                  (00:00.000 / 01:38.302, 945Mb)
  ...ValueSet UdfoerendeLAB                                                                          (00:00.000 / 01:38.302, 945Mb)
  ...ValueSet UdredningDANDEM                                                                        (00:00.000 / 01:38.303, 945Mb)
  ...ValueSet UdredningDANDEM2025                                                                    (00:00.000 / 01:38.304, 945Mb)
  ...ValueSet UdredningKliniskGenetisk                                                               (00:00.000 / 01:38.304, 945Mb)
  ...ValueSet UdskrevetTil                                                                           (00:00.000 / 01:38.305, 945Mb)
  ...ValueSet UndersoegelsesTypeDUGA                                                                 (00:00.000 / 01:38.305, 945Mb)
  ...ValueSet UndersoendeLAB                                                                         (00:00.000 / 01:38.306, 945Mb)
  ...ValueSet Undervisning                                                                           (00:00.000 / 01:38.306, 945Mb)
  ...ValueSet Uoplyst                                                                                (00:00.000 / 01:38.307, 945Mb)
  ...ValueSet UrniLaekDUGA                                                                           (00:00.000 / 01:38.308, 945Mb)
  ...ValueSet Uspecificeret                                                                          (00:00.000 / 01:38.308, 945Mb)
  ...ValueSet VancouverKlassifikationDHR                                                             (00:00.000 / 01:38.309, 945Mb)
  ...ValueSet VancouverKlassifikationPeroperativDHR                                                  (00:00.000 / 01:38.309, 945Mb)
  ...ValueSet VarigRespons                                                                           (00:00.000 / 01:38.310, 945Mb)
  ...ValueSet VarighedDKR                                                                            (00:00.000 / 01:38.310, 945Mb)
  ...ValueSet VarighedPostOPTrombDKR                                                                 (00:00.000 / 01:38.311, 945Mb)
  ...ValueSet VarighedPostOPTrombDKR1                                                                (00:00.000 / 01:38.311, 945Mb)
  ...ValueSet VarighedPostOPTrombDKR2                                                                (00:00.000 / 01:38.312, 945Mb)
  ...ValueSet VarighedPostOPTrombDKR3                                                                (00:00.000 / 01:38.313, 945Mb)
  ...ValueSet VarighedPostOPTrombDKRNOAK                                                             (00:00.000 / 01:38.313, 945Mb)
  ...ValueSet VarighedPostOPTrombDKRVitKanta                                                         (00:00.000 / 01:38.314, 945Mb)
  ...ValueSet VasospasmerPaavisning                                                                  (00:00.000 / 01:38.314, 945Mb)
  ...ValueSet VasospasmerTiltag                                                                      (00:00.000 / 01:38.315, 945Mb)
  ...ValueSet VentralHernieCicatriceTypeDHDB                                                         (00:00.000 / 01:38.315, 945Mb)
  ...ValueSet VentralHernieTypeDHDB                                                                  (00:00.000 / 01:38.316, 945Mb)
  ...ValueSet VentralHernieTypeDHDB2026                                                              (00:00.000 / 01:38.316, 945Mb)
  ...ValueSet WFNSGradering                                                                          (00:00.000 / 01:38.317, 945Mb)
  ...ValueSet WHOPerformanceStatus04                                                                 (00:00.000 / 01:38.318, 945Mb)
  ...ValueSet WOOSArmloeftDSR                                                                        (00:00.000 / 01:38.318, 945Mb)
  ...ValueSet WOOSHaenderDSR                                                                         (00:00.000 / 01:38.319, 945Mb)
  ...ValueSet WOOSTraeningDSR                                                                        (00:00.000 / 01:38.319, 945Mb)
  ...ValueSet WalchKlassifikationDSR                                                                 (00:00.000 / 01:38.320, 945Mb)
  ...ValueSet locationExtranodalFemale-V2                                                            (00:00.000 / 01:38.320, 945Mb)
  ...ValueSet locationExtranodalMale-V2                                                              (00:00.000 / 01:38.321, 945Mb)
  ...ValueSet locationNodal-V2                                                                       (00:00.000 / 01:38.321, 945Mb)
finish previous version comparison                                                                   (00:00.000 / 01:38.322, 945Mb)
finish ipa version                                                                                   (00:00.000 / 01:38.323, 945Mb)
finish ips version                                                                                   (00:00.000 / 01:38.323, 945Mb)
comparisons done                                                                                     (00:00.000 / 01:38.324, 945Mb)
Checking for Bundles to sign                                                                         (00:00.037 / 01:38.361, 954Mb)
Validating Resources                                                                                 (00:00.001 / 01:38.362, 955Mb)
Processing Provenance Records                                                                        (00:00.159 / 01:38.522, 1005Mb)
Generating Outputs in /tmp/ig-builds/dk.kip.rkkp.fhir.ig.core#2.23.2-milestone/output                (00:00.001 / 01:38.524, 1005Mb)
Generate Native Outputs                                                                              (00:00.348 / 01:38.872, 1Gb)
Run Template                                                                                         (00:23.230 / 02:02.103, 2Gb)
Generate HTML Outputs                                                                                (00:02.032 / 02:04.135, 1Gb)
Generate Spreadsheets                                                                                (00:14.307 / 02:18.443, 1Gb)
Generate Summaries                                                                                   (00:00.370 / 02:18.813, 1Gb)
Generating Summary Outputs                                                                           (00:00.000 / 02:18.814, 1Gb)
Table of contents has a section with more than 222 entries.  Collapsing will not work reliably
DB Cumulative Time invested: 00:00:01.450
Sending Usage Stats to Server                                                                        (00:02.902 / 02:21.716, 831Mb)
## Memory (MB): Use = 831, Free = 1578, Total = 2410, Max = 3998                                     (00:00.001 / 02:21.717, 831Mb)
Reclaiming memory...                                                                                 (00:00.000 / 02:21.718, 831Mb)
Generating combined package                                                                          (00:00.169 / 02:21.887, 834Mb)
Error generating combined package: /tmp/ig-builds/dk.kip.rkkp.fhir.ig.core#2.23.2-milestone/output/package.tgz (No such file or directory) (00:00.001 / 02:21.889, 834Mb)
## Memory (MB): Use = 758, Free = 1651, Total = 2410, Max = 3998                                     (00:00.526 / 02:22.415, 759Mb)
Run jekyll: jekyll build --destination "/tmp/ig-builds/dk.kip.rkkp.fhir.ig.core#2.23.2-milestone/output" (in folder /tmp/ig-builds/dk.kip.rkkp.fhir.ig.core#2.23.2-milestone/temp/pages) (00:00.001 / 02:22.417, 759Mb)
Troubleshooting Note: usual cases for Jekyll to fail are:                                            (00:00.001 / 02:22.418, 759Mb)
* A failure to produce a fragment that is already logged in the output above                         (00:00.000 / 02:22.419, 759Mb)
* A reference to a manually edited file that hasn't been provided                                    (00:00.000 / 02:22.420, 759Mb)
Jekyll: Source: /tmp/ig-builds/dk.kip.rkkp.fhir.ig.core#2.23.2-milestone/temp/pages                  (00:00.406 / 02:22.826, 761Mb)
Jekyll: Generating...                                                                                (00:00.001 / 02:22.827, 761Mb)
Jekyll: done in 16.732 seconds.                                                                      (00:16.731 / 02:39.559, 761Mb)
[39m
[0;39m[39mInstalling dk.kip.rkkp.fhir.ig.core#2.23.2
[0;39m[39m loaded @ /root/.fhir/packages/dk.kip.rkkp.fhir.ig.core#2.23.2
[0;39mChecking Output HTML                                                                                 (00:04.632 / 02:44.191, 819Mb)
Processed /tmp/ig-builds/dk.kip.rkkp.fhir.ig.core#2.23.2-milestone/output - % reduction = 98 (148351195 ==> 4246843)
found 11830 files                                                                                    (00:03.847 / 02:48.039, 1Gb)
........................................
........................................
  ... 11830 html files, 0 pages invalid xhtml (0%)                                                   (00:32.325 / 03:20.365, 838Mb)
  ... 461375 links, 11 broken links (0%)                                                             (00:00.001 / 03:20.366, 838Mb)
Generate fragment-usage-analysis.csv                                                                 (00:00.000 / 03:20.367, 838Mb)
Build final .zip                                                                                     (00:00.006 / 03:20.374, 839Mb)
Final .zip built                                                                                     (00:06.357 / 03:26.732, 2Gb)
Built. Times: loading: 00:17.753, generate: 02:29.144, narrative generation: 00:01.371, realm-rules: 00:00.001, previous-version: 00:00.597, jekyll: 00:17.197, validation: 00:20.979 (#1022), template: 00:02.037 (#3) (00:17.556 / 03:44.288, 1Gb)
Generating QA                                                                                        (00:00.001 / 03:44.289, 1Gb)
Validation output in /tmp/ig-builds/dk.kip.rkkp.fhir.ig.core#2.23.2-milestone/output/qa.html
Errors: 27, Warnings: 1512, Info: 3523, Broken Links: 11 (00:01.824 / 03:46.114, 2Gb)
Finished @ 7/3/26, 9:35 AM. Max Memory Used = 2Gb. Log file saved in /tmp/fhir-ig-publisher-tmp.log  (00:00.093 / 03:46.207, 2Gb)
Keep a copy of the build directory at /tmp/web-root/run-20260703/ig-build-zips/dk.kip.rkkp.fhir.ig.core#2.23.2.zip

ok. All checks passed. Publish v2.23.2 to /tmp/web-root/run-20260703/fhir/2.23.2
Copy the IG to /tmp/web-root/run-20260703/fhir/2.23.2
Update /tmp/web-root/run-20260703/fhir/package-list.json
Publish Box Statement: This page is part of the KIP Infrastructure (v2.23.2: Release) based on <a data-no-external="true" href="http://hl7.org/fhir/R4">FHIR (HL7® FHIR® Standard) R4</a>. This is the current published version in its permanent home (it will always be available at this URL).  For a full list of available versions, see the <a data-no-external="true" href="https://kip.rkkp.dk/fhir/history.html">Directory of published versions</a>
  .. 6154 files checked, 6154 updated
  .. 1022 redirections (1022 created/updated)
This is a milestone release - publish v2.23.2 to /tmp/web-root/run-20260703/fhir
Publish Box Statement: This page is part of the KIP Infrastructure (v2.23.2: Release) based on <a data-no-external="true" href="http://hl7.org/fhir/R4">FHIR (HL7® FHIR® Standard) R4</a>. This is the current published version.  For a full list of available versions, see the <a data-no-external="true" href="https://kip.rkkp.dk/fhir/history.html">Directory of published versions</a>
  .. 6154 files checked, 6154 updated
  .. 1022 redirections (1022 created/updated)
Check for Files to delete
  ... 0 files
Copy to new IG /tmp/web-root/run-20260703/fhir
Error in package-list.json:path to build.fhir.org should not use https://
dk.kip.rkkp.fhir.ig.core (https://kip.rkkp.dk/fhir): KIP Infrastructure @ http://build.fhir.org/ig/kip-infrastructure/implementation-guide
  edition: Releases 2.23.2/4.0.1 @ https://kip.rkkp.dk/fhir/2.23.2
Build is complete. Copy from /tmp/web-root/run-20260703
Update history page at /tmp/web-root/run-20260703/fhir from /__w/implementation-guide/implementation-guide/history and web/templates
