FHIR IG Publisher Version 2.2.11 (Git# 0ec4807574e3). Built 2026-07-15T17:53:55.408Z (13 days old)
Detected Java version: 25.0.3 from /opt/java/openjdk on amd64 (64bit). 3998MB available
dir = /__w/implementation-guide/implementation-guide, path = /opt/java/openjdk/bin:/usr/local/sbin:/usr/local/bin:/usr/sbin:/usr/bin:/sbin:/bin
Parameters: -go-publish -source ig/ -web web/ -registry registry/fhir-ig-list.json -history history/ -templates web/templates
---------------
Publication Run: publish ig/ to web/
Publication URL of 'https://kip.rkkp.dk/fhir' is not consistent with the required base URL of 'https://kip.sundk.dk'
Relative directory for IG is '/fhir'
===== Web Publication Run Details ===============================
 Source IG: dk.kip.rkkp.fhir.ig.core#2.23.5 : https://kip.rkkp.dk/fhir (R4) from ig/
All checks passed. Do the publication build from /__w/implementation-guide/implementation-guide/ig and publish to /tmp/web-root/run-20260729/fhir
Prepare Build space in /tmp/ig-builds/dk.kip.rkkp.fhir.ig.core#2.23.5
Build IG at /__w/implementation-guide/implementation-guide/ig: final copy suitable for publication (in /tmp/ig-builds/dk.kip.rkkp.fhir.ig.core#2.23.5)
FHIR IG Publisher Version 2.2.11 (Git# 0ec4807574e3). Built 2026-07-15T17:53:55.408Z (13 days old)  
Detected Java version: 25.0.3 from /opt/java/openjdk on Linux/amd64 (64bit). 3998MB available       
dir = /__w/implementation-guide/implementation-guide, path = /opt/java/openjdk/bin:/usr/local/sbin:/usr/local/bin:/usr/sbin:/usr/bin:/sbin:/bin
Parameters: -publish https://kip.rkkp.dk/fhir/2.23.5 -no-exit -ig /tmp/ig-builds/dk.kip.rkkp.fhir.ig.core#2.23.5 -resetTx
Character encoding = UTF-8 / UTF-8                                                                  
Start Clock @ Wednesday, July 29, 2026, 7:56:44 AM Coordinated Universal Time (2026-07-29T07:56:44Z)
                                                                                                    
Build FHIR IG from /tmp/ig-builds/dk.kip.rkkp.fhir.ig.core#2.23.5                                    (00:00.019 / 00:00.019, 118Mb)
Build Formal Publication package, intended for https://kip.rkkp.dk/fhir/2.23.5                       (00:00.002 / 00:00.021, 118Mb)
No FHIR settings file at /root/.fhir/fhir-settings.json; using defaults (no API keys or npm path)    (00:00.000 / 00:00.022, 118Mb)
Package Cache: /root/.fhir/packages                                                                  (00:00.002 / 00:00.025, 119Mb)
Run Sushi on /tmp/ig-builds/dk.kip.rkkp.fhir.ig.core#2.23.5                                          (00:00.002 / 00:00.028, 119Mb)
Sushi: info  Running SUSHI v3.20.0 (implements FHIR Shorthand specification v3.0.0)                  (00:00.436 / 00:00.464, 122Mb)
Sushi: info  Arguments:                                                                              (00:00.000 / 00:00.465, 122Mb)
Sushi: info    --require-latest                                                                      (00:00.000 / 00:00.466, 122Mb)
Sushi: info    --out /tmp/ig-builds/dk.kip.rkkp.fhir.ig.core#2.23.5                                  (00:00.000 / 00:00.466, 122Mb)
Sushi: info    /tmp/ig-builds/dk.kip.rkkp.fhir.ig.core#2.23.5                                        (00:00.000 / 00:00.467, 122Mb)
Sushi: info  Using configuration file: /tmp/ig-builds/dk.kip.rkkp.fhir.ig.core#2.23.5/sushi-config.yaml (00:00.354 / 00:00.822, 122Mb)
Sushi: info  Importing FSH text...                                                                   (00:00.090 / 00:00.912, 122Mb)
Sushi: info  Preprocessed 1024 documents with 11 aliases.                                            (00:01.579 / 00:02.492, 122Mb)
Sushi: info  Imported 1005 definitions and 18 instances.                                             (00:00.191 / 00:02.683, 122Mb)
Sushi: info  Loaded virtual package sushi-r5forR4#1.0.0 with 7 resources                             (00:00.271 / 00:02.954, 122Mb)
Sushi: info  Resolved hl7.fhir.uv.tools.r4#latest to concrete version 1.1.2                          (00:00.809 / 00:03.764, 122Mb)
Sushi: info  Loaded hl7.fhir.uv.tools.r4#1.1.2 with 119 resources                                    (00:00.047 / 00:03.811, 122Mb)
Sushi: info  Resolved hl7.terminology.r4#latest to concrete version 7.3.0                            (00:00.174 / 00:03.986, 122Mb)
Sushi: info  Loaded hl7.terminology.r4#7.3.0 with 4176 resources                                     (00:00.970 / 00:04.957, 122Mb)
Sushi: info  Loaded hl7.fhir.dk.core#2.0.0 with 36 resources                                         (00:00.011 / 00:04.968, 122Mb)
Sushi: info  Loaded hl7.fhir.r4.core#4.0.1 with 4581 resources                                       (00:00.907 / 00:05.876, 122Mb)
Sushi: info  Resolved hl7.fhir.uv.extensions.r4#latest to concrete version 5.3.0                     (00:00.182 / 00:06.058, 122Mb)
Sushi: info  Loaded hl7.fhir.uv.extensions.r4#5.3.0 with 885 resources                               (00:00.201 / 00:06.260, 122Mb)
Sushi: info  Loaded virtual package sushi-local#LOCAL with 0 resources                               (00:00.009 / 00:06.269, 122Mb)
Sushi: info  Converting FSH to FHIR resources...                                                     (00:00.015 / 00:06.285, 122Mb)
Sushi: info  Converted 13 FHIR StructureDefinitions.                                                 (00:00.545 / 00:06.831, 122Mb)
Sushi: info  Converted 266 FHIR CodeSystems.                                                         (00:20.722 / 00:27.553, 122Mb)
Sushi: info  Converted 726 FHIR ValueSets.                                                           (00:16.142 / 00:43.696, 122Mb)
Sushi: info  Converted 18 FHIR instances.                                                            (00:00.312 / 00:44.009, 122Mb)
Sushi: info  Exporting FHIR resources as JSON...                                                     (00:00.001 / 00:44.010, 122Mb)
Sushi: info  Exported 1023 FHIR resources as JSON.                                                   (00:00.127 / 00:44.137, 122Mb)
Sushi: info  Assembling Implementation Guide sources...                                              (00:00.015 / 00:44.153, 122Mb)
Sushi: info  Generated ImplementationGuide-dk.kip.rkkp.fhir.ig.core.json                             (00:00.027 / 00:44.180, 122Mb)
Sushi: info  Assembled Implementation Guide sources; ready for IG Publisher.                         (00:00.001 / 00:44.181, 122Mb)
Sushi: info  The _build script hosted at https://github.com/HL7/ig-publisher-scripts is useful for downloading and running the IG Publisher. (00:00.001 / 00:44.183, 122Mb)
Sushi: ========================= SUSHI RESULTS ===========================                           (00:00.001 / 00:44.184, 122Mb)
Sushi: |  -------------------------------------------------------------  |                           (00:00.001 / 00:44.185, 122Mb)
Sushi: | |    Profiles   |  Extensions  |   Logicals   |   Resources   | |                           (00:00.001 / 00:44.186, 122Mb)
Sushi: | |-------------------------------------------------------------| |                           (00:00.001 / 00:44.187, 122Mb)
Sushi: | |       0       |      13      |      0       |       0       | |                           (00:00.000 / 00:44.188, 122Mb)
Sushi: |  -------------------------------------------------------------  |                           (00:00.001 / 00:44.189, 122Mb)
Sushi: |  -------------------------------------------------------------  |                           (00:00.001 / 00:44.190, 122Mb)
Sushi: | |      ValueSets     |    CodeSystems    |     Instances      | |                           (00:00.001 / 00:44.192, 122Mb)
Sushi: | |-------------------------------------------------------------| |                           (00:00.001 / 00:44.193, 122Mb)
Sushi: | |        726         |        266        |         18         | |                           (00:00.001 / 00:44.194, 122Mb)
Sushi: |  -------------------------------------------------------------  |                           (00:00.001 / 00:44.195, 122Mb)
Sushi: |                                                                 |                           (00:00.001 / 00:44.196, 122Mb)
Sushi: ===================================================================                           (00:00.001 / 00:44.197, 122Mb)
Sushi: | O-fish-ally error free!                0 Errors      0 Warnings |                           (00:00.000 / 00:44.198, 122Mb)
Sushi: ===================================================================                           (00:00.000 / 00:44.199, 122Mb)
Root directory: /tmp/ig-builds/dk.kip.rkkp.fhir.ig.core#2.23.5                                       (00:00.028 / 00:44.227, 122Mb)
Unable to load IG as an r5 IG - try R4 (property code is a class com.google.gson.JsonPrimitive looking for an object) (00:00.422 / 00:44.651, 66Mb)
Load Template from fhir.base.template#current                                                        (00:00.555 / 00:45.206, 89Mb)
[33mThis content depends on fhir.base.template which is no longer considered secure to use
[0;39m[33mSee Security notification at https://www.fhir.org/guides/security-notices/2026-03-npm-dependencies.html
[0;39mScanning directory: /tmp/ig-builds/dk.kip.rkkp.fhir.ig.core#2.23.5/template
======================================================================
Terminology Cache is at /tmp/ig-builds/dk.kip.rkkp.fhir.ig.core#2.23.5/input-cache/txcache. Clearing now (00:05.807 / 00:51.013, 185Mb)
Core Package hl7.fhir.r4.core#4.0.1                                                                  (00:00.001 / 00:51.015, 185Mb)
Running Terminology Log: /tmp/ohfu-fhir-ig-9591659785252663573.html
Connect to Terminology Server at https://tx.fhir.org                                                 (00:03.072 / 00:54.087, 271Mb)
[39mLoad Package hl7.fhir.pubpack#0.2.5
[0;39m[39mLoad Package hl7.fhir.xver-extensions#0.1.0
[0;39m[39mLoad Package hl7.terminology.r4#7.3.0
[0;39m[39mLoad Package hl7.fhir.uv.extensions.r4#5.3.0
[0;39m[39mLoad Package hl7.terminology.r4#3.1.0
[0;39m[39mLoad Package hl7.fhir.dk.core#2.0.0
[0;39m[39mLoad Package hl7.fhir.uv.tools.r4#1.1.2
[0;39mLoad R5 Specials
Initialization complete                                                                              (00:06.482 / 01:00.570, 624Mb)
Load IG                                                                                              (00:00.001 / 01:00.571, 624Mb)
Load Content                                                                                         (00:00.003 / 01:00.574, 625Mb)
Using en-US as the default narrative language. (no language information in Implementation Guide)     (00:00.151 / 01:00.725, 663Mb)
Process Loaded Resources                                                                             (00:01.278 / 01:02.004, 496Mb)
Generating Snapshots                                                                                 (00:01.094 / 01:03.099, 611Mb)

Signing Certificate: RSA key for Subject: OU=IG Publisher, L=Ann Arbor, CN=hl7.org, O=HL7, ST=Missouri, C=us from: OU=IG Publisher, L=Ann Arbor, CN=hl7.org, O=HL7, ST=Missouri, C=us
Fetch https://kip.rkkp.dk/fhir/package-list.json for version check                                   (00:00.183 / 01:03.282, 640Mb)
Checking Language                                                                                    (00:15.251 / 01:18.534, 720Mb)
Load Dependency Info                                                                                 (00:00.015 / 01:18.549, 724Mb)
Load Info                                                                                            (00:00.003 / 01:18.553, 724Mb)
Load Paths                                                                                           (00:00.002 / 01:18.555, 726Mb)
Check R4 / R4B                                                                                       (00:00.001 / 01:18.557, 726Mb)
Assign Comparison Ids                                                                                (00:00.155 / 01:18.713, 853Mb)
Propagating status                                                                                   (00:00.001 / 01:18.715, 853Mb)
Generating Narratives                                                                                (00:00.001 / 01:18.716, 853Mb)
Validating Conformance Resources                                                                     (00:02.100 / 01:20.816, 814Mb)
Check profiles & code systems                                                                        (00:28.564 / 01:49.380, 1Gb)
Check realm rules                                                                                    (00:00.005 / 01:49.386, 1Gb)
Previous Version Comparison                                                                          (00:00.001 / 01:49.387, 1Gb)
.. loaded. Process                                                                                   (00:00.000 / 01:49.388, 1Gb)
  ...ImplementationGuide dk.kip.rkkp.fhir.ig.core                                                    (00:00.000 / 01:49.389, 1Gb)
  ...CodeSystem ACTherapyNotGiven                                                                    (00:00.000 / 01:49.390, 1Gb)
  ...CodeSystem AKBehandling                                                                         (00:00.000 / 01:49.391, 1Gb)
  ...CodeSystem ASAClassification                                                                    (00:00.000 / 01:49.392, 1Gb)
  ...CodeSystem ATC                                                                                  (00:00.000 / 01:49.393, 1Gb)
  ...CodeSystem ATCMixedCodes                                                                        (00:00.000 / 01:49.393, 1Gb)
  ...CodeSystem ActilyseNotGiven                                                                     (00:00.000 / 01:49.394, 1Gb)
  ...CodeSystem ActivityType                                                                         (00:00.000 / 01:49.395, 1Gb)
  ...CodeSystem AktuelSygdomsforlob                                                                  (00:00.000 / 01:49.396, 1Gb)
  ...CodeSystem Alchohol                                                                             (00:00.000 / 01:49.396, 1Gb)
  ...CodeSystem AlchoholDrugs                                                                        (00:00.000 / 01:49.397, 1Gb)
  ...CodeSystem AlloplastyTypes                                                                      (00:00.000 / 01:49.398, 1Gb)
  ...CodeSystem AnasthesiaService                                                                    (00:00.000 / 01:49.399, 1Gb)
  ...CodeSystem AnasthesiaTypeGen                                                                    (00:00.000 / 01:49.399, 1Gb)
  ...CodeSystem AnastomosisLeak                                                                      (00:00.000 / 01:49.400, 1Gb)
  ...CodeSystem AnastomosisLeakConsequence                                                           (00:00.000 / 01:49.401, 1Gb)
  ...CodeSystem AnastomosisLeakGrading                                                               (00:00.000 / 01:49.402, 1Gb)
  ...CodeSystem AnastomosisType                                                                      (00:00.000 / 01:49.402, 1Gb)
  ...CodeSystem AnatomicalLocations                                                                  (00:00.000 / 01:49.403, 1Gb)
  ...CodeSystem AneurysmClosure                                                                      (00:00.000 / 01:49.404, 1Gb)
  ...CodeSystem AneurysmSizeScale                                                                    (00:00.000 / 01:49.405, 1Gb)
  ...CodeSystem AnnArborStagingClassification                                                        (00:00.000 / 01:49.405, 1Gb)
  ...CodeSystem ArtrosePlacering                                                                     (00:00.000 / 01:49.406, 1Gb)
  ...CodeSystem AssessmentType                                                                       (00:00.000 / 01:49.407, 1Gb)
  ...CodeSystem AssistDevices                                                                        (00:00.000 / 01:49.408, 1Gb)
  ...CodeSystem BANFF                                                                                (00:00.000 / 01:49.408, 1Gb)
  ...CodeSystem BasicDisorder                                                                        (00:00.000 / 01:49.409, 1Gb)
  ...CodeSystem BehandlingAfbrudt                                                                    (00:00.000 / 01:49.410, 1Gb)
  ...CodeSystem BinetStagingSystem                                                                   (00:00.000 / 01:49.410, 1Gb)
  ...CodeSystem BiobankSamples                                                                       (00:00.000 / 01:49.411, 1Gb)
  ...CodeSystem Birthplace                                                                           (00:00.000 / 01:49.411, 1Gb)
  ...CodeSystem BleedingStroke                                                                       (00:00.000 / 01:49.412, 1Gb)
  ...CodeSystem BlockTypes                                                                           (00:00.000 / 01:49.413, 1Gb)
  ...CodeSystem BloodThinnersTreatment                                                               (00:00.000 / 01:49.413, 1Gb)
  ...CodeSystem BoneLossAcetabulumFemurClassification                                                (00:00.000 / 01:49.414, 1Gb)
  ...CodeSystem BulkingMaterialeDUGA                                                                 (00:00.000 / 01:49.414, 1Gb)
  ...CodeSystem CALRGeneType                                                                         (00:00.000 / 01:49.415, 1Gb)
  ...CodeSystem CalciumType                                                                          (00:00.000 / 01:49.415, 1Gb)
  ...CodeSystem CancerInvestigation                                                                  (00:00.000 / 01:49.416, 1Gb)
  ...CodeSystem CauseOfDeath                                                                         (00:00.000 / 01:49.417, 1Gb)
  ...CodeSystem CementType                                                                           (00:00.000 / 01:49.417, 1Gb)
  ...CodeSystem CentralBlock                                                                         (00:00.000 / 01:49.418, 1Gb)
  ...CodeSystem ChemotherapyRegimen                                                                  (00:00.000 / 01:49.418, 1Gb)
  ...CodeSystem ChromosomPair                                                                        (00:00.000 / 01:49.419, 1Gb)
  ...CodeSystem ClinicalProtocolCodes                                                                (00:00.000 / 01:49.420, 1Gb)
  ...CodeSystem ClinicalProtocolNotParticipated                                                      (00:00.000 / 01:49.420, 1Gb)
  ...CodeSystem CognitiveFunctionFinding                                                             (00:00.000 / 01:49.421, 1Gb)
  ...CodeSystem CognitiveTest                                                                        (00:00.000 / 01:49.421, 1Gb)
  ...CodeSystem Competence                                                                           (00:00.000 / 01:49.422, 1Gb)
  ...CodeSystem Complications                                                                        (00:00.000 / 01:49.423, 1Gb)
  ...CodeSystem ConferenceParticipants                                                               (00:00.000 / 01:49.423, 1Gb)
  ...CodeSystem ContactPatient                                                                       (00:00.000 / 01:49.424, 1Gb)
  ...CodeSystem ContactPlace                                                                         (00:00.000 / 01:49.425, 1Gb)
  ...CodeSystem ContaminationDegree                                                                  (00:00.000 / 01:49.426, 1Gb)
  ...CodeSystem CoronaryArteryGraph                                                                  (00:00.000 / 01:49.426, 1Gb)
  ...CodeSystem Cyclus                                                                               (00:00.000 / 01:49.427, 1Gb)
  ...CodeSystem CytogeneticChanges                                                                   (00:00.000 / 01:49.428, 1Gb)
  ...CodeSystem CytogeneticExamination                                                               (00:00.000 / 01:49.428, 1Gb)
  ...CodeSystem DHDeksklusionskriterie                                                               (00:00.000 / 01:49.429, 1Gb)
  ...CodeSystem DSAFindingsLocation                                                                  (00:00.000 / 01:49.430, 1Gb)
  ...CodeSystem DatabasesKIP                                                                         (00:00.000 / 01:49.430, 1Gb)
  ...CodeSystem DeathPlace                                                                           (00:00.000 / 01:49.431, 1Gb)
  ...CodeSystem DefibrilleringAnalyse                                                                (00:00.000 / 01:49.432, 1Gb)
  ...CodeSystem DetectionMethods                                                                     (00:00.000 / 01:49.432, 1Gb)
  ...CodeSystem Dialyseadgang                                                                        (00:00.000 / 01:49.433, 1Gb)
  ...CodeSystem DiseaseLocalization                                                                  (00:00.000 / 01:49.434, 1Gb)
  ...CodeSystem DiseasePhase                                                                         (00:00.000 / 01:49.434, 1Gb)
  ...CodeSystem DiseasesUnspecified                                                                  (00:00.000 / 01:49.435, 1Gb)
  ...CodeSystem Dosis                                                                                (00:00.000 / 01:49.436, 1Gb)
  ...CodeSystem EDTACodes                                                                            (00:00.000 / 01:49.436, 1Gb)
  ...CodeSystem EHSIncisionalHerniaClassification                                                    (00:00.000 / 01:49.437, 1Gb)
  ...CodeSystem EHSIncisionalHerniaClassificationType                                                (00:00.000 / 01:49.438, 1Gb)
  ...CodeSystem EORTCQLQC1514                                                                        (00:00.000 / 01:49.438, 1Gb)
  ...CodeSystem EORTCQLQC1517                                                                        (00:00.000 / 01:49.439, 1Gb)
  ...CodeSystem EconomicSupport                                                                      (00:00.000 / 01:49.440, 1Gb)
  ...CodeSystem EdemaStroke                                                                          (00:00.000 / 01:49.440, 1Gb)
  ...CodeSystem EducationType                                                                        (00:00.000 / 01:49.441, 1Gb)
  ...CodeSystem EndoscopicAppearance                                                                 (00:00.000 / 01:49.441, 1Gb)
  ...CodeSystem EsophagealLokalization                                                               (00:00.000 / 01:49.442, 1Gb)
  ...CodeSystem FISHVariables                                                                        (00:00.000 / 01:49.442, 1Gb)
  ...CodeSystem Faggruppe                                                                            (00:00.000 / 01:49.443, 1Gb)
  ...CodeSystem FisherGradingScale                                                                   (00:00.000 / 01:49.443, 1Gb)
  ...CodeSystem FixationCruciateLigaments                                                            (00:00.000 / 01:49.444, 1Gb)
  ...CodeSystem FollowUp                                                                             (00:00.000 / 01:49.444, 1Gb)
  ...CodeSystem Frekvens                                                                             (00:00.000 / 01:49.445, 1Gb)
  ...CodeSystem FunctionGroupAlloplasty                                                              (00:00.000 / 01:49.446, 1Gb)
  ...CodeSystem FunctionTest                                                                         (00:00.000 / 01:49.446, 1Gb)
  ...CodeSystem FunctionalScoreTypes                                                                 (00:00.000 / 01:49.447, 1Gb)
  ...CodeSystem GenericValues                                                                        (00:00.000 / 01:49.447, 1Gb)
  ...CodeSystem GenoplivStoppet                                                                      (00:00.000 / 01:49.448, 1Gb)
  ...CodeSystem Genoplivning                                                                         (00:00.000 / 01:49.448, 1Gb)
  ...CodeSystem GraftCruciateLigaments                                                               (00:00.000 / 01:49.449, 1Gb)
  ...CodeSystem GynUndersoegDUGA                                                                     (00:00.000 / 01:49.450, 1Gb)
  ...CodeSystem HaandProblemer                                                                       (00:00.000 / 01:49.450, 1Gb)
  ...CodeSystem HaemoglobinTransf4                                                                   (00:00.000 / 01:49.451, 1Gb)
  ...CodeSystem HaendelseIndtraeffer                                                                 (00:00.000 / 01:49.451, 1Gb)
  ...CodeSystem HarrisHipScoreDistanceWalked                                                         (00:00.000 / 01:49.452, 1Gb)
  ...CodeSystem HarrisHipScoreLimp                                                                   (00:00.000 / 01:49.452, 1Gb)
  ...CodeSystem HarrisHipScorePain                                                                   (00:00.000 / 01:49.453, 1Gb)
  ...CodeSystem HarrisHipScorePublicTransportation                                                   (00:00.000 / 01:49.454, 1Gb)
  ...CodeSystem HarrisHipScoreShoesSocks                                                             (00:00.000 / 01:49.454, 1Gb)
  ...CodeSystem HarrisHipScoreSitting                                                                (00:00.000 / 01:49.455, 1Gb)
  ...CodeSystem HarrisHipScoreStairs                                                                 (00:00.000 / 01:49.455, 1Gb)
  ...CodeSystem HarrisHipScoreSupport                                                                (00:00.000 / 01:49.456, 1Gb)
  ...CodeSystem HeartRhythm                                                                          (00:00.000 / 01:49.456, 1Gb)
  ...CodeSystem HerniaSize                                                                           (00:00.000 / 01:49.457, 1Gb)
  ...CodeSystem HipJointArthroplastyComponent                                                        (00:00.000 / 01:49.458, 1Gb)
  ...CodeSystem HjerterytmeAnalyse                                                                   (00:00.000 / 01:49.458, 1Gb)
  ...CodeSystem HjertestopAarsag                                                                     (00:00.000 / 01:49.459, 1Gb)
  ...CodeSystem HousingType                                                                          (00:00.000 / 01:49.459, 1Gb)
  ...CodeSystem HuntHessClassification                                                               (00:00.000 / 01:49.460, 1Gb)
  ...CodeSystem ICHAction                                                                            (00:00.000 / 01:49.460, 1Gb)
  ...CodeSystem ICRSGradingSystem                                                                    (00:00.000 / 01:49.461, 1Gb)
  ...CodeSystem IPSSRCytogeneticCategory                                                             (00:00.000 / 01:49.462, 1Gb)
  ...CodeSystem IkkeBesvaret                                                                         (00:00.000 / 01:49.462, 1Gb)
  ...CodeSystem ImplantComponents                                                                    (00:00.000 / 01:49.463, 1Gb)
  ...CodeSystem ImplantattypeDUGA                                                                    (00:00.000 / 01:49.463, 1Gb)
  ...CodeSystem IncisionChoice                                                                       (00:00.000 / 01:49.464, 1Gb)
  ...CodeSystem Intervals                                                                            (00:00.000 / 01:49.464, 1Gb)
  ...CodeSystem IntervalsExact                                                                       (00:00.000 / 01:49.465, 1Gb)
  ...CodeSystem Interventionsforloeb                                                                 (00:00.000 / 01:49.465, 1Gb)
  ...CodeSystem Interventionsgruppe                                                                  (00:00.000 / 01:49.466, 1Gb)
  ...CodeSystem Intubation                                                                           (00:00.000 / 01:49.466, 1Gb)
  ...CodeSystem IntubationRelaks                                                                     (00:00.000 / 01:49.467, 1Gb)
  ...CodeSystem KellgrenLawrenceKlassifikation                                                       (00:00.000 / 01:49.468, 1Gb)
  ...CodeSystem KliniskeSymptomerDCCG                                                                (00:00.000 / 01:49.468, 1Gb)
  ...CodeSystem KneeJointArthroplastyComponent                                                       (00:00.000 / 01:49.469, 1Gb)
  ...CodeSystem KneeLoosenessGrading                                                                 (00:00.000 / 01:49.469, 1Gb)
  ...CodeSystem KomponentLiner                                                                       (00:00.000 / 01:49.470, 1Gb)
  ...CodeSystem KorsbaandEjBevaret                                                                   (00:00.000 / 01:49.470, 1Gb)
  ...CodeSystem LaryngoskopiDegree                                                                   (00:00.000 / 01:49.471, 1Gb)
  ...CodeSystem LesionType                                                                           (00:00.000 / 01:49.471, 1Gb)
  ...CodeSystem LifeStatus                                                                           (00:00.000 / 01:49.472, 1Gb)
  ...CodeSystem MComponentType                                                                       (00:00.000 / 01:49.472, 1Gb)
  ...CodeSystem MDTNotFollowed                                                                       (00:00.000 / 01:49.473, 1Gb)
  ...CodeSystem MTICIClassification                                                                  (00:00.000 / 01:49.474, 1Gb)
  ...CodeSystem MaaleEnheder                                                                         (00:00.000 / 01:49.474, 1Gb)
  ...CodeSystem Maengde                                                                              (00:00.000 / 01:49.475, 1Gb)
  ...CodeSystem MaritalStatus                                                                        (00:00.000 / 01:49.475, 1Gb)
  ...CodeSystem MeasurementDevices                                                                   (00:00.000 / 01:49.476, 1Gb)
  ...CodeSystem MedicalFixationClosing                                                               (00:00.000 / 01:49.476, 1Gb)
  ...CodeSystem MedicalScanningTypes                                                                 (00:00.000 / 01:49.477, 1Gb)
  ...CodeSystem MedicalTreatmentAdministrationType                                                   (00:00.000 / 01:49.478, 1Gb)
  ...CodeSystem MedicalTreatmentDuration                                                             (00:00.000 / 01:49.478, 1Gb)
  ...CodeSystem MedicalTreatmentStartOf                                                              (00:00.000 / 01:49.479, 1Gb)
  ...CodeSystem MedicationName                                                                       (00:00.000 / 01:49.479, 1Gb)
  ...CodeSystem MedicinDANARREST                                                                     (00:00.000 / 01:49.480, 1Gb)
  ...CodeSystem Medicine                                                                             (00:00.000 / 01:49.480, 1Gb)
  ...CodeSystem MentalDeclaration                                                                    (00:00.000 / 01:49.481, 1Gb)
  ...CodeSystem MeshPlacement                                                                        (00:00.000 / 01:49.481, 1Gb)
  ...CodeSystem MeshTechnique                                                                        (00:00.000 / 01:49.482, 1Gb)
  ...CodeSystem MeshType                                                                             (00:00.000 / 01:49.483, 1Gb)
  ...CodeSystem MolecularRemission                                                                   (00:00.000 / 01:49.483, 1Gb)
  ...CodeSystem MorsDiagnosegrupper                                                                  (00:00.000 / 01:49.484, 1Gb)
  ...CodeSystem MorsDiagnosekoder                                                                    (00:00.000 / 01:49.484, 1Gb)
  ...CodeSystem MuligVanskeligUmulig                                                                 (00:00.000 / 01:49.485, 1Gb)
  ...CodeSystem NIHSS10Dysarthria                                                                    (00:00.000 / 01:49.485, 1Gb)
  ...CodeSystem NIHSS11ExtinctionInattention                                                         (00:00.000 / 01:49.486, 1Gb)
  ...CodeSystem NIHSS1aLOC                                                                           (00:00.000 / 01:49.486, 1Gb)
  ...CodeSystem NIHSS1bLOC                                                                           (00:00.000 / 01:49.487, 1Gb)
  ...CodeSystem NIHSS1cLOC                                                                           (00:00.000 / 01:49.488, 1Gb)
  ...CodeSystem NIHSS2Gaze                                                                           (00:00.000 / 01:49.488, 1Gb)
  ...CodeSystem NIHSS3Visual                                                                         (00:00.000 / 01:49.489, 1Gb)
  ...CodeSystem NIHSS4FacialPalsy                                                                    (00:00.000 / 01:49.489, 1Gb)
  ...CodeSystem NIHSS5MotorArm                                                                       (00:00.000 / 01:49.490, 1Gb)
  ...CodeSystem NIHSS6MotorLeg                                                                       (00:00.000 / 01:49.490, 1Gb)
  ...CodeSystem NIHSS7LimbAtaxia                                                                     (00:00.000 / 01:49.491, 1Gb)
  ...CodeSystem NIHSS8Sensory                                                                        (00:00.000 / 01:49.491, 1Gb)
  ...CodeSystem NIHSS9Language                                                                       (00:00.000 / 01:49.492, 1Gb)
  ...CodeSystem NYHA                                                                                 (00:00.000 / 01:49.492, 1Gb)
  ...CodeSystem Observationssted                                                                     (00:00.000 / 01:49.493, 1Gb)
  ...CodeSystem OncologyTreatmentCurative                                                            (00:00.000 / 01:49.494, 1Gb)
  ...CodeSystem Onkologibehandling                                                                   (00:00.000 / 01:49.494, 1Gb)
  ...CodeSystem OperatingRoom                                                                        (00:00.000 / 01:49.495, 1Gb)
  ...CodeSystem OperationCanal                                                                       (00:00.000 / 01:49.495, 1Gb)
  ...CodeSystem OperationType                                                                        (00:00.000 / 01:49.496, 1Gb)
  ...CodeSystem Operationserfaring                                                                   (00:00.000 / 01:49.496, 1Gb)
  ...CodeSystem PRDcodes                                                                             (00:00.000 / 01:49.497, 1Gb)
  ...CodeSystem PTNMType                                                                             (00:00.000 / 01:49.497, 1Gb)
  ...CodeSystem Paragraph                                                                            (00:00.000 / 01:49.498, 1Gb)
  ...CodeSystem PatobankSNOMED                                                                       (00:00.000 / 01:49.499, 1Gb)
  ...CodeSystem PerformanceStatusScore                                                               (00:00.000 / 01:49.499, 1Gb)
  ...CodeSystem Periods                                                                              (00:00.000 / 01:49.500, 1Gb)
  ...CodeSystem PersonFamilyRelation                                                                 (00:00.000 / 01:49.501, 1Gb)
  ...CodeSystem PivotShiftGrading                                                                    (00:00.000 / 01:49.501, 1Gb)
  ...CodeSystem PreoperativTemplating                                                                (00:00.000 / 01:49.502, 1Gb)
  ...CodeSystem Priority                                                                             (00:00.000 / 01:49.502, 1Gb)
  ...CodeSystem ProcedureDuration                                                                    (00:00.000 / 01:49.503, 1Gb)
  ...CodeSystem ProcedureNotCompleted                                                                (00:00.000 / 01:49.503, 1Gb)
  ...CodeSystem ProcedureReasons                                                                     (00:00.000 / 01:49.504, 1Gb)
  ...CodeSystem ProcedureType                                                                        (00:00.000 / 01:49.505, 1Gb)
  ...CodeSystem ProcedureUrogyn                                                                      (00:00.000 / 01:49.505, 1Gb)
  ...CodeSystem Profylaksebehandling                                                                 (00:00.000 / 01:49.506, 1Gb)
  ...CodeSystem Prosthesis                                                                           (00:00.000 / 01:49.506, 1Gb)
  ...CodeSystem PupilCondition                                                                       (00:00.000 / 01:49.507, 1Gb)
  ...CodeSystem RadiationTherapyTarget                                                               (00:00.000 / 01:49.508, 1Gb)
  ...CodeSystem RadiationTherapyType                                                                 (00:00.000 / 01:49.508, 1Gb)
  ...CodeSystem RadiologicalBoneChanges                                                              (00:00.000 / 01:49.509, 1Gb)
  ...CodeSystem RaymondRoyClassification                                                             (00:00.000 / 01:49.509, 1Gb)
  ...CodeSystem ReferredForTraining                                                                  (00:00.000 / 01:49.510, 1Gb)
  ...CodeSystem ReferredFrom                                                                         (00:00.000 / 01:49.510, 1Gb)
  ...CodeSystem Regioner                                                                             (00:00.000 / 01:49.511, 1Gb)
  ...CodeSystem Registry                                                                             (00:00.000 / 01:49.511, 1Gb)
  ...CodeSystem ReoperationCause                                                                     (00:00.000 / 01:49.512, 1Gb)
  ...CodeSystem ResectionCompletion                                                                  (00:00.000 / 01:49.513, 1Gb)
  ...CodeSystem ResectionType                                                                        (00:00.000 / 01:49.513, 1Gb)
  ...CodeSystem ResidualTumorClassification                                                          (00:00.000 / 01:49.514, 1Gb)
  ...CodeSystem ResidualTumorGrading                                                                 (00:00.000 / 01:49.514, 1Gb)
  ...CodeSystem Respiration                                                                          (00:00.000 / 01:49.515, 1Gb)
  ...CodeSystem ResultTest                                                                           (00:00.000 / 01:49.515, 1Gb)
  ...CodeSystem RevisionCause                                                                        (00:00.000 / 01:49.516, 1Gb)
  ...CodeSystem RevisionIndication                                                                   (00:00.000 / 01:49.517, 1Gb)
  ...CodeSystem RevisionType                                                                         (00:00.000 / 01:49.517, 1Gb)
  ...CodeSystem RiskAssessment                                                                       (00:00.000 / 01:49.518, 1Gb)
  ...CodeSystem RiskFactors                                                                          (00:00.000 / 01:49.518, 1Gb)
  ...CodeSystem RobotAssistDKR                                                                       (00:00.000 / 01:49.519, 1Gb)
  ...CodeSystem Rytme1Obs                                                                            (00:00.000 / 01:49.519, 1Gb)
  ...CodeSystem SKS                                                                                  (00:00.000 / 01:49.520, 1Gb)
  ...CodeSystem SKSCodeCollection                                                                    (00:00.000 / 01:49.521, 1Gb)
  ...CodeSystem SNOMEDCT                                                                             (00:00.000 / 01:49.521, 1Gb)
  ...CodeSystem SOR                                                                                  (00:00.000 / 01:49.522, 1Gb)
  ...CodeSystem SSSArmLift                                                                           (00:00.000 / 01:49.522, 1Gb)
  ...CodeSystem SSSConsciousness                                                                     (00:00.000 / 01:49.523, 1Gb)
  ...CodeSystem SSSEyeMotorSkills                                                                    (00:00.000 / 01:49.523, 1Gb)
  ...CodeSystem SSSFacialParesis                                                                     (00:00.000 / 01:49.524, 1Gb)
  ...CodeSystem SSSHandshake                                                                         (00:00.000 / 01:49.525, 1Gb)
  ...CodeSystem SSSLegLift                                                                           (00:00.000 / 01:49.525, 1Gb)
  ...CodeSystem SSSOrientation                                                                       (00:00.000 / 01:49.526, 1Gb)
  ...CodeSystem SSSSpeech                                                                            (00:00.000 / 01:49.526, 1Gb)
  ...CodeSystem SSSWalk                                                                              (00:00.000 / 01:49.527, 1Gb)
  ...CodeSystem ScoreCentralBlock                                                                    (00:00.000 / 01:49.527, 1Gb)
  ...CodeSystem SizesGeneral                                                                         (00:00.000 / 01:49.528, 1Gb)
  ...CodeSystem SlyngeDUGA                                                                           (00:00.000 / 01:49.529, 1Gb)
  ...CodeSystem SmerteKvalme                                                                         (00:00.000 / 01:49.529, 1Gb)
  ...CodeSystem Smoking                                                                              (00:00.000 / 01:49.530, 1Gb)
  ...CodeSystem StemCellType                                                                         (00:00.000 / 01:49.530, 1Gb)
  ...CodeSystem StopTeam                                                                             (00:00.000 / 01:49.531, 1Gb)
  ...CodeSystem StraalebehandlingTA                                                                  (00:00.000 / 01:49.532, 1Gb)
  ...CodeSystem SurgicalAttire                                                                       (00:00.000 / 01:49.532, 1Gb)
  ...CodeSystem Sygdomsomraader                                                                      (00:00.000 / 01:49.533, 1Gb)
  ...CodeSystem Symptoms                                                                             (00:00.000 / 01:49.533, 1Gb)
  ...CodeSystem SystemiskPraeparat                                                                   (00:00.000 / 01:49.534, 1Gb)
  ...CodeSystem TilsynAfdeling                                                                       (00:00.000 / 01:49.534, 1Gb)
  ...CodeSystem TreatmentCause                                                                       (00:00.000 / 01:49.535, 1Gb)
  ...CodeSystem TreatmentIndication                                                                  (00:00.000 / 01:49.536, 1Gb)
  ...CodeSystem TreatmentInitiatives                                                                 (00:00.000 / 01:49.536, 1Gb)
  ...CodeSystem TreatmentIntention                                                                   (00:00.000 / 01:49.537, 1Gb)
  ...CodeSystem TreatmentLesion                                                                      (00:00.000 / 01:49.537, 1Gb)
  ...CodeSystem TreatmentMethodMRD                                                                   (00:00.000 / 01:49.538, 1Gb)
  ...CodeSystem TreatmentNotGiven                                                                    (00:00.000 / 01:49.539, 1Gb)
  ...CodeSystem TreatmentPsychopharmacological                                                       (00:00.000 / 01:49.539, 1Gb)
  ...CodeSystem TreatmentRegimen                                                                     (00:00.000 / 01:49.540, 1Gb)
  ...CodeSystem TreatmentResponseEvaluation                                                          (00:00.000 / 01:49.540, 1Gb)
  ...CodeSystem TreatmentSchedule                                                                    (00:00.000 / 01:49.541, 1Gb)
  ...CodeSystem TreatmentSufficient                                                                  (00:00.000 / 01:49.541, 1Gb)
  ...CodeSystem TreatmentType                                                                        (00:00.000 / 01:49.542, 1Gb)
  ...CodeSystem TreatmentUnspecified                                                                 (00:00.000 / 01:49.542, 1Gb)
  ...CodeSystem TrombektomiPerfusion                                                                 (00:00.000 / 01:49.543, 1Gb)
  ...CodeSystem TumorClassificationHistology                                                         (00:00.000 / 01:49.544, 1Gb)
  ...CodeSystem UdskrevetTil                                                                         (00:00.000 / 01:49.544, 1Gb)
  ...CodeSystem UndersoegelsesTypeDUGA                                                               (00:00.000 / 01:49.545, 1Gb)
  ...CodeSystem VancouverClassification                                                              (00:00.000 / 01:49.545, 1Gb)
  ...CodeSystem Verdict                                                                              (00:00.000 / 01:49.546, 1Gb)
  ...CodeSystem VisitationCriteriaNotMet                                                             (00:00.000 / 01:49.546, 1Gb)
  ...CodeSystem WFNSGradingSystem                                                                    (00:00.000 / 01:49.547, 1Gb)
  ...CodeSystem WOOS                                                                                 (00:00.000 / 01:49.547, 1Gb)
  ...CodeSystem WalchClassification                                                                  (00:00.000 / 01:49.548, 1Gb)
  ...SearchParameter CarePlanReadOrWriteAccessSP                                                     (00:00.000 / 01:49.549, 1Gb)
  ...SearchParameter CarePlanSorAuthor                                                               (00:00.000 / 01:49.549, 1Gb)
  ...SearchParameter CprPatient                                                                      (00:00.000 / 01:49.550, 1Gb)
  ...SearchParameter PlanDefinitionLatest                                                            (00:00.000 / 01:49.550, 1Gb)
  ...SearchParameter PlanDefinitionUuid                                                              (00:00.000 / 01:49.551, 1Gb)
  ...SearchParameter QuestionnaireLatest                                                             (00:00.000 / 01:49.552, 1Gb)
  ...SearchParameter QuestionnaireResponseOnCarePlan                                                 (00:00.000 / 01:49.552, 1Gb)
  ...SearchParameter QuestionnaireResponseResponsibleOnCarePlanSP                                    (00:00.000 / 01:49.553, 1Gb)
  ...SearchParameter QuestionnaireUuid                                                               (00:00.000 / 01:49.553, 1Gb)
  ...SearchParameter SP-PlanDefinition-urlversion                                                    (00:00.000 / 01:49.554, 1Gb)
  ...SearchParameter SP-Questionnaire-urlversion                                                     (00:00.000 / 01:49.555, 1Gb)
  ...SearchParameter SorQuestionnaire                                                                (00:00.000 / 01:49.555, 1Gb)
  ...SearchParameter SorQuestionnaireResponse                                                        (00:00.000 / 01:49.556, 1Gb)
  ...SearchParameter ValueSetLatest                                                                  (00:00.000 / 01:49.556, 1Gb)
  ...SearchParameter semver-major                                                                    (00:00.000 / 01:49.557, 1Gb)
  ...SearchParameter semver-minor                                                                    (00:00.000 / 01:49.557, 1Gb)
  ...SearchParameter semver-patch                                                                    (00:00.000 / 01:49.558, 1Gb)
  ...SearchParameter semver                                                                          (00:00.000 / 01:49.558, 1Gb)
  ...StructureDefinition PDLatest                                                                    (00:00.000 / 01:49.559, 1Gb)
  ...StructureDefinition PDUuid                                                                      (00:00.000 / 01:49.559, 1Gb)
  ...StructureDefinition QLatest                                                                     (00:00.000 / 01:49.560, 1Gb)
  ...StructureDefinition QUuid                                                                       (00:00.000 / 01:49.561, 1Gb)
  ...StructureDefinition SorAuthor                                                                   (00:00.000 / 01:49.561, 1Gb)
  ...StructureDefinition VSLatest                                                                    (00:00.000 / 01:49.562, 1Gb)
  ...StructureDefinition access-sor-code                                                             (00:00.000 / 01:49.562, 1Gb)
  ...StructureDefinition cpr                                                                         (00:00.000 / 01:49.563, 1Gb)
  ...StructureDefinition plan-definition-action-display-order                                        (00:00.000 / 01:49.564, 1Gb)
  ...StructureDefinition questionnaire-response-reference                                            (00:00.000 / 01:49.564, 1Gb)
  ...StructureDefinition questionnaire-response-responsible-sor                                      (00:00.000 / 01:49.565, 1Gb)
  ...StructureDefinition sor                                                                         (00:00.000 / 01:49.565, 1Gb)
  ...StructureDefinition sorCode                                                                     (00:00.000 / 01:49.566, 1Gb)
  ...ValueSet AKBehandlingDKR                                                                        (00:00.000 / 01:49.566, 1Gb)
  ...ValueSet AKFravalgt                                                                             (00:00.000 / 01:49.567, 1Gb)
  ...ValueSet ALDkemoterapi                                                                          (00:00.000 / 01:49.568, 1Gb)
  ...ValueSet APInstabilitetDKR                                                                      (00:00.000 / 01:49.568, 1Gb)
  ...ValueSet ASAIVI                                                                                 (00:00.000 / 01:49.569, 1Gb)
  ...ValueSet ASAIVIkort                                                                             (00:00.000 / 01:49.569, 1Gb)
  ...ValueSet ATCAntibiotikaprofylakseDKR                                                            (00:00.000 / 01:49.570, 1Gb)
  ...ValueSet ATCAntibiotikaprofylakseDosisDKR                                                       (00:00.000 / 01:49.570, 1Gb)
  ...ValueSet ATCAntibiotikaprofylakseVarighedDKR                                                    (00:00.000 / 01:49.571, 1Gb)
  ...ValueSet ATCChemoCLL                                                                            (00:00.000 / 01:49.572, 1Gb)
  ...ValueSet ATCChemoPreparation                                                                    (00:00.000 / 01:49.572, 1Gb)
  ...ValueSet ATCDMPN                                                                                (00:00.000 / 01:49.573, 1Gb)
  ...ValueSet ATCDMPN202410                                                                          (00:00.000 / 01:49.573, 1Gb)
  ...ValueSet ATCImmunotherapyCLL                                                                    (00:00.000 / 01:49.574, 1Gb)
  ...ValueSet ATCTargetCLL                                                                           (00:00.000 / 01:49.574, 1Gb)
  ...ValueSet ATCTromboseprofylakseDKR                                                               (00:00.000 / 01:49.575, 1Gb)
  ...ValueSet AarsagOphoerDNSL                                                                       (00:00.000 / 01:49.576, 1Gb)
  ...ValueSet AarsagTilProcedureDCCG                                                                 (00:00.000 / 01:49.576, 1Gb)
  ...ValueSet AcetabulumKnogletabKlassifikationDHR                                                   (00:00.000 / 01:49.577, 1Gb)
  ...ValueSet ActilyseIkkeGivet                                                                      (00:00.000 / 01:49.577, 1Gb)
  ...ValueSet AdministrationType                                                                     (00:00.000 / 01:49.578, 1Gb)
  ...ValueSet AdministrationTypeDCCG                                                                 (00:00.000 / 01:49.578, 1Gb)
  ...ValueSet AfdelingDandem                                                                         (00:00.000 / 01:49.579, 1Gb)
  ...ValueSet AflastendeProcedure                                                                    (00:00.000 / 01:49.579, 1Gb)
  ...ValueSet AktivitetDKRR                                                                          (00:00.000 / 01:49.580, 1Gb)
  ...ValueSet AktivitetSportDKRR                                                                     (00:00.000 / 01:49.581, 1Gb)
  ...ValueSet AktuelSygdomsforlob                                                                    (00:00.000 / 01:49.581, 1Gb)
  ...ValueSet Alkohol021                                                                             (00:00.000 / 01:49.582, 1Gb)
  ...ValueSet Alkohol0til10                                                                          (00:00.000 / 01:49.582, 1Gb)
  ...ValueSet Alkohol714                                                                             (00:00.000 / 01:49.583, 1Gb)
  ...ValueSet AlleMaaleEnheder                                                                       (00:00.000 / 01:49.583, 1Gb)
  ...ValueSet AlloplastiktypeDKR                                                                     (00:00.000 / 01:49.584, 1Gb)
  ...ValueSet AnaestesiDUGA                                                                          (00:00.000 / 01:49.584, 1Gb)
  ...ValueSet AnaestesiGenerelSpinalEpiduralLokalanalgesi                                            (00:00.000 / 01:49.585, 1Gb)
  ...ValueSet AnaestesiLokalGenerel                                                                  (00:00.000 / 01:49.586, 1Gb)
  ...ValueSet AnaestesiLokalGenerelSpinalEpidural                                                    (00:00.000 / 01:49.586, 1Gb)
  ...ValueSet AnaestesiRegionalDHR                                                                   (00:00.000 / 01:49.587, 1Gb)
  ...ValueSet AnaestesiRegionalUniverselKombineret                                                   (00:00.000 / 01:49.587, 1Gb)
  ...ValueSet AnasthesiaService                                                                      (00:00.000 / 01:49.588, 1Gb)
  ...ValueSet AnasthesiaService2026                                                                  (00:00.000 / 01:49.588, 1Gb)
  ...ValueSet AnasthesiaServiceDAD                                                                   (00:00.000 / 01:49.589, 1Gb)
  ...ValueSet AnasthesiaTypeGen                                                                      (00:00.000 / 01:49.589, 1Gb)
  ...ValueSet AnastomoseLaekageGradingering                                                          (00:00.000 / 01:49.590, 1Gb)
  ...ValueSet AnastomoseLaekageGraduering                                                            (00:00.000 / 01:49.590, 1Gb)
  ...ValueSet AnastomoseType1                                                                        (00:00.000 / 01:49.591, 1Gb)
  ...ValueSet AnastomoseType2                                                                        (00:00.000 / 01:49.592, 1Gb)
  ...ValueSet AnastomoseType3                                                                        (00:00.000 / 01:49.592, 1Gb)
  ...ValueSet Anastomoselaekage                                                                      (00:00.000 / 01:49.593, 1Gb)
  ...ValueSet AnastomoselaekageKonsekvens                                                            (00:00.000 / 01:49.593, 1Gb)
  ...ValueSet AnatomiskLokation1                                                                     (00:00.000 / 01:49.594, 1Gb)
  ...ValueSet AnatomiskLokation2                                                                     (00:00.000 / 01:49.594, 1Gb)
  ...ValueSet AnatomiskLokation3                                                                     (00:00.000 / 01:49.595, 1Gb)
  ...ValueSet AnatomiskLokation4                                                                     (00:00.000 / 01:49.595, 1Gb)
  ...ValueSet AndenBloedningDAP                                                                      (00:00.000 / 01:49.596, 1Gb)
  ...ValueSet AnnArborStagingClassification                                                          (00:00.000 / 01:49.597, 1Gb)
  ...ValueSet AntibiotikaMedUden                                                                     (00:00.000 / 01:49.597, 1Gb)
  ...ValueSet AntibiotikaprofylakseDHR                                                               (00:00.000 / 01:49.598, 1Gb)
  ...ValueSet AntibiotikaprofylakseDKRR                                                              (00:00.000 / 01:49.598, 1Gb)
  ...ValueSet AnurismeAflukning                                                                      (00:00.000 / 01:49.599, 1Gb)
  ...ValueSet AnurismeStoerrelseSAH                                                                  (00:00.000 / 01:49.599, 1Gb)
  ...ValueSet ArtritisDSR                                                                            (00:00.000 / 01:49.600, 1Gb)
  ...ValueSet ArtrosePlaceringDKR                                                                    (00:00.000 / 01:49.600, 1Gb)
  ...ValueSet ArtrosefoelgeDSR                                                                       (00:00.000 / 01:49.601, 1Gb)
  ...ValueSet AsaIV                                                                                  (00:00.000 / 01:49.601, 1Gb)
  ...ValueSet AsaIVkort                                                                              (00:00.000 / 01:49.602, 1Gb)
  ...ValueSet AssistDevicesBallonStent                                                               (00:00.000 / 01:49.603, 1Gb)
  ...ValueSet BanffClassifikation                                                                    (00:00.000 / 01:49.603, 1Gb)
  ...ValueSet BegrundelseEndoskopiskLokalresektioen                                                  (00:00.000 / 01:49.604, 1Gb)
  ...ValueSet BehandlingCML                                                                          (00:00.000 / 01:49.604, 1Gb)
  ...ValueSet BehandlingCMMLMDS                                                                      (00:00.000 / 01:49.605, 1Gb)
  ...ValueSet BehandlingDHR                                                                          (00:00.000 / 01:49.605, 1Gb)
  ...ValueSet BehandlingEndovaskulaerType                                                            (00:00.000 / 01:49.606, 1Gb)
  ...ValueSet BehandlingKirurgiskEndovaskulaer                                                       (00:00.000 / 01:49.606, 1Gb)
  ...ValueSet BehandlingMDS                                                                          (00:00.000 / 01:49.607, 1Gb)
  ...ValueSet BehandlingPsykofarmakologiskRETSPSYK                                                   (00:00.000 / 01:49.608, 1Gb)
  ...ValueSet BehandlingTilstraekkelig                                                               (00:00.000 / 01:49.608, 1Gb)
  ...ValueSet BehandlingsResponsEvalueringLYFO                                                       (00:00.000 / 01:49.609, 1Gb)
  ...ValueSet BehandlingsTypeStamcellestoetteLYFO                                                    (00:00.000 / 01:49.609, 1Gb)
  ...ValueSet BehandlingsVarighedDHR                                                                 (00:00.000 / 01:49.610, 1Gb)
  ...ValueSet BehandlingsindikationKAR                                                               (00:00.000 / 01:49.610, 1Gb)
  ...ValueSet Behandlingsintention                                                                   (00:00.000 / 01:49.611, 1Gb)
  ...ValueSet BehandlingsresponsCML                                                                  (00:00.000 / 01:49.611, 1Gb)
  ...ValueSet BehandlinsplanAendretAarsagDCCG                                                        (00:00.000 / 01:49.612, 1Gb)
  ...ValueSet BenlaengdeDHR                                                                          (00:00.000 / 01:49.613, 1Gb)
  ...ValueSet BilateralUnilateral                                                                    (00:00.000 / 01:49.613, 1Gb)
  ...ValueSet BinetStagingSystem                                                                     (00:00.000 / 01:49.614, 1Gb)
  ...ValueSet BiobankSamples                                                                         (00:00.000 / 01:49.614, 1Gb)
  ...ValueSet BlodfortyndendeMedicin                                                                 (00:00.000 / 01:49.615, 1Gb)
  ...ValueSet BloedningsprofylakseDHR                                                                (00:00.000 / 01:49.615, 1Gb)
  ...ValueSet BoligforholdRETSPSYK                                                                   (00:00.000 / 01:49.616, 1Gb)
  ...ValueSet Boligform                                                                              (00:00.000 / 01:49.616, 1Gb)
  ...ValueSet BoligformDAP                                                                           (00:00.000 / 01:49.617, 1Gb)
  ...ValueSet BrusklaesionArealDKRR                                                                  (00:00.000 / 01:49.618, 1Gb)
  ...ValueSet BrusklaesionBehandlingDKRR                                                             (00:00.000 / 01:49.618, 1Gb)
  ...ValueSet BrusklaesionPlaceringDKRR                                                              (00:00.000 / 01:49.619, 1Gb)
  ...ValueSet BulkingMaterialeDUGA                                                                   (00:00.000 / 01:49.619, 1Gb)
  ...ValueSet CALRvariant                                                                            (00:00.000 / 01:49.620, 1Gb)
  ...ValueSet CancerUdredning                                                                        (00:00.000 / 01:49.620, 1Gb)
  ...ValueSet CancertypeDCCG                                                                         (00:00.000 / 01:49.621, 1Gb)
  ...ValueSet CaputDiameterDHR                                                                       (00:00.000 / 01:49.621, 1Gb)
  ...ValueSet CaputModulaerTypeDHR                                                                   (00:00.000 / 01:49.622, 1Gb)
  ...ValueSet CaputTypeDHR                                                                           (00:00.000 / 01:49.623, 1Gb)
  ...ValueSet CaputnekroseDSR                                                                        (00:00.000 / 01:49.623, 1Gb)
  ...ValueSet CementBlandesystemDHR                                                                  (00:00.000 / 01:49.624, 1Gb)
  ...ValueSet CementDKR                                                                              (00:00.000 / 01:49.624, 1Gb)
  ...ValueSet CementFemurTibiaPatellaDKR                                                             (00:00.000 / 01:49.625, 1Gb)
  ...ValueSet CementHofteDHR                                                                         (00:00.000 / 01:49.625, 1Gb)
  ...ValueSet CentralBlock                                                                           (00:00.000 / 01:49.626, 1Gb)
  ...ValueSet CentralBlockType                                                                       (00:00.000 / 01:49.626, 1Gb)
  ...ValueSet Chemotherapy                                                                           (00:00.000 / 01:49.627, 1Gb)
  ...ValueSet ChromosomPairs                                                                         (00:00.000 / 01:49.627, 1Gb)
  ...ValueSet CivilstandDAP                                                                          (00:00.000 / 01:49.628, 1Gb)
  ...ValueSet CivilstatusRETSPSYK                                                                    (00:00.000 / 01:49.628, 1Gb)
  ...ValueSet ClavienKomplikationsgrad                                                               (00:00.000 / 01:49.629, 1Gb)
  ...ValueSet ClavienKomplikationsgradDCCG                                                           (00:00.000 / 01:49.629, 1Gb)
  ...ValueSet ClavienKomplikationsgradLangDCCG                                                       (00:00.000 / 01:49.630, 1Gb)
  ...ValueSet ClinicalProtocolCodes                                                                  (00:00.000 / 01:49.630, 1Gb)
  ...ValueSet ClinicalProtocolCodes1                                                                 (00:00.000 / 01:49.631, 1Gb)
  ...ValueSet ClinicalProtocolNotParticipated                                                        (00:00.000 / 01:49.631, 1Gb)
  ...ValueSet Competence                                                                             (00:00.000 / 01:49.632, 1Gb)
  ...ValueSet ComplicationAN                                                                         (00:00.000 / 01:49.633, 1Gb)
  ...ValueSet ComplicationAN2026                                                                     (00:00.000 / 01:49.633, 1Gb)
  ...ValueSet ComplicationPO                                                                         (00:00.000 / 01:49.634, 1Gb)
  ...ValueSet ComplicationPO2026                                                                     (00:00.000 / 01:49.634, 1Gb)
  ...ValueSet ComplicationsManifestation                                                             (00:00.000 / 01:49.635, 1Gb)
  ...ValueSet ComplicationsManifestation202412                                                       (00:00.000 / 01:49.635, 1Gb)
  ...ValueSet CoronaryArteryGraph                                                                    (00:00.000 / 01:49.636, 1Gb)
  ...ValueSet Cyclus                                                                                 (00:00.000 / 01:49.636, 1Gb)
  ...ValueSet CytogeneticCancerChangesALD                                                            (00:00.000 / 01:49.637, 1Gb)
  ...ValueSet CytogeneticChanges                                                                     (00:00.000 / 01:49.638, 1Gb)
  ...ValueSet CytogeneticExamination                                                                 (00:00.000 / 01:49.638, 1Gb)
  ...ValueSet CytogeneticResult                                                                      (00:00.000 / 01:49.639, 1Gb)
  ...ValueSet CytogeneticResult202410                                                                (00:00.000 / 01:49.639, 1Gb)
  ...ValueSet CytogeneticRisk                                                                        (00:00.000 / 01:49.640, 1Gb)
  ...ValueSet CytogeneticRiskGrimwade2010                                                            (00:00.000 / 01:49.640, 1Gb)
  ...ValueSet CytogeneticRiskGrimwade2010DAMYDA                                                      (00:00.000 / 01:49.641, 1Gb)
  ...ValueSet CytogeneticSpecificerFund                                                              (00:00.000 / 01:49.641, 1Gb)
  ...ValueSet CytogeneticStemCellType                                                                (00:00.000 / 01:49.642, 1Gb)
  ...ValueSet Cytopeni                                                                               (00:00.000 / 01:49.643, 1Gb)
  ...ValueSet DHDeksklusionskriterie                                                                 (00:00.000 / 01:49.643, 1Gb)
  ...ValueSet DSAFundLokation                                                                        (00:00.000 / 01:49.644, 1Gb)
  ...ValueSet DSAFundLokation2026                                                                    (00:00.000 / 01:49.644, 1Gb)
  ...ValueSet DVTProfylakseDosisDKRR                                                                 (00:00.000 / 01:49.645, 1Gb)
  ...ValueSet DatabasesHAEMA                                                                         (00:00.000 / 01:49.645, 1Gb)
  ...ValueSet DegcMDTBeslutning                                                                      (00:00.000 / 01:49.646, 1Gb)
  ...ValueSet DeleFoelelser                                                                          (00:00.000 / 01:49.646, 1Gb)
  ...ValueSet DetectionMethodCR                                                                      (00:00.000 / 01:49.647, 1Gb)
  ...ValueSet DiagnoseCLL                                                                            (00:00.000 / 01:49.647, 1Gb)
  ...ValueSet DiagnoseDANDEM                                                                         (00:00.000 / 01:49.648, 1Gb)
  ...ValueSet DiagnoseDMPN                                                                           (00:00.000 / 01:49.648, 1Gb)
  ...ValueSet DiagnoseDMPNopfoelgning                                                                (00:00.000 / 01:49.649, 1Gb)
  ...ValueSet DiagnosegruppeHAEMA                                                                    (00:00.000 / 01:49.650, 1Gb)
  ...ValueSet DiagnosetypeDPD                                                                        (00:00.000 / 01:49.650, 1Gb)
  ...ValueSet DialyseOpstartDNSL                                                                     (00:00.000 / 01:49.651, 1Gb)
  ...ValueSet DialyseadgangDNSL                                                                      (00:00.000 / 01:49.651, 1Gb)
  ...ValueSet DoedLokation                                                                           (00:00.000 / 01:49.652, 1Gb)
  ...ValueSet DoedsaarsagALD                                                                         (00:00.000 / 01:49.652, 1Gb)
  ...ValueSet DoedsaarsagCLL                                                                         (00:00.000 / 01:49.653, 1Gb)
  ...ValueSet DoedsaarsagDAMYDA                                                                      (00:00.000 / 01:49.653, 1Gb)
  ...ValueSet DoedsaarsagLYFO                                                                        (00:00.000 / 01:49.654, 1Gb)
  ...ValueSet DoedsaarsagSAH                                                                         (00:00.000 / 01:49.654, 1Gb)
  ...ValueSet DomAendringPauseringRETSPSYK                                                           (00:00.000 / 01:49.655, 1Gb)
  ...ValueSet DomAfslutningRETSPSYK                                                                  (00:00.000 / 01:49.655, 1Gb)
  ...ValueSet DomAnbefalingRETSPSYK                                                                  (00:00.000 / 01:49.656, 1Gb)
  ...ValueSet DomAnbringelseRETSPSYK                                                                 (00:00.000 / 01:49.656, 1Gb)
  ...ValueSet DomBehandlingAmbulantRETSPSYK                                                          (00:00.000 / 01:49.657, 1Gb)
  ...ValueSet DomBehandlingRETSPSYK                                                                  (00:00.000 / 01:49.657, 1Gb)
  ...ValueSet DomForanstaltningstypeRETSPSYK                                                         (00:00.000 / 01:49.658, 1Gb)
  ...ValueSet DomOphaevelseAarsagRETSPSYK                                                            (00:00.000 / 01:49.658, 1Gb)
  ...ValueSet DomPauseringAarsagRETSPSYK                                                             (00:00.000 / 01:49.659, 1Gb)
  ...ValueSet DomTidligereRETSPSYK                                                                   (00:00.000 / 01:49.660, 1Gb)
  ...ValueSet DonorRelationDNSL                                                                      (00:00.000 / 01:49.660, 1Gb)
  ...ValueSet DonorRelationship                                                                      (00:00.000 / 01:49.661, 1Gb)
  ...ValueSet DosisAKbehDKR                                                                          (00:00.000 / 01:49.661, 1Gb)
  ...ValueSet ECOG                                                                                   (00:00.000 / 01:49.662, 1Gb)
  ...ValueSet ECOGHAEMA                                                                              (00:00.000 / 01:49.662, 1Gb)
  ...ValueSet EDTAHaemodialyseDNSL                                                                   (00:00.000 / 01:49.663, 1Gb)
  ...ValueSet EDTAPeritonedialyseDNSL                                                                (00:00.000 / 01:49.663, 1Gb)
  ...ValueSet EDTATransplantationDNSL                                                                (00:00.000 / 01:49.664, 1Gb)
  ...ValueSet EHSVentralHernieLateral                                                                (00:00.000 / 01:49.664, 1Gb)
  ...ValueSet EHSVentralHernieMidtlinie                                                              (00:00.000 / 01:49.665, 1Gb)
  ...ValueSet EHSVentralHernieSamlet                                                                 (00:00.000 / 01:49.665, 1Gb)
  ...ValueSet EHSVentralHernieType                                                                   (00:00.000 / 01:49.666, 1Gb)
  ...ValueSet EORTC14DPD                                                                             (00:00.000 / 01:49.666, 1Gb)
  ...ValueSet EORTC17DPD                                                                             (00:00.000 / 01:49.667, 1Gb)
  ...ValueSet EORTC17DUGA                                                                            (00:00.000 / 01:49.667, 1Gb)
  ...ValueSet EORTC24DPD                                                                             (00:00.000 / 01:49.668, 1Gb)
  ...ValueSet EndoskopiskUdseende                                                                    (00:00.000 / 01:49.669, 1Gb)
  ...ValueSet ErklaeringRETSPSYK                                                                     (00:00.000 / 01:49.669, 1Gb)
  ...ValueSet ExtraordinaryTreatmenCause                                                             (00:00.000 / 01:49.670, 1Gb)
  ...ValueSet FISHProcedure                                                                          (00:00.000 / 01:49.671, 1Gb)
  ...ValueSet FISHResult                                                                             (00:00.000 / 01:49.671, 1Gb)
  ...ValueSet FISHResult202502                                                                       (00:00.000 / 01:49.672, 1Gb)
  ...ValueSet FISHSamples                                                                            (00:00.000 / 01:49.672, 1Gb)
  ...ValueSet FISHSamples202502                                                                      (00:00.000 / 01:49.673, 1Gb)
  ...ValueSet Faggruppe                                                                              (00:00.000 / 01:49.673, 1Gb)
  ...ValueSet FemurKnogletabKlassifikationDHR                                                        (00:00.000 / 01:49.674, 1Gb)
  ...ValueSet FiksationCementeretUcementeret                                                         (00:00.000 / 01:49.675, 1Gb)
  ...ValueSet FiksationCementeretUcementeretAndet                                                    (00:00.000 / 01:49.675, 1Gb)
  ...ValueSet FiksationCementeretUcementeretHybrid                                                   (00:00.000 / 01:49.676, 1Gb)
  ...ValueSet FiksationFemurDKRR                                                                     (00:00.000 / 01:49.676, 1Gb)
  ...ValueSet FiksationFemurDKRR202503                                                               (00:00.000 / 01:49.677, 1Gb)
  ...ValueSet FiksationTibiaDKRR                                                                     (00:00.000 / 01:49.677, 1Gb)
  ...ValueSet FisherGrad                                                                             (00:00.000 / 01:49.678, 1Gb)
  ...ValueSet FoedselsstedRETSPSYK                                                                   (00:00.000 / 01:49.678, 1Gb)
  ...ValueSet FollowUp25Y                                                                            (00:00.000 / 01:49.679, 1Gb)
  ...ValueSet ForsoergelsesgrundlagRETSPSYK                                                          (00:00.000 / 01:49.680, 1Gb)
  ...ValueSet FrakturFriskhedDSR                                                                     (00:00.000 / 01:49.680, 1Gb)
  ...ValueSet FrekvensLaekDUGA                                                                       (00:00.000 / 01:49.681, 1Gb)
  ...ValueSet FrekvensNedsynkningDUGA                                                                (00:00.000 / 01:49.681, 1Gb)
  ...ValueSet FunktionTestADLDANDEM                                                                  (00:00.000 / 01:49.682, 1Gb)
  ...ValueSet FunktionsgruppeDHR                                                                     (00:00.000 / 01:49.682, 1Gb)
  ...ValueSet FunktionsgruppeDKR                                                                     (00:00.000 / 01:49.683, 1Gb)
  ...ValueSet Gender                                                                                 (00:00.000 / 01:49.684, 1Gb)
  ...ValueSet GenoplivStoppet                                                                        (00:00.000 / 01:49.684, 1Gb)
  ...ValueSet Genoplivning                                                                           (00:00.000 / 01:49.685, 1Gb)
  ...ValueSet GlenoidalkomponentIkkeIndsatDSR                                                        (00:00.000 / 01:49.685, 1Gb)
  ...ValueSet GlenoidalkomponentSupplerendeDSR                                                       (00:00.000 / 01:49.686, 1Gb)
  ...ValueSet GradAkutDHDB                                                                           (00:00.000 / 01:49.686, 1Gb)
  ...ValueSet GraftACLDKRR                                                                           (00:00.000 / 01:49.687, 1Gb)
  ...ValueSet GraftDKRR                                                                              (00:00.000 / 01:49.688, 1Gb)
  ...ValueSet GrundlidelseDHR                                                                        (00:00.000 / 01:49.688, 1Gb)
  ...ValueSet GrundlidelseDKR                                                                        (00:00.000 / 01:49.689, 1Gb)
  ...ValueSet GrundlidelseDSR                                                                        (00:00.000 / 01:49.689, 1Gb)
  ...ValueSet GynUndersoegDUGA                                                                       (00:00.000 / 01:49.690, 1Gb)
  ...ValueSet HaemoglobinTransf4                                                                     (00:00.000 / 01:49.690, 1Gb)
  ...ValueSet HandProblemer                                                                          (00:00.000 / 01:49.691, 1Gb)
  ...ValueSet HarrisHipScoreGangafvikling                                                            (00:00.000 / 01:49.692, 1Gb)
  ...ValueSet HarrisHipScoreGangdistance                                                             (00:00.000 / 01:49.692, 1Gb)
  ...ValueSet HarrisHipScoreHjaelpemidler                                                            (00:00.000 / 01:49.693, 1Gb)
  ...ValueSet HarrisHipScoreOffentligTransport                                                       (00:00.000 / 01:49.693, 1Gb)
  ...ValueSet HarrisHipScoreSiddefunktion                                                            (00:00.000 / 01:49.694, 1Gb)
  ...ValueSet HarrisHipScoreSkoStroemper                                                             (00:00.000 / 01:49.695, 1Gb)
  ...ValueSet HarrisHipScoreSmerter                                                                  (00:00.000 / 01:49.695, 1Gb)
  ...ValueSet HarrisHipScoreTrappegang                                                               (00:00.000 / 01:49.696, 1Gb)
  ...ValueSet HeartAttackSTEMIPosition                                                               (00:00.000 / 01:49.696, 1Gb)
  ...ValueSet HeartAttackTypes                                                                       (00:00.000 / 01:49.697, 1Gb)
  ...ValueSet HeartFailure                                                                           (00:00.000 / 01:49.697, 1Gb)
  ...ValueSet HeartRhythm                                                                            (00:00.000 / 01:49.698, 1Gb)
  ...ValueSet HematologicalDiseases                                                                  (00:00.000 / 01:49.699, 1Gb)
  ...ValueSet HemialloplastikFemur                                                                   (00:00.000 / 01:49.699, 1Gb)
  ...ValueSet HenvistFra                                                                             (00:00.000 / 01:49.700, 1Gb)
  ...ValueSet HernieStoerrelse                                                                       (00:00.000 / 01:49.700, 1Gb)
  ...ValueSet HjerneoedemDAP                                                                         (00:00.000 / 01:49.701, 1Gb)
  ...ValueSet Hjerterytme                                                                            (00:00.000 / 01:49.702, 1Gb)
  ...ValueSet HjertestopAarsag                                                                       (00:00.000 / 01:49.702, 1Gb)
  ...ValueSet HumeruskomponentDSR                                                                    (00:00.000 / 01:49.703, 1Gb)
  ...ValueSet HuntHessClassification                                                                 (00:00.000 / 01:49.703, 1Gb)
  ...ValueSet HydrocephalusTiltag                                                                    (00:00.000 / 01:49.704, 1Gb)
  ...ValueSet Hyppighed                                                                              (00:00.000 / 01:49.705, 1Gb)
  ...ValueSet ICHEvakuering                                                                          (00:00.000 / 01:49.705, 1Gb)
  ...ValueSet ICRSGraduering14                                                                       (00:00.000 / 01:49.706, 1Gb)
  ...ValueSet IDC10DPD                                                                               (00:00.000 / 01:49.706, 1Gb)
  ...ValueSet IDC10DPDCancer                                                                         (00:00.000 / 01:49.707, 1Gb)
  ...ValueSet IDC10DPDNonCancer                                                                      (00:00.000 / 01:49.708, 1Gb)
  ...ValueSet IPSSRCytogenetiskRisiko                                                                (00:00.000 / 01:49.708, 1Gb)
  ...ValueSet IkkeBesvaret                                                                           (00:00.000 / 01:49.709, 1Gb)
  ...ValueSet IkkeUdfoert                                                                            (00:00.000 / 01:49.709, 1Gb)
  ...ValueSet Imaging                                                                                (00:00.000 / 01:49.710, 1Gb)
  ...ValueSet ImagingAngio                                                                           (00:00.000 / 01:49.710, 1Gb)
  ...ValueSet Immunoterapi                                                                           (00:00.000 / 01:49.711, 1Gb)
  ...ValueSet ImplantatAnatomiskDesign                                                               (00:00.000 / 01:49.712, 1Gb)
  ...ValueSet ImplantatAnatomiskOffset                                                               (00:00.000 / 01:49.712, 1Gb)
  ...ValueSet ImplantatAnatomiskReverse                                                              (00:00.000 / 01:49.713, 1Gb)
  ...ValueSet ImplantatMaterialeDSR                                                                  (00:00.000 / 01:49.713, 1Gb)
  ...ValueSet ImplantatMaterialeKeramikMetalAndet                                                    (00:00.000 / 01:49.714, 1Gb)
  ...ValueSet ImplantatMaterialePolyethylenKeramikMetal                                              (00:00.000 / 01:49.714, 1Gb)
  ...ValueSet ImplantatReverseDesign                                                                 (00:00.000 / 01:49.715, 1Gb)
  ...ValueSet ImplantattypeDUGA                                                                      (00:00.000 / 01:49.715, 1Gb)
  ...ValueSet Incisionsvalg                                                                          (00:00.000 / 01:49.716, 1Gb)
  ...ValueSet IndgrebAabenIngvinalhernieDHDB                                                         (00:00.000 / 01:49.717, 1Gb)
  ...ValueSet IndgrebAabenMeshIngvinalhernieDHDB                                                     (00:00.000 / 01:49.717, 1Gb)
  ...ValueSet IndgrebComponentsSeparationDHDB                                                        (00:00.000 / 01:49.718, 1Gb)
  ...ValueSet IndgrebComponentsSeparationTypeDHDB                                                    (00:00.000 / 01:49.718, 1Gb)
  ...ValueSet IndgrebFemoralhernieDHDB                                                               (00:00.000 / 01:49.719, 1Gb)
  ...ValueSet IndgrebIngvinalhernieDHDB                                                              (00:00.000 / 01:49.719, 1Gb)
  ...ValueSet IndgrebLaparoskopiskDHDB                                                               (00:00.000 / 01:49.720, 1Gb)
  ...ValueSet IndgrebNerveSet                                                                        (00:00.000 / 01:49.720, 1Gb)
  ...ValueSet IndgrebPrioritetAkutElektiv                                                            (00:00.000 / 01:49.721, 1Gb)
  ...ValueSet IndgrebVentralhernieAndenDHDB                                                          (00:00.000 / 01:49.722, 1Gb)
  ...ValueSet IndgrebVentralhernieDHDB                                                               (00:00.000 / 01:49.722, 1Gb)
  ...ValueSet IndikationTES                                                                          (00:00.000 / 01:49.723, 1Gb)
  ...ValueSet IndsatFjernet                                                                          (00:00.000 / 01:49.723, 1Gb)
  ...ValueSet IndsatIkkeIndsat                                                                       (00:00.000 / 01:49.724, 1Gb)
  ...ValueSet Ingen                                                                                  (00:00.000 / 01:49.724, 1Gb)
  ...ValueSet IngenBehandling                                                                        (00:00.000 / 01:49.725, 1Gb)
  ...ValueSet IngvinalhernieSpecificering                                                            (00:00.000 / 01:49.725, 1Gb)
  ...ValueSet InitialRespons                                                                         (00:00.000 / 01:49.726, 1Gb)
  ...ValueSet Interventionsforloeb                                                                   (00:00.000 / 01:49.727, 1Gb)
  ...ValueSet InterventionsgruppeDialyseHaemoDNSL                                                    (00:00.000 / 01:49.727, 1Gb)
  ...ValueSet InterventionsgruppeDialysePeritonealDNSL                                               (00:00.000 / 01:49.728, 1Gb)
  ...ValueSet InterventionsgruppeTransplantDNSL                                                      (00:00.000 / 01:49.728, 1Gb)
  ...ValueSet InterventionsgruppeTransplantExclDNSL                                                  (00:00.000 / 01:49.729, 1Gb)
  ...ValueSet IntraoperativeLaesionerKDCCG                                                           (00:00.000 / 01:49.729, 1Gb)
  ...ValueSet IntraoperativeLaesionerMDCCG                                                           (00:00.000 / 01:49.730, 1Gb)
  ...ValueSet Intubation                                                                             (00:00.000 / 01:49.730, 1Gb)
  ...ValueSet IntubationRelaks                                                                       (00:00.000 / 01:49.731, 1Gb)
  ...ValueSet JaEnkeltUdfald                                                                         (00:00.000 / 01:49.732, 1Gb)
  ...ValueSet JaNej                                                                                  (00:00.000 / 01:49.732, 1Gb)
  ...ValueSet JaNejBetinget                                                                          (00:00.000 / 01:49.733, 1Gb)
  ...ValueSet JaNejEjMaalt                                                                           (00:00.000 / 01:49.733, 1Gb)
  ...ValueSet JaNejIkkeSpurgt                                                                        (00:00.000 / 01:49.734, 1Gb)
  ...ValueSet JaNejIkkeUdfoert                                                                       (00:00.000 / 01:49.735, 1Gb)
  ...ValueSet JaNejIkkefagligrelevant                                                                (00:00.000 / 01:49.735, 1Gb)
  ...ValueSet JaNejIkkeindiceret                                                                     (00:00.000 / 01:49.736, 1Gb)
  ...ValueSet JaNejIkkerelevant                                                                      (00:00.000 / 01:49.736, 1Gb)
  ...ValueSet JaNejKanIkkeAfgoeres                                                                   (00:00.000 / 01:49.737, 1Gb)
  ...ValueSet JaNejUkendt                                                                            (00:00.000 / 01:49.737, 1Gb)
  ...ValueSet JaNejUkendtIkkerelevant                                                                (00:00.000 / 01:49.738, 1Gb)
  ...ValueSet JaNejUvist                                                                             (00:00.000 / 01:49.739, 1Gb)
  ...ValueSet JaNejUvistIkkeudfoert                                                                  (00:00.000 / 01:49.739, 1Gb)
  ...ValueSet JaNejUvistUkendt                                                                       (00:00.000 / 01:49.740, 1Gb)
  ...ValueSet JaNejUvistUkendtIkkeRelevant                                                           (00:00.000 / 01:49.740, 1Gb)
  ...ValueSet KellgrenLawsonKlassifikation                                                           (00:00.000 / 01:49.741, 1Gb)
  ...ValueSet Kemoterapiregime                                                                       (00:00.000 / 01:49.742, 1Gb)
  ...ValueSet KirurgiskAdgangDSR                                                                     (00:00.000 / 01:49.742, 1Gb)
  ...ValueSet KliniskeSymptomerDCCG                                                                  (00:00.000 / 01:49.743, 1Gb)
  ...ValueSet KnaeLoeshedGradering                                                                   (00:00.000 / 01:49.743, 1Gb)
  ...ValueSet KnaeLoeshedPosterolateral                                                              (00:00.000 / 01:49.744, 1Gb)
  ...ValueSet KnaeakseDKR                                                                            (00:00.000 / 01:49.745, 1Gb)
  ...ValueSet KnoglegraftDSR                                                                         (00:00.000 / 01:49.745, 1Gb)
  ...ValueSet KnogletransplantationDHR                                                               (00:00.000 / 01:49.746, 1Gb)
  ...ValueSet KognitivPaavirkningDANDEM                                                              (00:00.000 / 01:49.746, 1Gb)
  ...ValueSet KognitivTestDANDEM                                                                     (00:00.000 / 01:49.747, 1Gb)
  ...ValueSet KomplAndreDiagDUGA                                                                     (00:00.000 / 01:49.747, 1Gb)
  ...ValueSet KomplAndreProcDUGA                                                                     (00:00.000 / 01:49.748, 1Gb)
  ...ValueSet KomplBlaereDiagDUGA                                                                    (00:00.000 / 01:49.749, 1Gb)
  ...ValueSet KomplBlaereProcDUGA                                                                    (00:00.000 / 01:49.749, 1Gb)
  ...ValueSet KomplBloedDiagDUGA                                                                     (00:00.000 / 01:49.750, 1Gb)
  ...ValueSet KomplBloedProcDUGA                                                                     (00:00.000 / 01:49.750, 1Gb)
  ...ValueSet KomplInfektionDiagDUGA                                                                 (00:00.000 / 01:49.751, 1Gb)
  ...ValueSet KomplInfektionProcDUGA                                                                 (00:00.000 / 01:49.751, 1Gb)
  ...ValueSet KomplOrganperfDiagDUGA                                                                 (00:00.000 / 01:49.752, 1Gb)
  ...ValueSet KomplOrganperfProcDUGA                                                                 (00:00.000 / 01:49.752, 1Gb)
  ...ValueSet KomplikationerBehandlingDEGC                                                           (00:00.000 / 01:49.753, 1Gb)
  ...ValueSet KomplikationerDKRR                                                                     (00:00.000 / 01:49.754, 1Gb)
  ...ValueSet KomplikationerEndovaskulaerSAH                                                         (00:00.000 / 01:49.754, 1Gb)
  ...ValueSet KomplikationerKirurgiskSAH                                                             (00:00.000 / 01:49.755, 1Gb)
  ...ValueSet KomplikationerPeroperativeDHR                                                          (00:00.000 / 01:49.755, 1Gb)
  ...ValueSet KomplikationerPeroperativeDKR                                                          (00:00.000 / 01:49.756, 1Gb)
  ...ValueSet KomplikationerVaskulaerDMPN                                                            (00:00.000 / 01:49.757, 1Gb)
  ...ValueSet KomponentAcetabulumDHR                                                                 (00:00.000 / 01:49.757, 1Gb)
  ...ValueSet KomponentAcetabulumStatusDHR                                                           (00:00.000 / 01:49.758, 1Gb)
  ...ValueSet KomponentFemurDHR                                                                      (00:00.000 / 01:49.758, 1Gb)
  ...ValueSet KomponentFemurDKR                                                                      (00:00.000 / 01:49.759, 1Gb)
  ...ValueSet KomponentFemurDKR202503                                                                (00:00.000 / 01:49.760, 1Gb)
  ...ValueSet KomponentFemurDKRrevision                                                              (00:00.000 / 01:49.760, 1Gb)
  ...ValueSet KomponentFemurDKRrevision202503                                                        (00:00.000 / 01:49.761, 1Gb)
  ...ValueSet KomponentFemurStatusDHR                                                                (00:00.000 / 01:49.761, 1Gb)
  ...ValueSet KomponentFemurStatusDKR                                                                (00:00.000 / 01:49.762, 1Gb)
  ...ValueSet KomponentPatellaDKR                                                                    (00:00.000 / 01:49.763, 1Gb)
  ...ValueSet KomponentPatellaDKRrevision                                                            (00:00.000 / 01:49.763, 1Gb)
  ...ValueSet KomponentPatellaMaterialeDKR                                                           (00:00.000 / 01:49.764, 1Gb)
  ...ValueSet KomponentSupplementDKR                                                                 (00:00.000 / 01:49.764, 1Gb)
  ...ValueSet KomponentTibiaDKR                                                                      (00:00.000 / 01:49.765, 1Gb)
  ...ValueSet KomponentTibiaDKR202503                                                                (00:00.000 / 01:49.766, 1Gb)
  ...ValueSet KomponentTibiaDKRrevision                                                              (00:00.000 / 01:49.766, 1Gb)
  ...ValueSet KomponentTibiaDKRrevision202503                                                        (00:00.000 / 01:49.767, 1Gb)
  ...ValueSet KomponentTibiaStatusDKR                                                                (00:00.000 / 01:49.767, 1Gb)
  ...ValueSet KomponentTypeDKR                                                                       (00:00.000 / 01:49.768, 1Gb)
  ...ValueSet KomponentTypeFemurDHR                                                                  (00:00.000 / 01:49.768, 1Gb)
  ...ValueSet KomponentTypeHullerUdenhullerDHR                                                       (00:00.000 / 01:49.769, 1Gb)
  ...ValueSet KonferenceDPD                                                                          (00:00.000 / 01:49.769, 1Gb)
  ...ValueSet KontaktPatient                                                                         (00:00.000 / 01:49.770, 1Gb)
  ...ValueSet KontaktSted                                                                            (00:00.000 / 01:49.771, 1Gb)
  ...ValueSet KontaktSted2026                                                                        (00:00.000 / 01:49.771, 1Gb)
  ...ValueSet KontaktType1                                                                           (00:00.000 / 01:49.772, 1Gb)
  ...ValueSet Kontamineringsgrad                                                                     (00:00.000 / 01:49.772, 1Gb)
  ...ValueSet KorsbaandEjBevaret                                                                     (00:00.000 / 01:49.773, 1Gb)
  ...ValueSet KursusregAarsag                                                                        (00:00.000 / 01:49.773, 1Gb)
  ...ValueSet LaryngoskopiDegree                                                                     (00:00.000 / 01:49.774, 1Gb)
  ...ValueSet LaryngoskopiDegree2026                                                                 (00:00.000 / 01:49.774, 1Gb)
  ...ValueSet LedbaandsrekonstruktionDKRR                                                            (00:00.000 / 01:49.775, 1Gb)
  ...ValueSet LeftRight                                                                              (00:00.000 / 01:49.775, 1Gb)
  ...ValueSet LifeStatus                                                                             (00:00.000 / 01:49.776, 1Gb)
  ...ValueSet LimnavnDHDB                                                                            (00:00.000 / 01:49.777, 1Gb)
  ...ValueSet LinerCrosslinkedDHR                                                                    (00:00.000 / 01:49.777, 1Gb)
  ...ValueSet LinerMedPostDKR                                                                        (00:00.000 / 01:49.778, 1Gb)
  ...ValueSet LinerUdenPostDKR                                                                       (00:00.000 / 01:49.778, 1Gb)
  ...ValueSet LinertypeDHR                                                                           (00:00.000 / 01:49.779, 1Gb)
  ...ValueSet LipomHandlingDHDB                                                                      (00:00.000 / 01:49.779, 1Gb)
  ...ValueSet LocationExtranodalFemale                                                               (00:00.000 / 01:49.780, 1Gb)
  ...ValueSet LocationExtranodalMale                                                                 (00:00.000 / 01:49.780, 1Gb)
  ...ValueSet LocationNodal                                                                          (00:00.000 / 01:49.781, 1Gb)
  ...ValueSet LocationPriSecNodalFemale                                                              (00:00.000 / 01:49.782, 1Gb)
  ...ValueSet LocationPriSecNodalMale                                                                (00:00.000 / 01:49.782, 1Gb)
  ...ValueSet LokalBloedningDAP                                                                      (00:00.000 / 01:49.783, 1Gb)
  ...ValueSet LokalStraaleterapi                                                                     (00:00.000 / 01:49.783, 1Gb)
  ...ValueSet LokalisationEsophagusDEGC                                                              (00:00.000 / 01:49.784, 1Gb)
  ...ValueSet LokalitetDANARREST                                                                     (00:00.000 / 01:49.784, 1Gb)
  ...ValueSet LokationAneurismeSAH                                                                   (00:00.000 / 01:49.785, 1Gb)
  ...ValueSet LokationLymphomas                                                                      (00:00.000 / 01:49.785, 1Gb)
  ...ValueSet LuftvejForsoeg                                                                         (00:00.000 / 01:49.786, 1Gb)
  ...ValueSet LuftvejsHaandtering                                                                    (00:00.000 / 01:49.787, 1Gb)
  ...ValueSet LuftvejsHaandtering2026                                                                (00:00.000 / 01:49.787, 1Gb)
  ...ValueSet LuftvejsHaandteringsidsteforsoeg                                                       (00:00.000 / 01:49.788, 1Gb)
  ...ValueSet Luftvejsplan                                                                           (00:00.000 / 01:49.788, 1Gb)
  ...ValueSet Luftvejsplan2026                                                                       (00:00.000 / 01:49.789, 1Gb)
  ...ValueSet LukningHudDHDB                                                                         (00:00.000 / 01:49.789, 1Gb)
  ...ValueSet MComponentTypeDAMYDA                                                                   (00:00.000 / 01:49.790, 1Gb)
  ...ValueSet MComponentTypeLyfo                                                                     (00:00.000 / 01:49.791, 1Gb)
  ...ValueSet MDTIkkeFulgt                                                                           (00:00.000 / 01:49.791, 1Gb)
  ...ValueSet MKategoriDCCG                                                                          (00:00.000 / 01:49.792, 1Gb)
  ...ValueSet MKomponentLaboratoriesvar                                                              (00:00.000 / 01:49.792, 1Gb)
  ...ValueSet MLInstabilitetDKR                                                                      (00:00.000 / 01:49.793, 1Gb)
  ...ValueSet MTICIReperfusionsgrad                                                                  (00:00.000 / 01:49.794, 1Gb)
  ...ValueSet MaaleEnhedHAEMA2                                                                       (00:00.000 / 01:49.794, 1Gb)
  ...ValueSet MaaleEnhedHAEMA3                                                                       (00:00.000 / 01:49.795, 1Gb)
  ...ValueSet MaaleudstyrDKRR                                                                        (00:00.000 / 01:49.796, 1Gb)
  ...ValueSet MaalingCalcium                                                                         (00:00.000 / 01:49.796, 1Gb)
  ...ValueSet Maengder                                                                               (00:00.000 / 01:49.797, 1Gb)
  ...ValueSet ManglendeBehandling                                                                    (00:00.000 / 01:49.798, 1Gb)
  ...ValueSet ManglendeEORTC                                                                         (00:00.000 / 01:49.798, 1Gb)
  ...ValueSet ManglendeVisitation                                                                    (00:00.000 / 01:49.799, 1Gb)
  ...ValueSet MedicalScanningTypes                                                                   (00:00.000 / 01:49.800, 1Gb)
  ...ValueSet MedicalScanningTypes202412                                                             (00:00.000 / 01:49.800, 1Gb)
  ...ValueSet MedicinDANARREST                                                                       (00:00.000 / 01:49.801, 1Gb)
  ...ValueSet MedicinPraeparatDSR                                                                    (00:00.000 / 01:49.801, 1Gb)
  ...ValueSet MedicinVarighedDSR                                                                     (00:00.000 / 01:49.802, 1Gb)
  ...ValueSet MedicinalBehandlingPaabegyndtDHR                                                       (00:00.000 / 01:49.803, 1Gb)
  ...ValueSet MenisklaesionBehandlingDKRR                                                            (00:00.000 / 01:49.803, 1Gb)
  ...ValueSet MenisklaesionMedialLateralDKRR                                                         (00:00.000 / 01:49.804, 1Gb)
  ...ValueSet MenisklaesionTypeDKRR                                                                  (00:00.000 / 01:49.804, 1Gb)
  ...ValueSet MeshFikseringDHDB                                                                      (00:00.000 / 01:49.805, 1Gb)
  ...ValueSet MeshPlaceringDHDB                                                                      (00:00.000 / 01:49.806, 1Gb)
  ...ValueSet MeshTeknikDHDB                                                                         (00:00.000 / 01:49.806, 1Gb)
  ...ValueSet MeshTypeIngvinalhernieDHDB                                                             (00:00.000 / 01:49.807, 1Gb)
  ...ValueSet MeshTypeVentralhernieDHDB                                                              (00:00.000 / 01:49.807, 1Gb)
  ...ValueSet ModifiedRaymondRoyKlassification                                                       (00:00.000 / 01:49.808, 1Gb)
  ...ValueSet MolecularRemission                                                                     (00:00.000 / 01:49.808, 1Gb)
  ...ValueSet MolecurlarBiologyExamination                                                           (00:00.000 / 01:49.809, 1Gb)
  ...ValueSet MorsDiagnoseForskelligtDNSL                                                            (00:00.000 / 01:49.810, 1Gb)
  ...ValueSet MorsDiagnoseInfektionerDNSL                                                            (00:00.000 / 01:49.810, 1Gb)
  ...ValueSet MorsDiagnoseKardialDNSL                                                                (00:00.000 / 01:49.811, 1Gb)
  ...ValueSet MorsDiagnoseLeverDNSL                                                                  (00:00.000 / 01:49.811, 1Gb)
  ...ValueSet MorsDiagnoseSocialtDNSL                                                                (00:00.000 / 01:49.812, 1Gb)
  ...ValueSet MorsDiagnoseUlykkeDNSL                                                                 (00:00.000 / 01:49.813, 1Gb)
  ...ValueSet MorsDiagnoseVaskulaerDNSL                                                              (00:00.000 / 01:49.813, 1Gb)
  ...ValueSet MorsDiagnosegrupper                                                                    (00:00.000 / 01:49.814, 1Gb)
  ...ValueSet MuligVanskeligUmulig                                                                   (00:00.000 / 01:49.814, 1Gb)
  ...ValueSet NIHSS10Dysartri                                                                        (00:00.000 / 01:49.815, 1Gb)
  ...ValueSet NIHSS11EkstinktionInattention                                                          (00:00.000 / 01:49.816, 1Gb)
  ...ValueSet NIHSS1aBevidsthedsniveau                                                               (00:00.000 / 01:49.816, 1Gb)
  ...ValueSet NIHSS1bBevidsthedsniveau                                                               (00:00.000 / 01:49.817, 1Gb)
  ...ValueSet NIHSS1cBevidsthedsniveau                                                               (00:00.000 / 01:49.817, 1Gb)
  ...ValueSet NIHSS2Blik                                                                             (00:00.000 / 01:49.818, 1Gb)
  ...ValueSet NIHSS3Synsfelt                                                                         (00:00.000 / 01:49.819, 1Gb)
  ...ValueSet NIHSS4Facialisparese                                                                   (00:00.000 / 01:49.819, 1Gb)
  ...ValueSet NIHSS5FunktionArm                                                                      (00:00.000 / 01:49.820, 1Gb)
  ...ValueSet NIHSS6FunktionBen                                                                      (00:00.000 / 01:49.820, 1Gb)
  ...ValueSet NIHSS7Ataksi                                                                           (00:00.000 / 01:49.821, 1Gb)
  ...ValueSet NIHSS8Sensibilitet                                                                     (00:00.000 / 01:49.822, 1Gb)
  ...ValueSet NIHSS9Sprog                                                                            (00:00.000 / 01:49.822, 1Gb)
  ...ValueSet NKategoriDCCG                                                                          (00:00.000 / 01:49.823, 1Gb)
  ...ValueSet NYHA                                                                                   (00:00.000 / 01:49.823, 1Gb)
  ...ValueSet NeoadjuverendeBehandling                                                               (00:00.000 / 01:49.824, 1Gb)
  ...ValueSet NerveBlockTypeLower                                                                    (00:00.000 / 01:49.825, 1Gb)
  ...ValueSet NerveBlockTypeOther                                                                    (00:00.000 / 01:49.825, 1Gb)
  ...ValueSet NerveBlockTypeUpper                                                                    (00:00.000 / 01:49.826, 1Gb)
  ...ValueSet ObservationAfdeling                                                                    (00:00.000 / 01:49.826, 1Gb)
  ...ValueSet ObservationPatient                                                                     (00:00.000 / 01:49.827, 1Gb)
  ...ValueSet ObservationsstedAN                                                                     (00:00.000 / 01:49.828, 1Gb)
  ...ValueSet ObservationsstedPO                                                                     (00:00.000 / 01:49.828, 1Gb)
  ...ValueSet OnkologiBehandlingsintention                                                           (00:00.000 / 01:49.829, 1Gb)
  ...ValueSet OnkologibehandlingerAll                                                                (00:00.000 / 01:49.829, 1Gb)
  ...ValueSet OnkologibehandlingerKurativ                                                            (00:00.000 / 01:49.830, 1Gb)
  ...ValueSet OperationDanmarkUdlandetDHR                                                            (00:00.000 / 01:49.831, 1Gb)
  ...ValueSet OperationIkkeGennemfortDCCG                                                            (00:00.000 / 01:49.831, 1Gb)
  ...ValueSet OperationKanalAntalDKRR                                                                (00:00.000 / 01:49.832, 1Gb)
  ...ValueSet OperationKanalFemurPlaceringDKRR                                                       (00:00.000 / 01:49.832, 1Gb)
  ...ValueSet OperationerAktuelDKRR                                                                  (00:00.000 / 01:49.833, 1Gb)
  ...ValueSet OperationerDKRR                                                                        (00:00.000 / 01:49.834, 1Gb)
  ...ValueSet Operationserfaring                                                                     (00:00.000 / 01:49.834, 1Gb)
  ...ValueSet OperationspaaklaedningDHR                                                              (00:00.000 / 01:49.835, 1Gb)
  ...ValueSet OperationssaarInfektionKAR                                                             (00:00.000 / 01:49.835, 1Gb)
  ...ValueSet OperationssaarKomplikationerKAR                                                        (00:00.000 / 01:49.836, 1Gb)
  ...ValueSet Operationsside                                                                         (00:00.000 / 01:49.837, 1Gb)
  ...ValueSet OperationssideHoejreVenstreDobbeltsidig                                                (00:00.000 / 01:49.837, 1Gb)
  ...ValueSet OperationssideKAR                                                                      (00:00.000 / 01:49.838, 1Gb)
  ...ValueSet OperationsstueDKR                                                                      (00:00.000 / 01:49.838, 1Gb)
  ...ValueSet OperationsstueFlowKonventionel                                                         (00:00.000 / 01:49.839, 1Gb)
  ...ValueSet OperationstypeFoersteRecidiv                                                           (00:00.000 / 01:49.840, 1Gb)
  ...ValueSet OperationstypeLYFO                                                                     (00:00.000 / 01:49.840, 1Gb)
  ...ValueSet OperationstypePrimaerRevision                                                          (00:00.000 / 01:49.841, 1Gb)
  ...ValueSet OperationstypePrimaerSekundaer                                                         (00:00.000 / 01:49.841, 1Gb)
  ...ValueSet OperativAdgangDKR                                                                      (00:00.000 / 01:49.842, 1Gb)
  ...ValueSet OperativProcedureKategoriDCCG                                                          (00:00.000 / 01:49.843, 1Gb)
  ...ValueSet OperativProcedureKategoriKolonDCCG                                                     (00:00.000 / 01:49.843, 1Gb)
  ...ValueSet OperativProcedureKategoriRektumDCCG                                                    (00:00.000 / 01:49.844, 1Gb)
  ...ValueSet OperativeAdgangDHR                                                                     (00:00.000 / 01:49.844, 1Gb)
  ...ValueSet OperativtFundIngvinalhernieDHDB                                                        (00:00.000 / 01:49.845, 1Gb)
  ...ValueSet OperativtSigteDCCG                                                                     (00:00.000 / 01:49.846, 1Gb)
  ...ValueSet OpkodeGenitalProlapsDUGA                                                               (00:00.000 / 01:49.846, 1Gb)
  ...ValueSet OpkodeUrinGenitalDUGA                                                                  (00:00.000 / 01:49.847, 1Gb)
  ...ValueSet OpkodeUrinInkontinensDUGA                                                              (00:00.000 / 01:49.847, 1Gb)
  ...ValueSet OsteotomiTypeAlmindeligExtendedDHR                                                     (00:00.000 / 01:49.848, 1Gb)
  ...ValueSet POPQAaApDUGA                                                                           (00:00.000 / 01:49.849, 1Gb)
  ...ValueSet POPQBaDUGA                                                                             (00:00.000 / 01:49.849, 1Gb)
  ...ValueSet POPQBpDUGA                                                                             (00:00.000 / 01:49.850, 1Gb)
  ...ValueSet POPQCDDUGA                                                                             (00:00.000 / 01:49.850, 1Gb)
  ...ValueSet POPQGhDUGA                                                                             (00:00.000 / 01:49.851, 1Gb)
  ...ValueSet POPQKompartmentDUGA                                                                    (00:00.000 / 01:49.852, 1Gb)
  ...ValueSet POPQPbDUGA                                                                             (00:00.000 / 01:49.852, 1Gb)
  ...ValueSet POPQTvlDUGA                                                                            (00:00.000 / 01:49.853, 1Gb)
  ...ValueSet PRDcodes                                                                               (00:00.000 / 01:49.853, 1Gb)
  ...ValueSet PTNMtype                                                                               (00:00.000 / 01:49.854, 1Gb)
  ...ValueSet PaavirkningPaagaaendeRETSPSYK                                                          (00:00.000 / 01:49.855, 1Gb)
  ...ValueSet PaavirkningRETSPSYK                                                                    (00:00.000 / 01:49.855, 1Gb)
  ...ValueSet ParagrafferRETSPSYK                                                                    (00:00.000 / 01:49.856, 1Gb)
  ...ValueSet PatobankSNOMEDCytogenetikMDS                                                           (00:00.000 / 01:49.856, 1Gb)
  ...ValueSet PatobankSNOMEDDMPNDiagnose                                                             (00:00.000 / 01:49.857, 1Gb)
  ...ValueSet PatobankSNOMEDDiagnoserLYFO                                                            (00:00.000 / 01:49.857, 1Gb)
  ...ValueSet PatobankSNOMEDDiagnoserLYFO2026                                                        (00:00.000 / 01:49.858, 1Gb)
  ...ValueSet PatobankSNOMEDLeukemiaDiagnose                                                         (00:00.000 / 01:49.858, 1Gb)
  ...ValueSet PatobankSNOMEDMDSDiagnose                                                              (00:00.000 / 01:49.859, 1Gb)
  ...ValueSet PatobankSNOMEDpTNMpM                                                                   (00:00.000 / 01:49.859, 1Gb)
  ...ValueSet PatobankSNOMEDpTNMpN                                                                   (00:00.000 / 01:49.860, 1Gb)
  ...ValueSet PatobankSNOMEDpTNMpT                                                                   (00:00.000 / 01:49.861, 1Gb)
  ...ValueSet PerforationDUGA                                                                        (00:00.000 / 01:49.861, 1Gb)
  ...ValueSet PerioderMK                                                                             (00:00.000 / 01:49.862, 1Gb)
  ...ValueSet PeritonealdefektLukningDHDB                                                            (00:00.000 / 01:49.862, 1Gb)
  ...ValueSet PeroperativMetastasebehandling                                                         (00:00.000 / 01:49.863, 1Gb)
  ...ValueSet PivotShift                                                                             (00:00.000 / 01:49.863, 1Gb)
  ...ValueSet PlasmaDiagnose                                                                         (00:00.000 / 01:49.864, 1Gb)
  ...ValueSet PlasmaDiagnose202412                                                                   (00:00.000 / 01:49.864, 1Gb)
  ...ValueSet PostoperativeKomplikationerDCCG                                                        (00:00.000 / 01:49.865, 1Gb)
  ...ValueSet PraeoperativMetastaseBehandlingDCCG                                                    (00:00.000 / 01:49.866, 1Gb)
  ...ValueSet PraeoperativPlanlaegningDSR                                                            (00:00.000 / 01:49.866, 1Gb)
  ...ValueSet PraeoperativUdrensningDCCG                                                             (00:00.000 / 01:49.867, 1Gb)
  ...ValueSet PreoperativTemplating                                                                  (00:00.000 / 01:49.867, 1Gb)
  ...ValueSet Priority                                                                               (00:00.000 / 01:49.868, 1Gb)
  ...ValueSet ProcedureIkkeGennemfortDCCG                                                            (00:00.000 / 01:49.868, 1Gb)
  ...ValueSet ProcedureTypeDCCG1                                                                     (00:00.000 / 01:49.869, 1Gb)
  ...ValueSet ProcedureTypeDCCG2                                                                     (00:00.000 / 01:49.870, 1Gb)
  ...ValueSet ProcedureTypeDCCG3                                                                     (00:00.000 / 01:49.870, 1Gb)
  ...ValueSet ProcedureUdfoertDCCG                                                                   (00:00.000 / 01:49.871, 1Gb)
  ...ValueSet ProcedureUdfoertK1DCCG                                                                 (00:00.000 / 01:49.871, 1Gb)
  ...ValueSet ProcedureUdfoertK2DCCG                                                                 (00:00.000 / 01:49.872, 1Gb)
  ...ValueSet ProcedureUdfoertK3DCCG                                                                 (00:00.000 / 01:49.872, 1Gb)
  ...ValueSet ProcedureUdfoertR1DCCG                                                                 (00:00.000 / 01:49.873, 1Gb)
  ...ValueSet ProcedureUdfoertR2DCCG                                                                 (00:00.000 / 01:49.873, 1Gb)
  ...ValueSet ProcedureUdfoertR3DCCG                                                                 (00:00.000 / 01:49.874, 1Gb)
  ...ValueSet ProcedureUdfoertR4DCCG                                                                 (00:00.000 / 01:49.875, 1Gb)
  ...ValueSet ProcedureVarighed15min                                                                 (00:00.000 / 01:49.875, 1Gb)
  ...ValueSet ProcedureVarighed5min                                                                  (00:00.000 / 01:49.876, 1Gb)
  ...ValueSet ProcedurerAndreDKRR                                                                    (00:00.000 / 01:49.876, 1Gb)
  ...ValueSet ProgressionCML                                                                         (00:00.000 / 01:49.877, 1Gb)
  ...ValueSet ProteseDSR                                                                             (00:00.000 / 01:49.877, 1Gb)
  ...ValueSet ProteseFjernelseDHR                                                                    (00:00.000 / 01:49.878, 1Gb)
  ...ValueSet ProtesestatusDHR                                                                       (00:00.000 / 01:49.879, 1Gb)
  ...ValueSet Pupilforhold                                                                           (00:00.000 / 01:49.879, 1Gb)
  ...ValueSet RKlassifikation                                                                        (00:00.000 / 01:49.880, 1Gb)
  ...ValueSet RKlassifikationTilDegc                                                                 (00:00.000 / 01:49.880, 1Gb)
  ...ValueSet Radioimmunoterapi                                                                      (00:00.000 / 01:49.881, 1Gb)
  ...ValueSet RadiologicalBoneChanges                                                                (00:00.000 / 01:49.881, 1Gb)
  ...ValueSet RadiologicalBoneChanges202412                                                          (00:00.000 / 01:49.882, 1Gb)
  ...ValueSet ReferredForTraining                                                                    (00:00.000 / 01:49.883, 1Gb)
  ...ValueSet Regioner                                                                               (00:00.000 / 01:49.883, 1Gb)
  ...ValueSet RegistreringEksklusionHAEMA                                                            (00:00.000 / 01:49.884, 1Gb)
  ...ValueSet ReoperationAarsagDKRR                                                                  (00:00.000 / 01:49.884, 1Gb)
  ...ValueSet ResektionUdfoerelseDCCG                                                                (00:00.000 / 01:49.885, 1Gb)
  ...ValueSet Resektionstype                                                                         (00:00.000 / 01:49.885, 1Gb)
  ...ValueSet ResttumorGradering                                                                     (00:00.000 / 01:49.886, 1Gb)
  ...ValueSet Result                                                                                 (00:00.000 / 01:49.887, 1Gb)
  ...ValueSet ResultTestFISH                                                                         (00:00.000 / 01:49.887, 1Gb)
  ...ValueSet RevisionAarsagDKRR                                                                     (00:00.000 / 01:49.888, 1Gb)
  ...ValueSet RevisionDHR                                                                            (00:00.000 / 01:49.888, 1Gb)
  ...ValueSet RevisionHumerusCavitasDSR                                                              (00:00.000 / 01:49.889, 1Gb)
  ...ValueSet RevisionHumerusKomponentDSR                                                            (00:00.000 / 01:49.889, 1Gb)
  ...ValueSet RevisionIndikationAseptiskDSR                                                          (00:00.000 / 01:49.890, 1Gb)
  ...ValueSet RevisionIndikationDHR                                                                  (00:00.000 / 01:49.890, 1Gb)
  ...ValueSet RevisionIndikationDKR                                                                  (00:00.000 / 01:49.891, 1Gb)
  ...ValueSet RevisionIndikationDSR                                                                  (00:00.000 / 01:49.892, 1Gb)
  ...ValueSet RevisionStatusDKR                                                                      (00:00.000 / 01:49.892, 1Gb)
  ...ValueSet RevisionUdskiftningDHR                                                                 (00:00.000 / 01:49.893, 1Gb)
  ...ValueSet RevisionstypeDSR                                                                       (00:00.000 / 01:49.893, 1Gb)
  ...ValueSet RisikofaktorerDMPN                                                                     (00:00.000 / 01:49.894, 1Gb)
  ...ValueSet RisikovurderingRETSPSYK                                                                (00:00.000 / 01:49.894, 1Gb)
  ...ValueSet RobotDHDB                                                                              (00:00.000 / 01:49.895, 1Gb)
  ...ValueSet RobotDKR                                                                               (00:00.000 / 01:49.896, 1Gb)
  ...ValueSet Ryger8uger                                                                             (00:00.000 / 01:49.896, 1Gb)
  ...ValueSet Rygning                                                                                (00:00.000 / 01:49.897, 1Gb)
  ...ValueSet RygningDCCG                                                                            (00:00.000 / 01:49.897, 1Gb)
  ...ValueSet Rytme1Obs                                                                              (00:00.000 / 01:49.898, 1Gb)
  ...ValueSet RytmeAnalyseMetode                                                                     (00:00.000 / 01:49.898, 1Gb)
  ...ValueSet RytmeDefibrilleringMetode                                                              (00:00.000 / 01:49.899, 1Gb)
  ...ValueSet SKSApopleksiDiagnoser                                                                  (00:00.000 / 01:49.900, 1Gb)
  ...ValueSet SKSExtraModularDisease                                                                 (00:00.000 / 01:49.900, 1Gb)
  ...ValueSet SKSOperationerKAR                                                                      (00:00.000 / 01:49.901, 1Gb)
  ...ValueSet SKSSymptomatiskAsymptomatisk                                                           (00:00.000 / 01:49.901, 1Gb)
  ...ValueSet SKSUdskrivningsdiagnoserTrombolyse                                                     (00:00.000 / 01:49.902, 1Gb)
  ...ValueSet SKSVentrikelEsophagus                                                                  (00:00.000 / 01:49.903, 1Gb)
  ...ValueSet SKScTNMcM                                                                              (00:00.000 / 01:49.903, 1Gb)
  ...ValueSet SKScTNMcN                                                                              (00:00.000 / 01:49.904, 1Gb)
  ...ValueSet SKScTNMcT                                                                              (00:00.000 / 01:49.904, 1Gb)
  ...ValueSet SKShjertesvigtDHD                                                                      (00:00.000 / 01:49.905, 1Gb)
  ...ValueSet SORAfdelingerDNSL                                                                      (00:00.000 / 01:49.905, 1Gb)
  ...ValueSet SORAfdelingerHaema                                                                     (00:00.000 / 01:49.906, 1Gb)
  ...ValueSet SORAfdelingerUHDNSL                                                                    (00:00.000 / 01:49.907, 1Gb)
  ...ValueSet SORNeurokirurgiskeAfdelingerDAP                                                        (00:00.000 / 01:49.907, 1Gb)
  ...ValueSet SORNeurologiskeAfdelingerDAP                                                           (00:00.000 / 01:49.908, 1Gb)
  ...ValueSet SOROverflytningRETSPSYK                                                                (00:00.000 / 01:49.908, 1Gb)
  ...ValueSet SOROverflytningRETSPSYKHS                                                              (00:00.000 / 01:49.909, 1Gb)
  ...ValueSet SOROverflytningRETSPSYKMJ                                                              (00:00.000 / 01:49.909, 1Gb)
  ...ValueSet SOROverflytningRETSPSYKNJ                                                              (00:00.000 / 01:49.910, 1Gb)
  ...ValueSet SOROverflytningRETSPSYKSD                                                              (00:00.000 / 01:49.911, 1Gb)
  ...ValueSet SOROverflytningRETSPSYKSJ                                                              (00:00.000 / 01:49.911, 1Gb)
  ...ValueSet SORTrombolyseenhedDAP                                                                  (00:00.000 / 01:49.912, 1Gb)
  ...ValueSet SORafdSkema3Duga                                                                       (00:00.000 / 01:49.912, 1Gb)
  ...ValueSet SSSArmloeft                                                                            (00:00.000 / 01:49.913, 1Gb)
  ...ValueSet SSSBenloeft                                                                            (00:00.000 / 01:49.914, 1Gb)
  ...ValueSet SSSBevidsthed                                                                          (00:00.000 / 01:49.914, 1Gb)
  ...ValueSet SSSFacialisparese                                                                      (00:00.000 / 01:49.915, 1Gb)
  ...ValueSet SSSGang                                                                                (00:00.000 / 01:49.915, 1Gb)
  ...ValueSet SSSHaandtryk                                                                           (00:00.000 / 01:49.916, 1Gb)
  ...ValueSet SSSOejenmotorik                                                                        (00:00.000 / 01:49.916, 1Gb)
  ...ValueSet SSSOrientering                                                                         (00:00.000 / 01:49.917, 1Gb)
  ...ValueSet SSSTale                                                                                (00:00.000 / 01:49.918, 1Gb)
  ...ValueSet ScanningstyperCTMR                                                                     (00:00.000 / 01:49.918, 1Gb)
  ...ValueSet ScoreCentralBlock                                                                      (00:00.000 / 01:49.919, 1Gb)
  ...ValueSet ScoreTyperHOFTER                                                                       (00:00.000 / 01:49.919, 1Gb)
  ...ValueSet Skala                                                                                  (00:00.000 / 01:49.920, 1Gb)
  ...ValueSet Skematype                                                                              (00:00.000 / 01:49.921, 1Gb)
  ...ValueSet SlyngeDUGA                                                                             (00:00.000 / 01:49.921, 1Gb)
  ...ValueSet SmerteKvalme                                                                           (00:00.000 / 01:49.922, 1Gb)
  ...ValueSet Splenomegali                                                                           (00:00.000 / 01:49.922, 1Gb)
  ...ValueSet Status                                                                                 (00:00.000 / 01:49.923, 1Gb)
  ...ValueSet StemkarakteristikDSR                                                                   (00:00.000 / 01:49.923, 1Gb)
  ...ValueSet StemlaengdeDSR                                                                         (00:00.000 / 01:49.924, 1Gb)
  ...ValueSet StomiTypeDHDB                                                                          (00:00.000 / 01:49.925, 1Gb)
  ...ValueSet StopTeam                                                                               (00:00.000 / 01:49.925, 1Gb)
  ...ValueSet StraalebehandlingMaal                                                                  (00:00.000 / 01:49.926, 1Gb)
  ...ValueSet StraalebehandlingTAAll                                                                 (00:00.000 / 01:49.926, 1Gb)
  ...ValueSet StraaleterapiLYFO                                                                      (00:00.000 / 01:49.927, 1Gb)
  ...ValueSet StraffelovsparagrafRETSPSYK                                                            (00:00.000 / 01:49.927, 1Gb)
  ...ValueSet SubscapularisDSR                                                                       (00:00.000 / 01:49.928, 1Gb)
  ...ValueSet SupplerendeIndgrebDSR                                                                  (00:00.000 / 01:49.929, 1Gb)
  ...ValueSet SuspensionDUGA                                                                         (00:00.000 / 01:49.929, 1Gb)
  ...ValueSet SuturHurtigResorberbarMonoDHDB                                                         (00:00.000 / 01:49.930, 1Gb)
  ...ValueSet SuturHurtigResorberbarMultiDHDB                                                        (00:00.000 / 01:49.930, 1Gb)
  ...ValueSet SuturLangsomResorberbarMonoDHDB                                                        (00:00.000 / 01:49.931, 1Gb)
  ...ValueSet SuturMaterialeVentralhernieDHDB                                                        (00:00.000 / 01:49.931, 1Gb)
  ...ValueSet SuturMonofilamentTypeVentralhernieDHDB                                                 (00:00.000 / 01:49.932, 1Gb)
  ...ValueSet SuturNonResorberbarMonoDHDB                                                            (00:00.000 / 01:49.933, 1Gb)
  ...ValueSet SuturNonResorberbarMultiDHDB                                                           (00:00.000 / 01:49.933, 1Gb)
  ...ValueSet SuturTypeDHDB                                                                          (00:00.000 / 01:49.934, 1Gb)
  ...ValueSet SuturTypeVentralhernieDHDB                                                             (00:00.000 / 01:49.934, 1Gb)
  ...ValueSet SygdomMedicinskBehandletDHDB                                                           (00:00.000 / 01:49.935, 1Gb)
  ...ValueSet Sygdomsfase                                                                            (00:00.000 / 01:49.935, 1Gb)
  ...ValueSet SygdomsomraaderAlle                                                                    (00:00.000 / 01:49.936, 1Gb)
  ...ValueSet SygdomsomraaderDOF                                                                     (00:00.000 / 01:49.936, 1Gb)
  ...ValueSet SygdomsomraaderHaema                                                                   (00:00.000 / 01:49.937, 1Gb)
  ...ValueSet SymptomerMikrovaskulaer                                                                (00:00.000 / 01:49.938, 1Gb)
  ...ValueSet TKategoriDCCG                                                                          (00:00.000 / 01:49.938, 1Gb)
  ...ValueSet TackernavnAbsorberbarDHDB                                                              (00:00.000 / 01:49.939, 1Gb)
  ...ValueSet TackernavnNonAbsorberbarDHDB                                                           (00:00.000 / 01:49.940, 1Gb)
  ...ValueSet TackertypeDHDB                                                                         (00:00.000 / 01:49.940, 1Gb)
  ...ValueSet TidligereIndgrebDSR                                                                    (00:00.000 / 01:49.941, 1Gb)
  ...ValueSet TidligereOperationDKR                                                                  (00:00.000 / 01:49.942, 1Gb)
  ...ValueSet TidligereOperationHofte                                                                (00:00.000 / 01:49.942, 1Gb)
  ...ValueSet TilsynAfdeling                                                                         (00:00.000 / 01:49.943, 1Gb)
  ...ValueSet Transplantation                                                                        (00:00.000 / 01:49.944, 1Gb)
  ...ValueSet Transplantation1                                                                       (00:00.000 / 01:49.944, 1Gb)
  ...ValueSet TransplantationCageAugmentDHR                                                          (00:00.000 / 01:49.945, 1Gb)
  ...ValueSet TransplantationTypeDHR                                                                 (00:00.000 / 01:49.946, 1Gb)
  ...ValueSet TransplantationcenterALG                                                               (00:00.000 / 01:49.946, 1Gb)
  ...ValueSet TransplantationstypeCML                                                                (00:00.000 / 01:49.947, 1Gb)
  ...ValueSet TreatmentCrossSection                                                                  (00:00.000 / 01:49.948, 1Gb)
  ...ValueSet TreatmentIndicationCLL                                                                 (00:00.000 / 01:49.948, 1Gb)
  ...ValueSet TreatmentMethodMRD                                                                     (00:00.000 / 01:49.949, 1Gb)
  ...ValueSet TreatmentPreservation                                                                  (00:00.000 / 01:49.950, 1Gb)
  ...ValueSet TreatmentRegimen-2025                                                                  (00:00.000 / 01:49.950, 1Gb)
  ...ValueSet TreatmentRegimen                                                                       (00:00.000 / 01:49.951, 1Gb)
  ...ValueSet TreatmentResponseALD                                                                   (00:00.000 / 01:49.952, 1Gb)
  ...ValueSet TreatmentResponseDAMYDA                                                                (00:00.000 / 01:49.953, 1Gb)
  ...ValueSet TreatmentResponseEvaluationCLL                                                         (00:00.000 / 01:49.953, 1Gb)
  ...ValueSet TreatmentResponseEvaluationLYFO                                                        (00:00.000 / 01:49.954, 1Gb)
  ...ValueSet TreatmentScheduledALD                                                                  (00:00.000 / 01:49.955, 1Gb)
  ...ValueSet TreatmentScheduledDAMYDA                                                               (00:00.000 / 01:49.955, 1Gb)
  ...ValueSet TreatmentTypeOncology                                                                  (00:00.000 / 01:49.956, 1Gb)
  ...ValueSet TrombektomiPerfusion                                                                   (00:00.000 / 01:49.957, 1Gb)
  ...ValueSet Trombolysepraeparater                                                                  (00:00.000 / 01:49.957, 1Gb)
  ...ValueSet TrombolyseprofylakseDHR                                                                (00:00.000 / 01:49.958, 1Gb)
  ...ValueSet TumorLokalisationDCCG                                                                  (00:00.000 / 01:49.959, 1Gb)
  ...ValueSet TumorklassifikationBehandlingDEGC                                                      (00:00.000 / 01:49.959, 1Gb)
  ...ValueSet TumorklassifikationDEGC                                                                (00:00.000 / 01:49.960, 1Gb)
  ...ValueSet TumorklassifikationDiagnoseDEGC                                                        (00:00.000 / 01:49.961, 1Gb)
  ...ValueSet TypeLokalresektionDCCG                                                                 (00:00.000 / 01:49.961, 1Gb)
  ...ValueSet TypeLokalresektionKolonDCCG                                                            (00:00.000 / 01:49.962, 1Gb)
  ...ValueSet TypeLokalresektionRektumDCCG                                                           (00:00.000 / 01:49.962, 1Gb)
  ...ValueSet UMComponentTypeDAMYDA                                                                  (00:00.000 / 01:49.963, 1Gb)
  ...ValueSet UdfoerendeLAB                                                                          (00:00.000 / 01:49.964, 1Gb)
  ...ValueSet UdredningDANDEM                                                                        (00:00.000 / 01:49.964, 1Gb)
  ...ValueSet UdredningDANDEM2025                                                                    (00:00.000 / 01:49.965, 1Gb)
  ...ValueSet UdredningKliniskGenetisk                                                               (00:00.000 / 01:49.966, 1Gb)
  ...ValueSet UdskrevetTil                                                                           (00:00.000 / 01:49.966, 1Gb)
  ...ValueSet UndersoegelsesTypeDUGA                                                                 (00:00.000 / 01:49.967, 1Gb)
  ...ValueSet UndersoendeLAB                                                                         (00:00.000 / 01:49.968, 1Gb)
  ...ValueSet Undervisning                                                                           (00:00.000 / 01:49.968, 1Gb)
  ...ValueSet Uoplyst                                                                                (00:00.000 / 01:49.969, 1Gb)
  ...ValueSet UrniLaekDUGA                                                                           (00:00.000 / 01:49.970, 1Gb)
  ...ValueSet Uspecificeret                                                                          (00:00.000 / 01:49.970, 1Gb)
  ...ValueSet VancouverKlassifikationDHR                                                             (00:00.000 / 01:49.971, 1Gb)
  ...ValueSet VancouverKlassifikationPeroperativDHR                                                  (00:00.000 / 01:49.972, 1Gb)
  ...ValueSet VarigRespons                                                                           (00:00.000 / 01:49.972, 1Gb)
  ...ValueSet VarighedDKR                                                                            (00:00.000 / 01:49.973, 1Gb)
  ...ValueSet VarighedPostOPTrombDKR                                                                 (00:00.000 / 01:49.974, 1Gb)
  ...ValueSet VarighedPostOPTrombDKR1                                                                (00:00.000 / 01:49.974, 1Gb)
  ...ValueSet VarighedPostOPTrombDKR2                                                                (00:00.000 / 01:49.975, 1Gb)
  ...ValueSet VarighedPostOPTrombDKR3                                                                (00:00.000 / 01:49.976, 1Gb)
  ...ValueSet VarighedPostOPTrombDKRNOAK                                                             (00:00.000 / 01:49.976, 1Gb)
  ...ValueSet VarighedPostOPTrombDKRVitKanta                                                         (00:00.000 / 01:49.977, 1Gb)
  ...ValueSet VasospasmerPaavisning                                                                  (00:00.000 / 01:49.978, 1Gb)
  ...ValueSet VasospasmerTiltag                                                                      (00:00.000 / 01:49.978, 1Gb)
  ...ValueSet VentralHernieCicatriceTypeDHDB                                                         (00:00.000 / 01:49.979, 1Gb)
  ...ValueSet VentralHernieTypeDHDB                                                                  (00:00.000 / 01:49.979, 1Gb)
  ...ValueSet VentralHernieTypeDHDB2026                                                              (00:00.000 / 01:49.980, 1Gb)
  ...ValueSet WFNSGradering                                                                          (00:00.000 / 01:49.980, 1Gb)
  ...ValueSet WHOPerformanceStatus04                                                                 (00:00.000 / 01:49.981, 1Gb)
  ...ValueSet WOOSArmloeftDSR                                                                        (00:00.000 / 01:49.982, 1Gb)
  ...ValueSet WOOSHaenderDSR                                                                         (00:00.000 / 01:49.982, 1Gb)
  ...ValueSet WOOSTraeningDSR                                                                        (00:00.000 / 01:49.983, 1Gb)
  ...ValueSet WalchKlassifikationDSR                                                                 (00:00.000 / 01:49.983, 1Gb)
  ...ValueSet locationExtranodalFemale-V2                                                            (00:00.000 / 01:49.984, 1Gb)
  ...ValueSet locationExtranodalMale-V2                                                              (00:00.000 / 01:49.984, 1Gb)
  ...ValueSet locationNodal-V2                                                                       (00:00.000 / 01:49.985, 1Gb)
finish previous version comparison                                                                   (00:00.000 / 01:49.985, 1Gb)
finish ipa version                                                                                   (00:00.000 / 01:49.986, 1Gb)
finish ips version                                                                                   (00:00.000 / 01:49.987, 1Gb)
comparisons done                                                                                     (00:00.000 / 01:49.987, 1Gb)
Checking for Bundles to sign                                                                         (00:00.028 / 01:50.016, 1Gb)
Validating Resources                                                                                 (00:00.000 / 01:50.017, 1Gb)
Processing Provenance Records                                                                        (00:00.205 / 01:50.222, 1Gb)
Generating Outputs in /tmp/ig-builds/dk.kip.rkkp.fhir.ig.core#2.23.5/output                          (00:00.001 / 01:50.223, 1Gb)
Generate Native Outputs                                                                              (00:00.385 / 01:50.609, 2Gb)
Run Template                                                                                         (00:24.808 / 02:15.417, 1Gb)
Generate HTML Outputs                                                                                (00:02.132 / 02:17.550, 964Mb)
Generate Spreadsheets                                                                                (00:16.199 / 02:33.749, 1Gb)
Generate Summaries                                                                                   (00:00.958 / 02:34.707, 834Mb)
Generating Summary Outputs                                                                           (00:00.001 / 02:34.708, 834Mb)
Table of contents has a section with more than 222 entries.  Collapsing will not work reliably
DB Cumulative Time invested: 00:00:01.487
Sending Usage Stats to Server                                                                        (00:03.437 / 02:38.146, 912Mb)
## Memory (MB): Use = 912, Free = 1427, Total = 2340, Max = 3998                                     (00:00.003 / 02:38.149, 912Mb)
Reclaiming memory...                                                                                 (00:00.000 / 02:38.150, 912Mb)
Generating combined package                                                                          (00:00.206 / 02:38.356, 914Mb)
Error generating combined package: /tmp/ig-builds/dk.kip.rkkp.fhir.ig.core#2.23.5/output/package.tgz (No such file or directory) (00:00.003 / 02:38.360, 914Mb)
## Memory (MB): Use = 759, Free = 1580, Total = 2340, Max = 3998                                     (00:00.452 / 02:38.812, 760Mb)
Run jekyll: jekyll build --destination "/tmp/ig-builds/dk.kip.rkkp.fhir.ig.core#2.23.5/output" (in folder /tmp/ig-builds/dk.kip.rkkp.fhir.ig.core#2.23.5/temp/pages) (00:00.002 / 02:38.815, 760Mb)
Troubleshooting Note: usual cases for Jekyll to fail are:                                            (00:00.001 / 02:38.816, 760Mb)
* A failure to produce a fragment that is already logged in the output above                         (00:00.001 / 02:38.817, 760Mb)
* A reference to a manually edited file that hasn't been provided                                    (00:00.000 / 02:38.818, 760Mb)
Jekyll: Source: /tmp/ig-builds/dk.kip.rkkp.fhir.ig.core#2.23.5/temp/pages                            (00:00.442 / 02:39.261, 762Mb)
Jekyll: Generating...                                                                                (00:00.001 / 02:39.262, 762Mb)
Jekyll: done in 18.333 seconds.                                                                      (00:18.332 / 02:57.594, 763Mb)
[39m
[0;39m[39mInstalling dk.kip.rkkp.fhir.ig.core#2.23.5
[0;39m[39m done.
[0;39m[39m loaded @ /root/.fhir/packages/dk.kip.rkkp.fhir.ig.core#2.23.5
[0;39mChecking Output HTML                                                                                 (00:05.193 / 03:02.788, 931Mb)
Processed /tmp/ig-builds/dk.kip.rkkp.fhir.ig.core#2.23.5/output - % reduction = 98 (148823056 ==> 4414603)
found 11855 files                                                                                    (00:04.389 / 03:07.178, 1Gb)
........................................
........................................
  ... 11855 html files, 0 pages invalid xhtml (0%)                                                   (00:34.707 / 03:41.886, 1Gb)
  ... 463090 links, 11 broken links (0%)                                                             (00:00.001 / 03:41.887, 1Gb)
Generate fragment-usage-analysis.csv                                                                 (00:00.001 / 03:41.888, 1Gb)
Build final .zip                                                                                     (00:00.012 / 03:41.901, 1Gb)
Final .zip built                                                                                     (00:06.547 / 03:48.448, 1Gb)
Built. Times: loading: 00:17.960, generate: 02:48.574, narrative generation: 00:02.099, realm-rules: 00:00.001, previous-version: 00:00.599, jekyll: 00:18.843, validation: 00:28.532 (#1024), template: 00:02.140 (#3) (00:18.660 / 04:07.109, 1Gb)
Generating QA                                                                                        (00:00.003 / 04:07.113, 1Gb)
Validation output in /tmp/ig-builds/dk.kip.rkkp.fhir.ig.core#2.23.5/output/qa.html
Errors: 27, Warnings: 1505, Info: 3524, Broken Links: 11 (00:02.064 / 04:09.177, 1Gb)
Finished @ 7/29/26, 8:00 AM. Max Memory Used = 2Gb. Log file saved in /tmp/fhir-ig-publisher-tmp.log (00:00.063 / 04:09.240, 1Gb)
Prepare Build space in /tmp/ig-builds/dk.kip.rkkp.fhir.ig.core#2.23.5-milestone
Build IG at /__w/implementation-guide/implementation-guide/ig: final copy suitable for publication (in /tmp/ig-builds/dk.kip.rkkp.fhir.ig.core#2.23.5-milestone) (milestone build)
FHIR IG Publisher Version 2.2.11 (Git# 0ec4807574e3). Built 2026-07-15T17:53:55.408Z (13 days old)  
Detected Java version: 25.0.3 from /opt/java/openjdk on Linux/amd64 (64bit). 3998MB available       
dir = /__w/implementation-guide/implementation-guide, path = /opt/java/openjdk/bin:/usr/local/sbin:/usr/local/bin:/usr/sbin:/usr/bin:/sbin:/bin
Parameters: -publish https://kip.rkkp.dk/fhir/2.23.5 -no-exit -ig /tmp/ig-builds/dk.kip.rkkp.fhir.ig.core#2.23.5-milestone -milestone
Character encoding = UTF-8 / UTF-8                                                                  
Start Clock @ Wednesday, July 29, 2026, 8:01:06 AM Coordinated Universal Time (2026-07-29T08:01:06Z)
                                                                                                    
Build FHIR IG from /tmp/ig-builds/dk.kip.rkkp.fhir.ig.core#2.23.5-milestone                          (00:00.002 / 00:00.002, 1Gb)
Build Formal Publication package, intended for https://kip.rkkp.dk/fhir/2.23.5                       (00:00.000 / 00:00.003, 1Gb)
No FHIR settings file at /root/.fhir/fhir-settings.json; using defaults (no API keys or npm path)    (00:00.000 / 00:00.003, 1Gb)
Package Cache: /root/.fhir/packages                                                                  (00:00.000 / 00:00.004, 1Gb)
Run Sushi on /tmp/ig-builds/dk.kip.rkkp.fhir.ig.core#2.23.5-milestone                                (00:00.001 / 00:00.005, 1Gb)
Sushi: info  Running SUSHI v3.20.0 (implements FHIR Shorthand specification v3.0.0)                  (00:00.423 / 00:00.429, 1Gb)
Sushi: info  Arguments:                                                                              (00:00.000 / 00:00.430, 1Gb)
Sushi: info    --require-latest                                                                      (00:00.000 / 00:00.431, 1Gb)
Sushi: info    --out /tmp/ig-builds/dk.kip.rkkp.fhir.ig.core#2.23.5-milestone                        (00:00.002 / 00:00.433, 1Gb)
Sushi: info    /tmp/ig-builds/dk.kip.rkkp.fhir.ig.core#2.23.5-milestone                              (00:00.000 / 00:00.434, 1Gb)
Sushi: info  Using configuration file: /tmp/ig-builds/dk.kip.rkkp.fhir.ig.core#2.23.5-milestone/sushi-config.yaml (00:00.363 / 00:00.797, 1Gb)
Sushi: info  Importing FSH text...                                                                   (00:00.090 / 00:00.887, 1Gb)
Sushi: info  Preprocessed 1024 documents with 11 aliases.                                            (00:01.573 / 00:02.461, 1Gb)
Sushi: info  Imported 1005 definitions and 18 instances.                                             (00:00.194 / 00:02.656, 1Gb)
Sushi: info  Loaded virtual package sushi-r5forR4#1.0.0 with 7 resources                             (00:00.278 / 00:02.934, 1Gb)
Sushi: info  Resolved hl7.fhir.uv.tools.r4#latest to concrete version 1.1.2                          (00:00.825 / 00:03.760, 1Gb)
Sushi: info  Loaded hl7.fhir.uv.tools.r4#1.1.2 with 119 resources                                    (00:00.048 / 00:03.808, 1Gb)
Sushi: info  Resolved hl7.terminology.r4#latest to concrete version 7.3.0                            (00:00.170 / 00:03.979, 1Gb)
Sushi: info  Loaded hl7.terminology.r4#7.3.0 with 4176 resources                                     (00:00.977 / 00:04.956, 1Gb)
Sushi: info  Loaded hl7.fhir.dk.core#2.0.0 with 36 resources                                         (00:00.009 / 00:04.966, 1Gb)
Sushi: info  Loaded hl7.fhir.r4.core#4.0.1 with 4581 resources                                       (00:00.931 / 00:05.897, 1Gb)
Sushi: info  Resolved hl7.fhir.uv.extensions.r4#latest to concrete version 5.3.0                     (00:00.182 / 00:06.080, 1Gb)
Sushi: info  Loaded hl7.fhir.uv.extensions.r4#5.3.0 with 885 resources                               (00:00.202 / 00:06.282, 1Gb)
Sushi: info  Loaded virtual package sushi-local#LOCAL with 0 resources                               (00:00.009 / 00:06.292, 1Gb)
Sushi: info  Converting FSH to FHIR resources...                                                     (00:00.016 / 00:06.308, 1Gb)
Sushi: info  Converted 13 FHIR StructureDefinitions.                                                 (00:00.552 / 00:06.861, 1Gb)
Sushi: info  Converted 266 FHIR CodeSystems.                                                         (00:20.869 / 00:27.730, 1Gb)
Sushi: info  Converted 726 FHIR ValueSets.                                                           (00:16.364 / 00:44.094, 1Gb)
Sushi: info  Converted 18 FHIR instances.                                                            (00:00.320 / 00:44.414, 1Gb)
Sushi: info  Exporting FHIR resources as JSON...                                                     (00:00.001 / 00:44.416, 1Gb)
Sushi: info  Exported 1023 FHIR resources as JSON.                                                   (00:00.132 / 00:44.548, 1Gb)
Sushi: info  Assembling Implementation Guide sources...                                              (00:00.016 / 00:44.564, 1Gb)
Sushi: info  Generated ImplementationGuide-dk.kip.rkkp.fhir.ig.core.json                             (00:00.028 / 00:44.593, 1Gb)
Sushi: info  Assembled Implementation Guide sources; ready for IG Publisher.                         (00:00.001 / 00:44.594, 1Gb)
Sushi: info  The _build script hosted at https://github.com/HL7/ig-publisher-scripts is useful for downloading and running the IG Publisher. (00:00.001 / 00:44.595, 1Gb)
Sushi: ========================= SUSHI RESULTS ===========================                           (00:00.001 / 00:44.596, 1Gb)
Sushi: |  -------------------------------------------------------------  |                           (00:00.000 / 00:44.597, 1Gb)
Sushi: | |    Profiles   |  Extensions  |   Logicals   |   Resources   | |                           (00:00.000 / 00:44.598, 1Gb)
Sushi: | |-------------------------------------------------------------| |                           (00:00.000 / 00:44.599, 1Gb)
Sushi: | |       0       |      13      |      0       |       0       | |                           (00:00.000 / 00:44.600, 1Gb)
Sushi: |  -------------------------------------------------------------  |                           (00:00.000 / 00:44.601, 1Gb)
Sushi: |  -------------------------------------------------------------  |                           (00:00.000 / 00:44.602, 1Gb)
Sushi: | |      ValueSets     |    CodeSystems    |     Instances      | |                           (00:00.000 / 00:44.603, 1Gb)
Sushi: | |-------------------------------------------------------------| |                           (00:00.001 / 00:44.604, 1Gb)
Sushi: | |        726         |        266        |         18         | |                           (00:00.001 / 00:44.605, 1Gb)
Sushi: |  -------------------------------------------------------------  |                           (00:00.001 / 00:44.606, 1Gb)
Sushi: |                                                                 |                           (00:00.001 / 00:44.607, 1Gb)
Sushi: ===================================================================                           (00:00.000 / 00:44.608, 1Gb)
Sushi: | Catch of the day, right here!          0 Errors      0 Warnings |                           (00:00.000 / 00:44.609, 1Gb)
Sushi: ===================================================================                           (00:00.001 / 00:44.610, 1Gb)
Root directory: /tmp/ig-builds/dk.kip.rkkp.fhir.ig.core#2.23.5-milestone                             (00:00.027 / 00:44.637, 1Gb)
Unable to load IG as an r5 IG - try R4 (property code is a class com.google.gson.JsonPrimitive looking for an object) (00:00.016 / 00:44.654, 1Gb)
Load Template from fhir.base.template#current                                                        (00:00.066 / 00:44.720, 1Gb)
[33mThis content depends on fhir.base.template which is no longer considered secure to use
[0;39m[33mSee Security notification at https://www.fhir.org/guides/security-notices/2026-03-npm-dependencies.html
[0;39mScanning directory: /tmp/ig-builds/dk.kip.rkkp.fhir.ig.core#2.23.5-milestone/template
======================================================================
Terminology Cache is at /tmp/ig-builds/dk.kip.rkkp.fhir.ig.core#2.23.5-milestone/input-cache/txcache. 4 files in cache (00:04.620 / 00:49.340, 1Gb)
Core Package hl7.fhir.r4.core#4.0.1                                                                  (00:00.000 / 00:49.341, 1Gb)
Running Terminology Log: /tmp/ohfu-fhir-ig-8037394736140143788.html
Connect to Terminology Server at https://tx.fhir.org                                                 (00:02.807 / 00:52.149, 2Gb)
[39mLoad Package hl7.fhir.pubpack#0.2.5
[0;39m[39mLoad Package hl7.fhir.xver-extensions#0.1.0
[0;39m[39mLoad Package hl7.terminology.r4#7.3.0
[0;39m[39mLoad Package hl7.fhir.uv.extensions.r4#5.3.0
[0;39m[39mLoad Package hl7.terminology.r4#3.1.0
[0;39m[39mLoad Package hl7.fhir.dk.core#2.0.0
[0;39m[39mLoad Package hl7.fhir.uv.tools.r4#1.1.2
[0;39mLoad R5 Specials
Initialization complete                                                                              (00:05.484 / 00:57.633, 793Mb)
Load IG                                                                                              (00:00.000 / 00:57.634, 793Mb)
Load Content                                                                                         (00:00.003 / 00:57.638, 793Mb)
Using en-US as the default narrative language. (no language information in Implementation Guide)     (00:00.159 / 00:57.797, 831Mb)
Process Loaded Resources                                                                             (00:01.553 / 00:59.351, 1Gb)
Generating Snapshots                                                                                 (00:00.893 / 01:00.244, 913Mb)

Signing Certificate: RSA key for Subject: OU=IG Publisher, L=Ann Arbor, CN=hl7.org, O=HL7, ST=Missouri, C=us from: OU=IG Publisher, L=Ann Arbor, CN=hl7.org, O=HL7, ST=Missouri, C=us
Fetch https://kip.rkkp.dk/fhir/package-list.json for version check                                   (00:00.068 / 01:00.312, 936Mb)
Checking Language                                                                                    (00:15.289 / 01:15.602, 1008Mb)
Load Dependency Info                                                                                 (00:00.010 / 01:15.612, 1012Mb)
Load Info                                                                                            (00:00.003 / 01:15.616, 1012Mb)
Load Paths                                                                                           (00:00.002 / 01:15.618, 1014Mb)
Check R4 / R4B                                                                                       (00:00.001 / 01:15.620, 1014Mb)
Assign Comparison Ids                                                                                (00:00.166 / 01:15.786, 1Gb)
Propagating status                                                                                   (00:00.001 / 01:15.787, 1Gb)
Generating Narratives                                                                                (00:00.000 / 01:15.788, 1Gb)
Validating Conformance Resources                                                                     (00:01.372 / 01:17.160, 1Gb)
Check profiles & code systems                                                                        (00:23.999 / 01:41.160, 968Mb)
Check realm rules                                                                                    (00:00.006 / 01:41.165, 969Mb)
Previous Version Comparison                                                                          (00:00.001 / 01:41.167, 969Mb)
.. loaded. Process                                                                                   (00:00.001 / 01:41.168, 969Mb)
  ...ImplementationGuide dk.kip.rkkp.fhir.ig.core                                                    (00:00.001 / 01:41.169, 969Mb)
  ...CodeSystem ACTherapyNotGiven                                                                    (00:00.000 / 01:41.170, 969Mb)
  ...CodeSystem AKBehandling                                                                         (00:00.000 / 01:41.171, 969Mb)
  ...CodeSystem ASAClassification                                                                    (00:00.000 / 01:41.172, 969Mb)
  ...CodeSystem ATC                                                                                  (00:00.000 / 01:41.173, 969Mb)
  ...CodeSystem ATCMixedCodes                                                                        (00:00.000 / 01:41.174, 969Mb)
  ...CodeSystem ActilyseNotGiven                                                                     (00:00.000 / 01:41.174, 969Mb)
  ...CodeSystem ActivityType                                                                         (00:00.000 / 01:41.175, 969Mb)
  ...CodeSystem AktuelSygdomsforlob                                                                  (00:00.000 / 01:41.176, 969Mb)
  ...CodeSystem Alchohol                                                                             (00:00.000 / 01:41.176, 969Mb)
  ...CodeSystem AlchoholDrugs                                                                        (00:00.000 / 01:41.177, 969Mb)
  ...CodeSystem AlloplastyTypes                                                                      (00:00.000 / 01:41.178, 969Mb)
  ...CodeSystem AnasthesiaService                                                                    (00:00.000 / 01:41.178, 969Mb)
  ...CodeSystem AnasthesiaTypeGen                                                                    (00:00.000 / 01:41.179, 969Mb)
  ...CodeSystem AnastomosisLeak                                                                      (00:00.000 / 01:41.180, 969Mb)
  ...CodeSystem AnastomosisLeakConsequence                                                           (00:00.000 / 01:41.180, 969Mb)
  ...CodeSystem AnastomosisLeakGrading                                                               (00:00.000 / 01:41.181, 969Mb)
  ...CodeSystem AnastomosisType                                                                      (00:00.000 / 01:41.182, 969Mb)
  ...CodeSystem AnatomicalLocations                                                                  (00:00.000 / 01:41.182, 969Mb)
  ...CodeSystem AneurysmClosure                                                                      (00:00.000 / 01:41.183, 969Mb)
  ...CodeSystem AneurysmSizeScale                                                                    (00:00.000 / 01:41.184, 969Mb)
  ...CodeSystem AnnArborStagingClassification                                                        (00:00.000 / 01:41.184, 969Mb)
  ...CodeSystem ArtrosePlacering                                                                     (00:00.000 / 01:41.185, 969Mb)
  ...CodeSystem AssessmentType                                                                       (00:00.000 / 01:41.185, 969Mb)
  ...CodeSystem AssistDevices                                                                        (00:00.000 / 01:41.186, 969Mb)
  ...CodeSystem BANFF                                                                                (00:00.000 / 01:41.187, 969Mb)
  ...CodeSystem BasicDisorder                                                                        (00:00.000 / 01:41.187, 969Mb)
  ...CodeSystem BehandlingAfbrudt                                                                    (00:00.000 / 01:41.188, 969Mb)
  ...CodeSystem BinetStagingSystem                                                                   (00:00.000 / 01:41.189, 969Mb)
  ...CodeSystem BiobankSamples                                                                       (00:00.000 / 01:41.189, 969Mb)
  ...CodeSystem Birthplace                                                                           (00:00.000 / 01:41.190, 969Mb)
  ...CodeSystem BleedingStroke                                                                       (00:00.000 / 01:41.191, 969Mb)
  ...CodeSystem BlockTypes                                                                           (00:00.000 / 01:41.191, 969Mb)
  ...CodeSystem BloodThinnersTreatment                                                               (00:00.000 / 01:41.192, 969Mb)
  ...CodeSystem BoneLossAcetabulumFemurClassification                                                (00:00.000 / 01:41.193, 969Mb)
  ...CodeSystem BulkingMaterialeDUGA                                                                 (00:00.000 / 01:41.193, 969Mb)
  ...CodeSystem CALRGeneType                                                                         (00:00.000 / 01:41.194, 969Mb)
  ...CodeSystem CalciumType                                                                          (00:00.000 / 01:41.194, 969Mb)
  ...CodeSystem CancerInvestigation                                                                  (00:00.000 / 01:41.195, 969Mb)
  ...CodeSystem CauseOfDeath                                                                         (00:00.000 / 01:41.196, 969Mb)
  ...CodeSystem CementType                                                                           (00:00.000 / 01:41.196, 969Mb)
  ...CodeSystem CentralBlock                                                                         (00:00.000 / 01:41.197, 969Mb)
  ...CodeSystem ChemotherapyRegimen                                                                  (00:00.000 / 01:41.197, 969Mb)
  ...CodeSystem ChromosomPair                                                                        (00:00.000 / 01:41.198, 969Mb)
  ...CodeSystem ClinicalProtocolCodes                                                                (00:00.000 / 01:41.199, 969Mb)
  ...CodeSystem ClinicalProtocolNotParticipated                                                      (00:00.000 / 01:41.199, 969Mb)
  ...CodeSystem CognitiveFunctionFinding                                                             (00:00.000 / 01:41.200, 969Mb)
  ...CodeSystem CognitiveTest                                                                        (00:00.000 / 01:41.200, 969Mb)
  ...CodeSystem Competence                                                                           (00:00.000 / 01:41.201, 969Mb)
  ...CodeSystem Complications                                                                        (00:00.000 / 01:41.202, 969Mb)
  ...CodeSystem ConferenceParticipants                                                               (00:00.000 / 01:41.202, 969Mb)
  ...CodeSystem ContactPatient                                                                       (00:00.000 / 01:41.203, 969Mb)
  ...CodeSystem ContactPlace                                                                         (00:00.000 / 01:41.204, 969Mb)
  ...CodeSystem ContaminationDegree                                                                  (00:00.000 / 01:41.204, 969Mb)
  ...CodeSystem CoronaryArteryGraph                                                                  (00:00.000 / 01:41.205, 970Mb)
  ...CodeSystem Cyclus                                                                               (00:00.000 / 01:41.205, 970Mb)
  ...CodeSystem CytogeneticChanges                                                                   (00:00.000 / 01:41.206, 970Mb)
  ...CodeSystem CytogeneticExamination                                                               (00:00.000 / 01:41.207, 970Mb)
  ...CodeSystem DHDeksklusionskriterie                                                               (00:00.000 / 01:41.207, 970Mb)
  ...CodeSystem DSAFindingsLocation                                                                  (00:00.000 / 01:41.208, 970Mb)
  ...CodeSystem DatabasesKIP                                                                         (00:00.000 / 01:41.208, 970Mb)
  ...CodeSystem DeathPlace                                                                           (00:00.000 / 01:41.209, 970Mb)
  ...CodeSystem DefibrilleringAnalyse                                                                (00:00.000 / 01:41.210, 970Mb)
  ...CodeSystem DetectionMethods                                                                     (00:00.000 / 01:41.210, 970Mb)
  ...CodeSystem Dialyseadgang                                                                        (00:00.000 / 01:41.211, 970Mb)
  ...CodeSystem DiseaseLocalization                                                                  (00:00.000 / 01:41.211, 970Mb)
  ...CodeSystem DiseasePhase                                                                         (00:00.000 / 01:41.212, 970Mb)
  ...CodeSystem DiseasesUnspecified                                                                  (00:00.000 / 01:41.213, 970Mb)
  ...CodeSystem Dosis                                                                                (00:00.000 / 01:41.213, 970Mb)
  ...CodeSystem EDTACodes                                                                            (00:00.000 / 01:41.214, 970Mb)
  ...CodeSystem EHSIncisionalHerniaClassification                                                    (00:00.000 / 01:41.214, 970Mb)
  ...CodeSystem EHSIncisionalHerniaClassificationType                                                (00:00.000 / 01:41.215, 970Mb)
  ...CodeSystem EORTCQLQC1514                                                                        (00:00.000 / 01:41.216, 970Mb)
  ...CodeSystem EORTCQLQC1517                                                                        (00:00.000 / 01:41.216, 970Mb)
  ...CodeSystem EconomicSupport                                                                      (00:00.000 / 01:41.217, 970Mb)
  ...CodeSystem EdemaStroke                                                                          (00:00.000 / 01:41.217, 970Mb)
  ...CodeSystem EducationType                                                                        (00:00.000 / 01:41.218, 970Mb)
  ...CodeSystem EndoscopicAppearance                                                                 (00:00.000 / 01:41.219, 970Mb)
  ...CodeSystem EsophagealLokalization                                                               (00:00.000 / 01:41.219, 970Mb)
  ...CodeSystem FISHVariables                                                                        (00:00.000 / 01:41.220, 970Mb)
  ...CodeSystem Faggruppe                                                                            (00:00.000 / 01:41.220, 970Mb)
  ...CodeSystem FisherGradingScale                                                                   (00:00.000 / 01:41.221, 970Mb)
  ...CodeSystem FixationCruciateLigaments                                                            (00:00.000 / 01:41.222, 970Mb)
  ...CodeSystem FollowUp                                                                             (00:00.000 / 01:41.222, 970Mb)
  ...CodeSystem Frekvens                                                                             (00:00.000 / 01:41.223, 970Mb)
  ...CodeSystem FunctionGroupAlloplasty                                                              (00:00.000 / 01:41.223, 970Mb)
  ...CodeSystem FunctionTest                                                                         (00:00.000 / 01:41.224, 970Mb)
  ...CodeSystem FunctionalScoreTypes                                                                 (00:00.000 / 01:41.225, 970Mb)
  ...CodeSystem GenericValues                                                                        (00:00.000 / 01:41.225, 970Mb)
  ...CodeSystem GenoplivStoppet                                                                      (00:00.000 / 01:41.226, 970Mb)
  ...CodeSystem Genoplivning                                                                         (00:00.000 / 01:41.226, 970Mb)
  ...CodeSystem GraftCruciateLigaments                                                               (00:00.000 / 01:41.227, 970Mb)
  ...CodeSystem GynUndersoegDUGA                                                                     (00:00.000 / 01:41.228, 970Mb)
  ...CodeSystem HaandProblemer                                                                       (00:00.000 / 01:41.228, 970Mb)
  ...CodeSystem HaemoglobinTransf4                                                                   (00:00.000 / 01:41.229, 970Mb)
  ...CodeSystem HaendelseIndtraeffer                                                                 (00:00.000 / 01:41.229, 970Mb)
  ...CodeSystem HarrisHipScoreDistanceWalked                                                         (00:00.000 / 01:41.230, 970Mb)
  ...CodeSystem HarrisHipScoreLimp                                                                   (00:00.000 / 01:41.231, 970Mb)
  ...CodeSystem HarrisHipScorePain                                                                   (00:00.000 / 01:41.231, 970Mb)
  ...CodeSystem HarrisHipScorePublicTransportation                                                   (00:00.000 / 01:41.232, 970Mb)
  ...CodeSystem HarrisHipScoreShoesSocks                                                             (00:00.000 / 01:41.232, 970Mb)
  ...CodeSystem HarrisHipScoreSitting                                                                (00:00.000 / 01:41.233, 970Mb)
  ...CodeSystem HarrisHipScoreStairs                                                                 (00:00.000 / 01:41.234, 970Mb)
  ...CodeSystem HarrisHipScoreSupport                                                                (00:00.000 / 01:41.234, 970Mb)
  ...CodeSystem HeartRhythm                                                                          (00:00.000 / 01:41.235, 970Mb)
  ...CodeSystem HerniaSize                                                                           (00:00.000 / 01:41.236, 970Mb)
  ...CodeSystem HipJointArthroplastyComponent                                                        (00:00.000 / 01:41.236, 970Mb)
  ...CodeSystem HjerterytmeAnalyse                                                                   (00:00.000 / 01:41.237, 970Mb)
  ...CodeSystem HjertestopAarsag                                                                     (00:00.000 / 01:41.237, 970Mb)
  ...CodeSystem HousingType                                                                          (00:00.000 / 01:41.238, 970Mb)
  ...CodeSystem HuntHessClassification                                                               (00:00.000 / 01:41.239, 970Mb)
  ...CodeSystem ICHAction                                                                            (00:00.000 / 01:41.239, 970Mb)
  ...CodeSystem ICRSGradingSystem                                                                    (00:00.000 / 01:41.240, 970Mb)
  ...CodeSystem IPSSRCytogeneticCategory                                                             (00:00.000 / 01:41.240, 970Mb)
  ...CodeSystem IkkeBesvaret                                                                         (00:00.000 / 01:41.241, 970Mb)
  ...CodeSystem ImplantComponents                                                                    (00:00.000 / 01:41.242, 970Mb)
  ...CodeSystem ImplantattypeDUGA                                                                    (00:00.000 / 01:41.242, 970Mb)
  ...CodeSystem IncisionChoice                                                                       (00:00.000 / 01:41.243, 970Mb)
  ...CodeSystem Intervals                                                                            (00:00.000 / 01:41.244, 970Mb)
  ...CodeSystem IntervalsExact                                                                       (00:00.000 / 01:41.244, 970Mb)
  ...CodeSystem Interventionsforloeb                                                                 (00:00.000 / 01:41.245, 970Mb)
  ...CodeSystem Interventionsgruppe                                                                  (00:00.000 / 01:41.245, 970Mb)
  ...CodeSystem Intubation                                                                           (00:00.000 / 01:41.246, 970Mb)
  ...CodeSystem IntubationRelaks                                                                     (00:00.000 / 01:41.247, 970Mb)
  ...CodeSystem KellgrenLawrenceKlassifikation                                                       (00:00.000 / 01:41.247, 970Mb)
  ...CodeSystem KliniskeSymptomerDCCG                                                                (00:00.000 / 01:41.248, 970Mb)
  ...CodeSystem KneeJointArthroplastyComponent                                                       (00:00.000 / 01:41.248, 970Mb)
  ...CodeSystem KneeLoosenessGrading                                                                 (00:00.000 / 01:41.249, 970Mb)
  ...CodeSystem KomponentLiner                                                                       (00:00.000 / 01:41.250, 970Mb)
  ...CodeSystem KorsbaandEjBevaret                                                                   (00:00.000 / 01:41.250, 970Mb)
  ...CodeSystem LaryngoskopiDegree                                                                   (00:00.000 / 01:41.251, 970Mb)
  ...CodeSystem LesionType                                                                           (00:00.000 / 01:41.252, 970Mb)
  ...CodeSystem LifeStatus                                                                           (00:00.000 / 01:41.252, 970Mb)
  ...CodeSystem MComponentType                                                                       (00:00.000 / 01:41.253, 970Mb)
  ...CodeSystem MDTNotFollowed                                                                       (00:00.000 / 01:41.254, 970Mb)
  ...CodeSystem MTICIClassification                                                                  (00:00.000 / 01:41.254, 970Mb)
  ...CodeSystem MaaleEnheder                                                                         (00:00.000 / 01:41.255, 970Mb)
  ...CodeSystem Maengde                                                                              (00:00.000 / 01:41.256, 970Mb)
  ...CodeSystem MaritalStatus                                                                        (00:00.000 / 01:41.256, 970Mb)
  ...CodeSystem MeasurementDevices                                                                   (00:00.000 / 01:41.257, 970Mb)
  ...CodeSystem MedicalFixationClosing                                                               (00:00.000 / 01:41.257, 970Mb)
  ...CodeSystem MedicalScanningTypes                                                                 (00:00.000 / 01:41.258, 970Mb)
  ...CodeSystem MedicalTreatmentAdministrationType                                                   (00:00.000 / 01:41.259, 970Mb)
  ...CodeSystem MedicalTreatmentDuration                                                             (00:00.000 / 01:41.260, 970Mb)
  ...CodeSystem MedicalTreatmentStartOf                                                              (00:00.000 / 01:41.260, 970Mb)
  ...CodeSystem MedicationName                                                                       (00:00.000 / 01:41.261, 970Mb)
  ...CodeSystem MedicinDANARREST                                                                     (00:00.000 / 01:41.261, 970Mb)
  ...CodeSystem Medicine                                                                             (00:00.000 / 01:41.262, 970Mb)
  ...CodeSystem MentalDeclaration                                                                    (00:00.000 / 01:41.262, 970Mb)
  ...CodeSystem MeshPlacement                                                                        (00:00.000 / 01:41.263, 970Mb)
  ...CodeSystem MeshTechnique                                                                        (00:00.000 / 01:41.264, 970Mb)
  ...CodeSystem MeshType                                                                             (00:00.000 / 01:41.264, 970Mb)
  ...CodeSystem MolecularRemission                                                                   (00:00.000 / 01:41.265, 970Mb)
  ...CodeSystem MorsDiagnosegrupper                                                                  (00:00.000 / 01:41.265, 970Mb)
  ...CodeSystem MorsDiagnosekoder                                                                    (00:00.000 / 01:41.266, 970Mb)
  ...CodeSystem MuligVanskeligUmulig                                                                 (00:00.000 / 01:41.267, 970Mb)
  ...CodeSystem NIHSS10Dysarthria                                                                    (00:00.000 / 01:41.267, 970Mb)
  ...CodeSystem NIHSS11ExtinctionInattention                                                         (00:00.000 / 01:41.268, 970Mb)
  ...CodeSystem NIHSS1aLOC                                                                           (00:00.000 / 01:41.268, 970Mb)
  ...CodeSystem NIHSS1bLOC                                                                           (00:00.000 / 01:41.269, 970Mb)
  ...CodeSystem NIHSS1cLOC                                                                           (00:00.000 / 01:41.269, 970Mb)
  ...CodeSystem NIHSS2Gaze                                                                           (00:00.000 / 01:41.270, 970Mb)
  ...CodeSystem NIHSS3Visual                                                                         (00:00.000 / 01:41.271, 970Mb)
  ...CodeSystem NIHSS4FacialPalsy                                                                    (00:00.000 / 01:41.271, 970Mb)
  ...CodeSystem NIHSS5MotorArm                                                                       (00:00.000 / 01:41.272, 970Mb)
  ...CodeSystem NIHSS6MotorLeg                                                                       (00:00.000 / 01:41.272, 970Mb)
  ...CodeSystem NIHSS7LimbAtaxia                                                                     (00:00.000 / 01:41.273, 970Mb)
  ...CodeSystem NIHSS8Sensory                                                                        (00:00.000 / 01:41.273, 970Mb)
  ...CodeSystem NIHSS9Language                                                                       (00:00.000 / 01:41.274, 970Mb)
  ...CodeSystem NYHA                                                                                 (00:00.000 / 01:41.275, 970Mb)
  ...CodeSystem Observationssted                                                                     (00:00.000 / 01:41.275, 970Mb)
  ...CodeSystem OncologyTreatmentCurative                                                            (00:00.000 / 01:41.276, 970Mb)
  ...CodeSystem Onkologibehandling                                                                   (00:00.000 / 01:41.276, 970Mb)
  ...CodeSystem OperatingRoom                                                                        (00:00.000 / 01:41.277, 970Mb)
  ...CodeSystem OperationCanal                                                                       (00:00.000 / 01:41.278, 970Mb)
  ...CodeSystem OperationType                                                                        (00:00.000 / 01:41.278, 970Mb)
  ...CodeSystem Operationserfaring                                                                   (00:00.000 / 01:41.279, 970Mb)
  ...CodeSystem PRDcodes                                                                             (00:00.000 / 01:41.279, 970Mb)
  ...CodeSystem PTNMType                                                                             (00:00.000 / 01:41.280, 970Mb)
  ...CodeSystem Paragraph                                                                            (00:00.000 / 01:41.280, 970Mb)
  ...CodeSystem PatobankSNOMED                                                                       (00:00.000 / 01:41.281, 970Mb)
  ...CodeSystem PerformanceStatusScore                                                               (00:00.000 / 01:41.281, 970Mb)
  ...CodeSystem Periods                                                                              (00:00.000 / 01:41.282, 970Mb)
  ...CodeSystem PersonFamilyRelation                                                                 (00:00.000 / 01:41.283, 970Mb)
  ...CodeSystem PivotShiftGrading                                                                    (00:00.000 / 01:41.283, 970Mb)
  ...CodeSystem PreoperativTemplating                                                                (00:00.000 / 01:41.284, 970Mb)
  ...CodeSystem Priority                                                                             (00:00.000 / 01:41.284, 970Mb)
  ...CodeSystem ProcedureDuration                                                                    (00:00.000 / 01:41.285, 970Mb)
  ...CodeSystem ProcedureNotCompleted                                                                (00:00.000 / 01:41.285, 970Mb)
  ...CodeSystem ProcedureReasons                                                                     (00:00.000 / 01:41.286, 970Mb)
  ...CodeSystem ProcedureType                                                                        (00:00.000 / 01:41.287, 970Mb)
  ...CodeSystem ProcedureUrogyn                                                                      (00:00.000 / 01:41.287, 970Mb)
  ...CodeSystem Profylaksebehandling                                                                 (00:00.000 / 01:41.288, 970Mb)
  ...CodeSystem Prosthesis                                                                           (00:00.000 / 01:41.288, 970Mb)
  ...CodeSystem PupilCondition                                                                       (00:00.000 / 01:41.289, 970Mb)
  ...CodeSystem RadiationTherapyTarget                                                               (00:00.000 / 01:41.289, 970Mb)
  ...CodeSystem RadiationTherapyType                                                                 (00:00.000 / 01:41.290, 970Mb)
  ...CodeSystem RadiologicalBoneChanges                                                              (00:00.000 / 01:41.291, 970Mb)
  ...CodeSystem RaymondRoyClassification                                                             (00:00.000 / 01:41.291, 970Mb)
  ...CodeSystem ReferredForTraining                                                                  (00:00.000 / 01:41.292, 970Mb)
  ...CodeSystem ReferredFrom                                                                         (00:00.000 / 01:41.292, 970Mb)
  ...CodeSystem Regioner                                                                             (00:00.000 / 01:41.293, 970Mb)
  ...CodeSystem Registry                                                                             (00:00.000 / 01:41.293, 970Mb)
  ...CodeSystem ReoperationCause                                                                     (00:00.000 / 01:41.294, 970Mb)
  ...CodeSystem ResectionCompletion                                                                  (00:00.000 / 01:41.295, 970Mb)
  ...CodeSystem ResectionType                                                                        (00:00.000 / 01:41.295, 970Mb)
  ...CodeSystem ResidualTumorClassification                                                          (00:00.000 / 01:41.296, 970Mb)
  ...CodeSystem ResidualTumorGrading                                                                 (00:00.000 / 01:41.296, 970Mb)
  ...CodeSystem Respiration                                                                          (00:00.000 / 01:41.297, 970Mb)
  ...CodeSystem ResultTest                                                                           (00:00.000 / 01:41.297, 970Mb)
  ...CodeSystem RevisionCause                                                                        (00:00.000 / 01:41.298, 970Mb)
  ...CodeSystem RevisionIndication                                                                   (00:00.000 / 01:41.299, 970Mb)
  ...CodeSystem RevisionType                                                                         (00:00.000 / 01:41.299, 970Mb)
  ...CodeSystem RiskAssessment                                                                       (00:00.000 / 01:41.300, 970Mb)
  ...CodeSystem RiskFactors                                                                          (00:00.000 / 01:41.300, 970Mb)
  ...CodeSystem RobotAssistDKR                                                                       (00:00.000 / 01:41.301, 970Mb)
  ...CodeSystem Rytme1Obs                                                                            (00:00.000 / 01:41.301, 970Mb)
  ...CodeSystem SKS                                                                                  (00:00.000 / 01:41.302, 970Mb)
  ...CodeSystem SKSCodeCollection                                                                    (00:00.000 / 01:41.303, 970Mb)
  ...CodeSystem SNOMEDCT                                                                             (00:00.000 / 01:41.303, 970Mb)
  ...CodeSystem SOR                                                                                  (00:00.000 / 01:41.304, 970Mb)
  ...CodeSystem SSSArmLift                                                                           (00:00.000 / 01:41.305, 970Mb)
  ...CodeSystem SSSConsciousness                                                                     (00:00.000 / 01:41.305, 970Mb)
  ...CodeSystem SSSEyeMotorSkills                                                                    (00:00.000 / 01:41.306, 970Mb)
  ...CodeSystem SSSFacialParesis                                                                     (00:00.000 / 01:41.306, 970Mb)
  ...CodeSystem SSSHandshake                                                                         (00:00.000 / 01:41.307, 970Mb)
  ...CodeSystem SSSLegLift                                                                           (00:00.000 / 01:41.307, 970Mb)
  ...CodeSystem SSSOrientation                                                                       (00:00.000 / 01:41.308, 970Mb)
  ...CodeSystem SSSSpeech                                                                            (00:00.000 / 01:41.309, 970Mb)
  ...CodeSystem SSSWalk                                                                              (00:00.000 / 01:41.309, 970Mb)
  ...CodeSystem ScoreCentralBlock                                                                    (00:00.000 / 01:41.310, 970Mb)
  ...CodeSystem SizesGeneral                                                                         (00:00.000 / 01:41.310, 970Mb)
  ...CodeSystem SlyngeDUGA                                                                           (00:00.000 / 01:41.311, 970Mb)
  ...CodeSystem SmerteKvalme                                                                         (00:00.000 / 01:41.311, 970Mb)
  ...CodeSystem Smoking                                                                              (00:00.000 / 01:41.312, 970Mb)
  ...CodeSystem StemCellType                                                                         (00:00.000 / 01:41.313, 970Mb)
  ...CodeSystem StopTeam                                                                             (00:00.000 / 01:41.313, 970Mb)
  ...CodeSystem StraalebehandlingTA                                                                  (00:00.000 / 01:41.314, 970Mb)
  ...CodeSystem SurgicalAttire                                                                       (00:00.000 / 01:41.314, 970Mb)
  ...CodeSystem Sygdomsomraader                                                                      (00:00.000 / 01:41.315, 970Mb)
  ...CodeSystem Symptoms                                                                             (00:00.000 / 01:41.316, 970Mb)
  ...CodeSystem SystemiskPraeparat                                                                   (00:00.000 / 01:41.316, 970Mb)
  ...CodeSystem TilsynAfdeling                                                                       (00:00.000 / 01:41.317, 970Mb)
  ...CodeSystem TreatmentCause                                                                       (00:00.000 / 01:41.317, 970Mb)
  ...CodeSystem TreatmentIndication                                                                  (00:00.000 / 01:41.318, 970Mb)
  ...CodeSystem TreatmentInitiatives                                                                 (00:00.000 / 01:41.318, 970Mb)
  ...CodeSystem TreatmentIntention                                                                   (00:00.000 / 01:41.319, 970Mb)
  ...CodeSystem TreatmentLesion                                                                      (00:00.000 / 01:41.320, 970Mb)
  ...CodeSystem TreatmentMethodMRD                                                                   (00:00.000 / 01:41.320, 970Mb)
  ...CodeSystem TreatmentNotGiven                                                                    (00:00.000 / 01:41.321, 970Mb)
  ...CodeSystem TreatmentPsychopharmacological                                                       (00:00.000 / 01:41.321, 970Mb)
  ...CodeSystem TreatmentRegimen                                                                     (00:00.000 / 01:41.322, 970Mb)
  ...CodeSystem TreatmentResponseEvaluation                                                          (00:00.000 / 01:41.322, 970Mb)
  ...CodeSystem TreatmentSchedule                                                                    (00:00.000 / 01:41.323, 970Mb)
  ...CodeSystem TreatmentSufficient                                                                  (00:00.000 / 01:41.324, 970Mb)
  ...CodeSystem TreatmentType                                                                        (00:00.000 / 01:41.324, 970Mb)
  ...CodeSystem TreatmentUnspecified                                                                 (00:00.000 / 01:41.325, 970Mb)
  ...CodeSystem TrombektomiPerfusion                                                                 (00:00.000 / 01:41.325, 970Mb)
  ...CodeSystem TumorClassificationHistology                                                         (00:00.000 / 01:41.326, 970Mb)
  ...CodeSystem UdskrevetTil                                                                         (00:00.000 / 01:41.326, 970Mb)
  ...CodeSystem UndersoegelsesTypeDUGA                                                               (00:00.000 / 01:41.327, 970Mb)
  ...CodeSystem VancouverClassification                                                              (00:00.000 / 01:41.328, 970Mb)
  ...CodeSystem Verdict                                                                              (00:00.000 / 01:41.328, 970Mb)
  ...CodeSystem VisitationCriteriaNotMet                                                             (00:00.000 / 01:41.329, 970Mb)
  ...CodeSystem WFNSGradingSystem                                                                    (00:00.000 / 01:41.329, 970Mb)
  ...CodeSystem WOOS                                                                                 (00:00.000 / 01:41.330, 970Mb)
  ...CodeSystem WalchClassification                                                                  (00:00.000 / 01:41.331, 970Mb)
  ...SearchParameter CarePlanReadOrWriteAccessSP                                                     (00:00.000 / 01:41.331, 970Mb)
  ...SearchParameter CarePlanSorAuthor                                                               (00:00.000 / 01:41.332, 970Mb)
  ...SearchParameter CprPatient                                                                      (00:00.000 / 01:41.332, 970Mb)
  ...SearchParameter PlanDefinitionLatest                                                            (00:00.000 / 01:41.333, 970Mb)
  ...SearchParameter PlanDefinitionUuid                                                              (00:00.000 / 01:41.333, 970Mb)
  ...SearchParameter QuestionnaireLatest                                                             (00:00.000 / 01:41.334, 970Mb)
  ...SearchParameter QuestionnaireResponseOnCarePlan                                                 (00:00.000 / 01:41.335, 970Mb)
  ...SearchParameter QuestionnaireResponseResponsibleOnCarePlanSP                                    (00:00.000 / 01:41.335, 970Mb)
  ...SearchParameter QuestionnaireUuid                                                               (00:00.000 / 01:41.336, 970Mb)
  ...SearchParameter SP-PlanDefinition-urlversion                                                    (00:00.000 / 01:41.336, 970Mb)
  ...SearchParameter SP-Questionnaire-urlversion                                                     (00:00.000 / 01:41.337, 970Mb)
  ...SearchParameter SorQuestionnaire                                                                (00:00.000 / 01:41.337, 970Mb)
  ...SearchParameter SorQuestionnaireResponse                                                        (00:00.000 / 01:41.338, 970Mb)
  ...SearchParameter ValueSetLatest                                                                  (00:00.000 / 01:41.339, 970Mb)
  ...SearchParameter semver-major                                                                    (00:00.000 / 01:41.339, 970Mb)
  ...SearchParameter semver-minor                                                                    (00:00.000 / 01:41.340, 970Mb)
  ...SearchParameter semver-patch                                                                    (00:00.000 / 01:41.340, 970Mb)
  ...SearchParameter semver                                                                          (00:00.000 / 01:41.341, 970Mb)
  ...StructureDefinition PDLatest                                                                    (00:00.000 / 01:41.341, 970Mb)
  ...StructureDefinition PDUuid                                                                      (00:00.000 / 01:41.342, 970Mb)
  ...StructureDefinition QLatest                                                                     (00:00.000 / 01:41.343, 970Mb)
  ...StructureDefinition QUuid                                                                       (00:00.000 / 01:41.343, 970Mb)
  ...StructureDefinition SorAuthor                                                                   (00:00.000 / 01:41.344, 970Mb)
  ...StructureDefinition VSLatest                                                                    (00:00.000 / 01:41.344, 970Mb)
  ...StructureDefinition access-sor-code                                                             (00:00.000 / 01:41.345, 970Mb)
  ...StructureDefinition cpr                                                                         (00:00.000 / 01:41.345, 970Mb)
  ...StructureDefinition plan-definition-action-display-order                                        (00:00.000 / 01:41.346, 970Mb)
  ...StructureDefinition questionnaire-response-reference                                            (00:00.000 / 01:41.346, 970Mb)
  ...StructureDefinition questionnaire-response-responsible-sor                                      (00:00.000 / 01:41.347, 970Mb)
  ...StructureDefinition sor                                                                         (00:00.000 / 01:41.348, 970Mb)
  ...StructureDefinition sorCode                                                                     (00:00.000 / 01:41.348, 970Mb)
  ...ValueSet AKBehandlingDKR                                                                        (00:00.000 / 01:41.349, 970Mb)
  ...ValueSet AKFravalgt                                                                             (00:00.000 / 01:41.349, 970Mb)
  ...ValueSet ALDkemoterapi                                                                          (00:00.000 / 01:41.350, 970Mb)
  ...ValueSet APInstabilitetDKR                                                                      (00:00.000 / 01:41.350, 970Mb)
  ...ValueSet ASAIVI                                                                                 (00:00.000 / 01:41.351, 970Mb)
  ...ValueSet ASAIVIkort                                                                             (00:00.000 / 01:41.351, 970Mb)
  ...ValueSet ATCAntibiotikaprofylakseDKR                                                            (00:00.000 / 01:41.352, 970Mb)
  ...ValueSet ATCAntibiotikaprofylakseDosisDKR                                                       (00:00.000 / 01:41.353, 970Mb)
  ...ValueSet ATCAntibiotikaprofylakseVarighedDKR                                                    (00:00.000 / 01:41.353, 970Mb)
  ...ValueSet ATCChemoCLL                                                                            (00:00.000 / 01:41.354, 970Mb)
  ...ValueSet ATCChemoPreparation                                                                    (00:00.000 / 01:41.354, 970Mb)
  ...ValueSet ATCDMPN                                                                                (00:00.000 / 01:41.355, 970Mb)
  ...ValueSet ATCDMPN202410                                                                          (00:00.000 / 01:41.355, 970Mb)
  ...ValueSet ATCImmunotherapyCLL                                                                    (00:00.000 / 01:41.356, 970Mb)
  ...ValueSet ATCTargetCLL                                                                           (00:00.000 / 01:41.356, 970Mb)
  ...ValueSet ATCTromboseprofylakseDKR                                                               (00:00.000 / 01:41.357, 970Mb)
  ...ValueSet AarsagOphoerDNSL                                                                       (00:00.000 / 01:41.358, 970Mb)
  ...ValueSet AarsagTilProcedureDCCG                                                                 (00:00.000 / 01:41.358, 970Mb)
  ...ValueSet AcetabulumKnogletabKlassifikationDHR                                                   (00:00.000 / 01:41.359, 970Mb)
  ...ValueSet ActilyseIkkeGivet                                                                      (00:00.000 / 01:41.359, 970Mb)
  ...ValueSet AdministrationType                                                                     (00:00.000 / 01:41.360, 970Mb)
  ...ValueSet AdministrationTypeDCCG                                                                 (00:00.000 / 01:41.360, 970Mb)
  ...ValueSet AfdelingDandem                                                                         (00:00.000 / 01:41.361, 970Mb)
  ...ValueSet AflastendeProcedure                                                                    (00:00.000 / 01:41.361, 970Mb)
  ...ValueSet AktivitetDKRR                                                                          (00:00.000 / 01:41.362, 970Mb)
  ...ValueSet AktivitetSportDKRR                                                                     (00:00.000 / 01:41.363, 970Mb)
  ...ValueSet AktuelSygdomsforlob                                                                    (00:00.000 / 01:41.363, 970Mb)
  ...ValueSet Alkohol021                                                                             (00:00.000 / 01:41.364, 970Mb)
  ...ValueSet Alkohol0til10                                                                          (00:00.000 / 01:41.364, 970Mb)
  ...ValueSet Alkohol714                                                                             (00:00.000 / 01:41.365, 970Mb)
  ...ValueSet AlleMaaleEnheder                                                                       (00:00.000 / 01:41.365, 970Mb)
  ...ValueSet AlloplastiktypeDKR                                                                     (00:00.000 / 01:41.366, 970Mb)
  ...ValueSet AnaestesiDUGA                                                                          (00:00.000 / 01:41.366, 970Mb)
  ...ValueSet AnaestesiGenerelSpinalEpiduralLokalanalgesi                                            (00:00.000 / 01:41.367, 970Mb)
  ...ValueSet AnaestesiLokalGenerel                                                                  (00:00.000 / 01:41.368, 970Mb)
  ...ValueSet AnaestesiLokalGenerelSpinalEpidural                                                    (00:00.000 / 01:41.368, 970Mb)
  ...ValueSet AnaestesiRegionalDHR                                                                   (00:00.000 / 01:41.369, 970Mb)
  ...ValueSet AnaestesiRegionalUniverselKombineret                                                   (00:00.000 / 01:41.369, 970Mb)
  ...ValueSet AnasthesiaService                                                                      (00:00.000 / 01:41.370, 970Mb)
  ...ValueSet AnasthesiaService2026                                                                  (00:00.000 / 01:41.370, 970Mb)
  ...ValueSet AnasthesiaServiceDAD                                                                   (00:00.000 / 01:41.371, 970Mb)
  ...ValueSet AnasthesiaTypeGen                                                                      (00:00.000 / 01:41.372, 970Mb)
  ...ValueSet AnastomoseLaekageGradingering                                                          (00:00.000 / 01:41.372, 970Mb)
  ...ValueSet AnastomoseLaekageGraduering                                                            (00:00.000 / 01:41.373, 970Mb)
  ...ValueSet AnastomoseType1                                                                        (00:00.000 / 01:41.373, 970Mb)
  ...ValueSet AnastomoseType2                                                                        (00:00.000 / 01:41.374, 970Mb)
  ...ValueSet AnastomoseType3                                                                        (00:00.000 / 01:41.374, 970Mb)
  ...ValueSet Anastomoselaekage                                                                      (00:00.000 / 01:41.375, 970Mb)
  ...ValueSet AnastomoselaekageKonsekvens                                                            (00:00.000 / 01:41.376, 970Mb)
  ...ValueSet AnatomiskLokation1                                                                     (00:00.000 / 01:41.376, 970Mb)
  ...ValueSet AnatomiskLokation2                                                                     (00:00.000 / 01:41.377, 970Mb)
  ...ValueSet AnatomiskLokation3                                                                     (00:00.000 / 01:41.377, 970Mb)
  ...ValueSet AnatomiskLokation4                                                                     (00:00.000 / 01:41.378, 970Mb)
  ...ValueSet AndenBloedningDAP                                                                      (00:00.000 / 01:41.379, 970Mb)
  ...ValueSet AnnArborStagingClassification                                                          (00:00.000 / 01:41.379, 970Mb)
  ...ValueSet AntibiotikaMedUden                                                                     (00:00.000 / 01:41.380, 970Mb)
  ...ValueSet AntibiotikaprofylakseDHR                                                               (00:00.000 / 01:41.380, 970Mb)
  ...ValueSet AntibiotikaprofylakseDKRR                                                              (00:00.000 / 01:41.381, 970Mb)
  ...ValueSet AnurismeAflukning                                                                      (00:00.000 / 01:41.381, 970Mb)
  ...ValueSet AnurismeStoerrelseSAH                                                                  (00:00.000 / 01:41.382, 970Mb)
  ...ValueSet ArtritisDSR                                                                            (00:00.000 / 01:41.383, 970Mb)
  ...ValueSet ArtrosePlaceringDKR                                                                    (00:00.000 / 01:41.383, 970Mb)
  ...ValueSet ArtrosefoelgeDSR                                                                       (00:00.000 / 01:41.384, 970Mb)
  ...ValueSet AsaIV                                                                                  (00:00.000 / 01:41.384, 970Mb)
  ...ValueSet AsaIVkort                                                                              (00:00.000 / 01:41.385, 970Mb)
  ...ValueSet AssistDevicesBallonStent                                                               (00:00.000 / 01:41.385, 970Mb)
  ...ValueSet BanffClassifikation                                                                    (00:00.000 / 01:41.386, 970Mb)
  ...ValueSet BegrundelseEndoskopiskLokalresektioen                                                  (00:00.000 / 01:41.387, 970Mb)
  ...ValueSet BehandlingCML                                                                          (00:00.000 / 01:41.387, 970Mb)
  ...ValueSet BehandlingCMMLMDS                                                                      (00:00.000 / 01:41.388, 970Mb)
  ...ValueSet BehandlingDHR                                                                          (00:00.000 / 01:41.388, 970Mb)
  ...ValueSet BehandlingEndovaskulaerType                                                            (00:00.000 / 01:41.389, 970Mb)
  ...ValueSet BehandlingKirurgiskEndovaskulaer                                                       (00:00.000 / 01:41.389, 970Mb)
  ...ValueSet BehandlingMDS                                                                          (00:00.000 / 01:41.390, 970Mb)
  ...ValueSet BehandlingPsykofarmakologiskRETSPSYK                                                   (00:00.000 / 01:41.390, 970Mb)
  ...ValueSet BehandlingTilstraekkelig                                                               (00:00.000 / 01:41.391, 970Mb)
  ...ValueSet BehandlingsResponsEvalueringLYFO                                                       (00:00.000 / 01:41.392, 970Mb)
  ...ValueSet BehandlingsTypeStamcellestoetteLYFO                                                    (00:00.000 / 01:41.392, 970Mb)
  ...ValueSet BehandlingsVarighedDHR                                                                 (00:00.000 / 01:41.393, 970Mb)
  ...ValueSet BehandlingsindikationKAR                                                               (00:00.000 / 01:41.394, 970Mb)
  ...ValueSet Behandlingsintention                                                                   (00:00.000 / 01:41.394, 970Mb)
  ...ValueSet BehandlingsresponsCML                                                                  (00:00.000 / 01:41.395, 970Mb)
  ...ValueSet BehandlinsplanAendretAarsagDCCG                                                        (00:00.000 / 01:41.395, 970Mb)
  ...ValueSet BenlaengdeDHR                                                                          (00:00.000 / 01:41.396, 970Mb)
  ...ValueSet BilateralUnilateral                                                                    (00:00.000 / 01:41.397, 970Mb)
  ...ValueSet BinetStagingSystem                                                                     (00:00.000 / 01:41.397, 970Mb)
  ...ValueSet BiobankSamples                                                                         (00:00.000 / 01:41.398, 970Mb)
  ...ValueSet BlodfortyndendeMedicin                                                                 (00:00.000 / 01:41.399, 970Mb)
  ...ValueSet BloedningsprofylakseDHR                                                                (00:00.000 / 01:41.399, 970Mb)
  ...ValueSet BoligforholdRETSPSYK                                                                   (00:00.000 / 01:41.400, 970Mb)
  ...ValueSet Boligform                                                                              (00:00.000 / 01:41.401, 970Mb)
  ...ValueSet BoligformDAP                                                                           (00:00.000 / 01:41.401, 970Mb)
  ...ValueSet BrusklaesionArealDKRR                                                                  (00:00.000 / 01:41.402, 970Mb)
  ...ValueSet BrusklaesionBehandlingDKRR                                                             (00:00.000 / 01:41.403, 970Mb)
  ...ValueSet BrusklaesionPlaceringDKRR                                                              (00:00.000 / 01:41.403, 970Mb)
  ...ValueSet BulkingMaterialeDUGA                                                                   (00:00.000 / 01:41.404, 970Mb)
  ...ValueSet CALRvariant                                                                            (00:00.000 / 01:41.404, 970Mb)
  ...ValueSet CancerUdredning                                                                        (00:00.000 / 01:41.405, 970Mb)
  ...ValueSet CancertypeDCCG                                                                         (00:00.000 / 01:41.405, 970Mb)
  ...ValueSet CaputDiameterDHR                                                                       (00:00.000 / 01:41.406, 970Mb)
  ...ValueSet CaputModulaerTypeDHR                                                                   (00:00.000 / 01:41.406, 970Mb)
  ...ValueSet CaputTypeDHR                                                                           (00:00.000 / 01:41.407, 970Mb)
  ...ValueSet CaputnekroseDSR                                                                        (00:00.000 / 01:41.408, 970Mb)
  ...ValueSet CementBlandesystemDHR                                                                  (00:00.000 / 01:41.408, 970Mb)
  ...ValueSet CementDKR                                                                              (00:00.000 / 01:41.409, 970Mb)
  ...ValueSet CementFemurTibiaPatellaDKR                                                             (00:00.000 / 01:41.409, 970Mb)
  ...ValueSet CementHofteDHR                                                                         (00:00.000 / 01:41.410, 970Mb)
  ...ValueSet CentralBlock                                                                           (00:00.000 / 01:41.410, 970Mb)
  ...ValueSet CentralBlockType                                                                       (00:00.000 / 01:41.411, 970Mb)
  ...ValueSet Chemotherapy                                                                           (00:00.000 / 01:41.411, 970Mb)
  ...ValueSet ChromosomPairs                                                                         (00:00.000 / 01:41.412, 970Mb)
  ...ValueSet CivilstandDAP                                                                          (00:00.000 / 01:41.412, 970Mb)
  ...ValueSet CivilstatusRETSPSYK                                                                    (00:00.000 / 01:41.413, 970Mb)
  ...ValueSet ClavienKomplikationsgrad                                                               (00:00.000 / 01:41.414, 970Mb)
  ...ValueSet ClavienKomplikationsgradDCCG                                                           (00:00.000 / 01:41.414, 970Mb)
  ...ValueSet ClavienKomplikationsgradLangDCCG                                                       (00:00.000 / 01:41.415, 970Mb)
  ...ValueSet ClinicalProtocolCodes                                                                  (00:00.000 / 01:41.415, 970Mb)
  ...ValueSet ClinicalProtocolCodes1                                                                 (00:00.000 / 01:41.416, 970Mb)
  ...ValueSet ClinicalProtocolNotParticipated                                                        (00:00.000 / 01:41.416, 970Mb)
  ...ValueSet Competence                                                                             (00:00.000 / 01:41.417, 970Mb)
  ...ValueSet ComplicationAN                                                                         (00:00.000 / 01:41.418, 970Mb)
  ...ValueSet ComplicationAN2026                                                                     (00:00.000 / 01:41.418, 970Mb)
  ...ValueSet ComplicationPO                                                                         (00:00.000 / 01:41.419, 970Mb)
  ...ValueSet ComplicationPO2026                                                                     (00:00.000 / 01:41.420, 970Mb)
  ...ValueSet ComplicationsManifestation                                                             (00:00.000 / 01:41.420, 970Mb)
  ...ValueSet ComplicationsManifestation202412                                                       (00:00.000 / 01:41.421, 970Mb)
  ...ValueSet CoronaryArteryGraph                                                                    (00:00.000 / 01:41.422, 970Mb)
  ...ValueSet Cyclus                                                                                 (00:00.000 / 01:41.422, 970Mb)
  ...ValueSet CytogeneticCancerChangesALD                                                            (00:00.000 / 01:41.423, 970Mb)
  ...ValueSet CytogeneticChanges                                                                     (00:00.000 / 01:41.423, 970Mb)
  ...ValueSet CytogeneticExamination                                                                 (00:00.000 / 01:41.424, 970Mb)
  ...ValueSet CytogeneticResult                                                                      (00:00.000 / 01:41.424, 970Mb)
  ...ValueSet CytogeneticResult202410                                                                (00:00.000 / 01:41.425, 970Mb)
  ...ValueSet CytogeneticRisk                                                                        (00:00.000 / 01:41.425, 970Mb)
  ...ValueSet CytogeneticRiskGrimwade2010                                                            (00:00.000 / 01:41.426, 970Mb)
  ...ValueSet CytogeneticRiskGrimwade2010DAMYDA                                                      (00:00.000 / 01:41.427, 971Mb)
  ...ValueSet CytogeneticSpecificerFund                                                              (00:00.000 / 01:41.427, 971Mb)
  ...ValueSet CytogeneticStemCellType                                                                (00:00.000 / 01:41.428, 971Mb)
  ...ValueSet Cytopeni                                                                               (00:00.000 / 01:41.428, 971Mb)
  ...ValueSet DHDeksklusionskriterie                                                                 (00:00.000 / 01:41.429, 971Mb)
  ...ValueSet DSAFundLokation                                                                        (00:00.000 / 01:41.429, 971Mb)
  ...ValueSet DSAFundLokation2026                                                                    (00:00.000 / 01:41.430, 971Mb)
  ...ValueSet DVTProfylakseDosisDKRR                                                                 (00:00.000 / 01:41.431, 971Mb)
  ...ValueSet DatabasesHAEMA                                                                         (00:00.000 / 01:41.431, 971Mb)
  ...ValueSet DegcMDTBeslutning                                                                      (00:00.000 / 01:41.432, 971Mb)
  ...ValueSet DeleFoelelser                                                                          (00:00.000 / 01:41.432, 971Mb)
  ...ValueSet DetectionMethodCR                                                                      (00:00.000 / 01:41.433, 971Mb)
  ...ValueSet DiagnoseCLL                                                                            (00:00.000 / 01:41.434, 971Mb)
  ...ValueSet DiagnoseDANDEM                                                                         (00:00.000 / 01:41.434, 971Mb)
  ...ValueSet DiagnoseDMPN                                                                           (00:00.000 / 01:41.435, 971Mb)
  ...ValueSet DiagnoseDMPNopfoelgning                                                                (00:00.000 / 01:41.435, 971Mb)
  ...ValueSet DiagnosegruppeHAEMA                                                                    (00:00.000 / 01:41.436, 971Mb)
  ...ValueSet DiagnosetypeDPD                                                                        (00:00.000 / 01:41.437, 971Mb)
  ...ValueSet DialyseOpstartDNSL                                                                     (00:00.000 / 01:41.437, 971Mb)
  ...ValueSet DialyseadgangDNSL                                                                      (00:00.000 / 01:41.438, 971Mb)
  ...ValueSet DoedLokation                                                                           (00:00.000 / 01:41.439, 971Mb)
  ...ValueSet DoedsaarsagALD                                                                         (00:00.000 / 01:41.439, 971Mb)
  ...ValueSet DoedsaarsagCLL                                                                         (00:00.000 / 01:41.440, 971Mb)
  ...ValueSet DoedsaarsagDAMYDA                                                                      (00:00.000 / 01:41.440, 971Mb)
  ...ValueSet DoedsaarsagLYFO                                                                        (00:00.000 / 01:41.441, 971Mb)
  ...ValueSet DoedsaarsagSAH                                                                         (00:00.000 / 01:41.442, 971Mb)
  ...ValueSet DomAendringPauseringRETSPSYK                                                           (00:00.000 / 01:41.442, 971Mb)
  ...ValueSet DomAfslutningRETSPSYK                                                                  (00:00.000 / 01:41.443, 971Mb)
  ...ValueSet DomAnbefalingRETSPSYK                                                                  (00:00.000 / 01:41.443, 971Mb)
  ...ValueSet DomAnbringelseRETSPSYK                                                                 (00:00.000 / 01:41.444, 971Mb)
  ...ValueSet DomBehandlingAmbulantRETSPSYK                                                          (00:00.000 / 01:41.444, 971Mb)
  ...ValueSet DomBehandlingRETSPSYK                                                                  (00:00.000 / 01:41.445, 971Mb)
  ...ValueSet DomForanstaltningstypeRETSPSYK                                                         (00:00.000 / 01:41.446, 971Mb)
  ...ValueSet DomOphaevelseAarsagRETSPSYK                                                            (00:00.000 / 01:41.446, 971Mb)
  ...ValueSet DomPauseringAarsagRETSPSYK                                                             (00:00.000 / 01:41.447, 971Mb)
  ...ValueSet DomTidligereRETSPSYK                                                                   (00:00.000 / 01:41.447, 971Mb)
  ...ValueSet DonorRelationDNSL                                                                      (00:00.000 / 01:41.448, 971Mb)
  ...ValueSet DonorRelationship                                                                      (00:00.000 / 01:41.448, 971Mb)
  ...ValueSet DosisAKbehDKR                                                                          (00:00.000 / 01:41.449, 971Mb)
  ...ValueSet ECOG                                                                                   (00:00.000 / 01:41.449, 971Mb)
  ...ValueSet ECOGHAEMA                                                                              (00:00.000 / 01:41.450, 971Mb)
  ...ValueSet EDTAHaemodialyseDNSL                                                                   (00:00.000 / 01:41.451, 971Mb)
  ...ValueSet EDTAPeritonedialyseDNSL                                                                (00:00.000 / 01:41.451, 971Mb)
  ...ValueSet EDTATransplantationDNSL                                                                (00:00.000 / 01:41.452, 971Mb)
  ...ValueSet EHSVentralHernieLateral                                                                (00:00.000 / 01:41.452, 971Mb)
  ...ValueSet EHSVentralHernieMidtlinie                                                              (00:00.000 / 01:41.453, 971Mb)
  ...ValueSet EHSVentralHernieSamlet                                                                 (00:00.000 / 01:41.454, 971Mb)
  ...ValueSet EHSVentralHernieType                                                                   (00:00.000 / 01:41.454, 971Mb)
  ...ValueSet EORTC14DPD                                                                             (00:00.000 / 01:41.455, 971Mb)
  ...ValueSet EORTC17DPD                                                                             (00:00.000 / 01:41.455, 971Mb)
  ...ValueSet EORTC17DUGA                                                                            (00:00.000 / 01:41.456, 971Mb)
  ...ValueSet EORTC24DPD                                                                             (00:00.000 / 01:41.456, 971Mb)
  ...ValueSet EndoskopiskUdseende                                                                    (00:00.000 / 01:41.457, 971Mb)
  ...ValueSet ErklaeringRETSPSYK                                                                     (00:00.000 / 01:41.457, 971Mb)
  ...ValueSet ExtraordinaryTreatmenCause                                                             (00:00.000 / 01:41.458, 971Mb)
  ...ValueSet FISHProcedure                                                                          (00:00.000 / 01:41.459, 971Mb)
  ...ValueSet FISHResult                                                                             (00:00.000 / 01:41.459, 971Mb)
  ...ValueSet FISHResult202502                                                                       (00:00.000 / 01:41.460, 971Mb)
  ...ValueSet FISHSamples                                                                            (00:00.000 / 01:41.460, 971Mb)
  ...ValueSet FISHSamples202502                                                                      (00:00.000 / 01:41.461, 971Mb)
  ...ValueSet Faggruppe                                                                              (00:00.000 / 01:41.461, 971Mb)
  ...ValueSet FemurKnogletabKlassifikationDHR                                                        (00:00.000 / 01:41.462, 971Mb)
  ...ValueSet FiksationCementeretUcementeret                                                         (00:00.000 / 01:41.463, 971Mb)
  ...ValueSet FiksationCementeretUcementeretAndet                                                    (00:00.000 / 01:41.463, 971Mb)
  ...ValueSet FiksationCementeretUcementeretHybrid                                                   (00:00.000 / 01:41.464, 971Mb)
  ...ValueSet FiksationFemurDKRR                                                                     (00:00.000 / 01:41.464, 971Mb)
  ...ValueSet FiksationFemurDKRR202503                                                               (00:00.000 / 01:41.465, 971Mb)
  ...ValueSet FiksationTibiaDKRR                                                                     (00:00.000 / 01:41.465, 971Mb)
  ...ValueSet FisherGrad                                                                             (00:00.000 / 01:41.466, 971Mb)
  ...ValueSet FoedselsstedRETSPSYK                                                                   (00:00.000 / 01:41.467, 971Mb)
  ...ValueSet FollowUp25Y                                                                            (00:00.000 / 01:41.467, 971Mb)
  ...ValueSet ForsoergelsesgrundlagRETSPSYK                                                          (00:00.000 / 01:41.468, 971Mb)
  ...ValueSet FrakturFriskhedDSR                                                                     (00:00.000 / 01:41.468, 971Mb)
  ...ValueSet FrekvensLaekDUGA                                                                       (00:00.000 / 01:41.469, 971Mb)
  ...ValueSet FrekvensNedsynkningDUGA                                                                (00:00.000 / 01:41.469, 971Mb)
  ...ValueSet FunktionTestADLDANDEM                                                                  (00:00.000 / 01:41.470, 971Mb)
  ...ValueSet FunktionsgruppeDHR                                                                     (00:00.000 / 01:41.471, 971Mb)
  ...ValueSet FunktionsgruppeDKR                                                                     (00:00.000 / 01:41.471, 971Mb)
  ...ValueSet Gender                                                                                 (00:00.000 / 01:41.472, 971Mb)
  ...ValueSet GenoplivStoppet                                                                        (00:00.000 / 01:41.472, 971Mb)
  ...ValueSet Genoplivning                                                                           (00:00.000 / 01:41.473, 971Mb)
  ...ValueSet GlenoidalkomponentIkkeIndsatDSR                                                        (00:00.000 / 01:41.474, 971Mb)
  ...ValueSet GlenoidalkomponentSupplerendeDSR                                                       (00:00.000 / 01:41.474, 971Mb)
  ...ValueSet GradAkutDHDB                                                                           (00:00.000 / 01:41.475, 971Mb)
  ...ValueSet GraftACLDKRR                                                                           (00:00.000 / 01:41.475, 971Mb)
  ...ValueSet GraftDKRR                                                                              (00:00.000 / 01:41.476, 971Mb)
  ...ValueSet GrundlidelseDHR                                                                        (00:00.000 / 01:41.476, 971Mb)
  ...ValueSet GrundlidelseDKR                                                                        (00:00.000 / 01:41.477, 971Mb)
  ...ValueSet GrundlidelseDSR                                                                        (00:00.000 / 01:41.477, 971Mb)
  ...ValueSet GynUndersoegDUGA                                                                       (00:00.000 / 01:41.478, 971Mb)
  ...ValueSet HaemoglobinTransf4                                                                     (00:00.000 / 01:41.479, 971Mb)
  ...ValueSet HandProblemer                                                                          (00:00.000 / 01:41.479, 971Mb)
  ...ValueSet HarrisHipScoreGangafvikling                                                            (00:00.000 / 01:41.480, 971Mb)
  ...ValueSet HarrisHipScoreGangdistance                                                             (00:00.000 / 01:41.480, 971Mb)
  ...ValueSet HarrisHipScoreHjaelpemidler                                                            (00:00.000 / 01:41.481, 971Mb)
  ...ValueSet HarrisHipScoreOffentligTransport                                                       (00:00.000 / 01:41.481, 971Mb)
  ...ValueSet HarrisHipScoreSiddefunktion                                                            (00:00.000 / 01:41.482, 971Mb)
  ...ValueSet HarrisHipScoreSkoStroemper                                                             (00:00.000 / 01:41.482, 971Mb)
  ...ValueSet HarrisHipScoreSmerter                                                                  (00:00.000 / 01:41.483, 971Mb)
  ...ValueSet HarrisHipScoreTrappegang                                                               (00:00.000 / 01:41.484, 971Mb)
  ...ValueSet HeartAttackSTEMIPosition                                                               (00:00.000 / 01:41.484, 971Mb)
  ...ValueSet HeartAttackTypes                                                                       (00:00.000 / 01:41.485, 971Mb)
  ...ValueSet HeartFailure                                                                           (00:00.000 / 01:41.485, 971Mb)
  ...ValueSet HeartRhythm                                                                            (00:00.000 / 01:41.486, 971Mb)
  ...ValueSet HematologicalDiseases                                                                  (00:00.000 / 01:41.486, 971Mb)
  ...ValueSet HemialloplastikFemur                                                                   (00:00.000 / 01:41.487, 971Mb)
  ...ValueSet HenvistFra                                                                             (00:00.000 / 01:41.487, 971Mb)
  ...ValueSet HernieStoerrelse                                                                       (00:00.000 / 01:41.488, 971Mb)
  ...ValueSet HjerneoedemDAP                                                                         (00:00.000 / 01:41.489, 971Mb)
  ...ValueSet Hjerterytme                                                                            (00:00.000 / 01:41.489, 971Mb)
  ...ValueSet HjertestopAarsag                                                                       (00:00.000 / 01:41.490, 971Mb)
  ...ValueSet HumeruskomponentDSR                                                                    (00:00.000 / 01:41.490, 971Mb)
  ...ValueSet HuntHessClassification                                                                 (00:00.000 / 01:41.491, 971Mb)
  ...ValueSet HydrocephalusTiltag                                                                    (00:00.000 / 01:41.491, 971Mb)
  ...ValueSet Hyppighed                                                                              (00:00.000 / 01:41.492, 971Mb)
  ...ValueSet ICHEvakuering                                                                          (00:00.000 / 01:41.492, 971Mb)
  ...ValueSet ICRSGraduering14                                                                       (00:00.000 / 01:41.493, 971Mb)
  ...ValueSet IDC10DPD                                                                               (00:00.000 / 01:41.494, 971Mb)
  ...ValueSet IDC10DPDCancer                                                                         (00:00.000 / 01:41.494, 971Mb)
  ...ValueSet IDC10DPDNonCancer                                                                      (00:00.000 / 01:41.495, 971Mb)
  ...ValueSet IPSSRCytogenetiskRisiko                                                                (00:00.000 / 01:41.495, 971Mb)
  ...ValueSet IkkeBesvaret                                                                           (00:00.000 / 01:41.496, 971Mb)
  ...ValueSet IkkeUdfoert                                                                            (00:00.000 / 01:41.496, 971Mb)
  ...ValueSet Imaging                                                                                (00:00.000 / 01:41.497, 971Mb)
  ...ValueSet ImagingAngio                                                                           (00:00.000 / 01:41.497, 971Mb)
  ...ValueSet Immunoterapi                                                                           (00:00.000 / 01:41.498, 971Mb)
  ...ValueSet ImplantatAnatomiskDesign                                                               (00:00.000 / 01:41.499, 971Mb)
  ...ValueSet ImplantatAnatomiskOffset                                                               (00:00.000 / 01:41.499, 971Mb)
  ...ValueSet ImplantatAnatomiskReverse                                                              (00:00.000 / 01:41.500, 971Mb)
  ...ValueSet ImplantatMaterialeDSR                                                                  (00:00.000 / 01:41.500, 971Mb)
  ...ValueSet ImplantatMaterialeKeramikMetalAndet                                                    (00:00.000 / 01:41.501, 971Mb)
  ...ValueSet ImplantatMaterialePolyethylenKeramikMetal                                              (00:00.000 / 01:41.501, 971Mb)
  ...ValueSet ImplantatReverseDesign                                                                 (00:00.000 / 01:41.502, 971Mb)
  ...ValueSet ImplantattypeDUGA                                                                      (00:00.000 / 01:41.502, 971Mb)
  ...ValueSet Incisionsvalg                                                                          (00:00.000 / 01:41.503, 971Mb)
  ...ValueSet IndgrebAabenIngvinalhernieDHDB                                                         (00:00.000 / 01:41.503, 971Mb)
  ...ValueSet IndgrebAabenMeshIngvinalhernieDHDB                                                     (00:00.000 / 01:41.504, 971Mb)
  ...ValueSet IndgrebComponentsSeparationDHDB                                                        (00:00.000 / 01:41.504, 971Mb)
  ...ValueSet IndgrebComponentsSeparationTypeDHDB                                                    (00:00.000 / 01:41.505, 971Mb)
  ...ValueSet IndgrebFemoralhernieDHDB                                                               (00:00.000 / 01:41.506, 971Mb)
  ...ValueSet IndgrebIngvinalhernieDHDB                                                              (00:00.000 / 01:41.506, 971Mb)
  ...ValueSet IndgrebLaparoskopiskDHDB                                                               (00:00.000 / 01:41.507, 971Mb)
  ...ValueSet IndgrebNerveSet                                                                        (00:00.000 / 01:41.507, 971Mb)
  ...ValueSet IndgrebPrioritetAkutElektiv                                                            (00:00.000 / 01:41.508, 971Mb)
  ...ValueSet IndgrebVentralhernieAndenDHDB                                                          (00:00.000 / 01:41.508, 971Mb)
  ...ValueSet IndgrebVentralhernieDHDB                                                               (00:00.000 / 01:41.509, 971Mb)
  ...ValueSet IndikationTES                                                                          (00:00.000 / 01:41.509, 971Mb)
  ...ValueSet IndsatFjernet                                                                          (00:00.000 / 01:41.510, 971Mb)
  ...ValueSet IndsatIkkeIndsat                                                                       (00:00.000 / 01:41.511, 971Mb)
  ...ValueSet Ingen                                                                                  (00:00.000 / 01:41.511, 971Mb)
  ...ValueSet IngenBehandling                                                                        (00:00.000 / 01:41.512, 971Mb)
  ...ValueSet IngvinalhernieSpecificering                                                            (00:00.000 / 01:41.512, 971Mb)
  ...ValueSet InitialRespons                                                                         (00:00.000 / 01:41.513, 971Mb)
  ...ValueSet Interventionsforloeb                                                                   (00:00.000 / 01:41.513, 971Mb)
  ...ValueSet InterventionsgruppeDialyseHaemoDNSL                                                    (00:00.000 / 01:41.514, 971Mb)
  ...ValueSet InterventionsgruppeDialysePeritonealDNSL                                               (00:00.000 / 01:41.515, 971Mb)
  ...ValueSet InterventionsgruppeTransplantDNSL                                                      (00:00.000 / 01:41.515, 971Mb)
  ...ValueSet InterventionsgruppeTransplantExclDNSL                                                  (00:00.000 / 01:41.516, 971Mb)
  ...ValueSet IntraoperativeLaesionerKDCCG                                                           (00:00.000 / 01:41.516, 971Mb)
  ...ValueSet IntraoperativeLaesionerMDCCG                                                           (00:00.000 / 01:41.517, 971Mb)
  ...ValueSet Intubation                                                                             (00:00.000 / 01:41.517, 971Mb)
  ...ValueSet IntubationRelaks                                                                       (00:00.000 / 01:41.518, 971Mb)
  ...ValueSet JaEnkeltUdfald                                                                         (00:00.000 / 01:41.519, 971Mb)
  ...ValueSet JaNej                                                                                  (00:00.000 / 01:41.519, 971Mb)
  ...ValueSet JaNejBetinget                                                                          (00:00.000 / 01:41.520, 971Mb)
  ...ValueSet JaNejEjMaalt                                                                           (00:00.000 / 01:41.520, 971Mb)
  ...ValueSet JaNejIkkeSpurgt                                                                        (00:00.000 / 01:41.521, 971Mb)
  ...ValueSet JaNejIkkeUdfoert                                                                       (00:00.000 / 01:41.521, 971Mb)
  ...ValueSet JaNejIkkefagligrelevant                                                                (00:00.000 / 01:41.522, 971Mb)
  ...ValueSet JaNejIkkeindiceret                                                                     (00:00.000 / 01:41.522, 971Mb)
  ...ValueSet JaNejIkkerelevant                                                                      (00:00.000 / 01:41.523, 971Mb)
  ...ValueSet JaNejKanIkkeAfgoeres                                                                   (00:00.000 / 01:41.524, 971Mb)
  ...ValueSet JaNejUkendt                                                                            (00:00.000 / 01:41.524, 971Mb)
  ...ValueSet JaNejUkendtIkkerelevant                                                                (00:00.000 / 01:41.525, 971Mb)
  ...ValueSet JaNejUvist                                                                             (00:00.000 / 01:41.525, 971Mb)
  ...ValueSet JaNejUvistIkkeudfoert                                                                  (00:00.000 / 01:41.526, 971Mb)
  ...ValueSet JaNejUvistUkendt                                                                       (00:00.000 / 01:41.526, 971Mb)
  ...ValueSet JaNejUvistUkendtIkkeRelevant                                                           (00:00.000 / 01:41.527, 971Mb)
  ...ValueSet KellgrenLawsonKlassifikation                                                           (00:00.000 / 01:41.527, 971Mb)
  ...ValueSet Kemoterapiregime                                                                       (00:00.000 / 01:41.528, 971Mb)
  ...ValueSet KirurgiskAdgangDSR                                                                     (00:00.000 / 01:41.529, 971Mb)
  ...ValueSet KliniskeSymptomerDCCG                                                                  (00:00.000 / 01:41.529, 971Mb)
  ...ValueSet KnaeLoeshedGradering                                                                   (00:00.000 / 01:41.530, 971Mb)
  ...ValueSet KnaeLoeshedPosterolateral                                                              (00:00.000 / 01:41.530, 971Mb)
  ...ValueSet KnaeakseDKR                                                                            (00:00.000 / 01:41.531, 971Mb)
  ...ValueSet KnoglegraftDSR                                                                         (00:00.000 / 01:41.531, 971Mb)
  ...ValueSet KnogletransplantationDHR                                                               (00:00.000 / 01:41.532, 971Mb)
  ...ValueSet KognitivPaavirkningDANDEM                                                              (00:00.000 / 01:41.532, 971Mb)
  ...ValueSet KognitivTestDANDEM                                                                     (00:00.000 / 01:41.533, 971Mb)
  ...ValueSet KomplAndreDiagDUGA                                                                     (00:00.000 / 01:41.534, 971Mb)
  ...ValueSet KomplAndreProcDUGA                                                                     (00:00.000 / 01:41.534, 971Mb)
  ...ValueSet KomplBlaereDiagDUGA                                                                    (00:00.000 / 01:41.535, 971Mb)
  ...ValueSet KomplBlaereProcDUGA                                                                    (00:00.000 / 01:41.535, 971Mb)
  ...ValueSet KomplBloedDiagDUGA                                                                     (00:00.000 / 01:41.536, 971Mb)
  ...ValueSet KomplBloedProcDUGA                                                                     (00:00.000 / 01:41.536, 971Mb)
  ...ValueSet KomplInfektionDiagDUGA                                                                 (00:00.000 / 01:41.537, 971Mb)
  ...ValueSet KomplInfektionProcDUGA                                                                 (00:00.000 / 01:41.537, 971Mb)
  ...ValueSet KomplOrganperfDiagDUGA                                                                 (00:00.000 / 01:41.538, 971Mb)
  ...ValueSet KomplOrganperfProcDUGA                                                                 (00:00.000 / 01:41.539, 971Mb)
  ...ValueSet KomplikationerBehandlingDEGC                                                           (00:00.000 / 01:41.539, 971Mb)
  ...ValueSet KomplikationerDKRR                                                                     (00:00.000 / 01:41.540, 971Mb)
  ...ValueSet KomplikationerEndovaskulaerSAH                                                         (00:00.000 / 01:41.541, 971Mb)
  ...ValueSet KomplikationerKirurgiskSAH                                                             (00:00.000 / 01:41.541, 971Mb)
  ...ValueSet KomplikationerPeroperativeDHR                                                          (00:00.000 / 01:41.542, 971Mb)
  ...ValueSet KomplikationerPeroperativeDKR                                                          (00:00.000 / 01:41.542, 971Mb)
  ...ValueSet KomplikationerVaskulaerDMPN                                                            (00:00.000 / 01:41.543, 971Mb)
  ...ValueSet KomponentAcetabulumDHR                                                                 (00:00.000 / 01:41.543, 971Mb)
  ...ValueSet KomponentAcetabulumStatusDHR                                                           (00:00.000 / 01:41.544, 971Mb)
  ...ValueSet KomponentFemurDHR                                                                      (00:00.000 / 01:41.545, 971Mb)
  ...ValueSet KomponentFemurDKR                                                                      (00:00.000 / 01:41.545, 971Mb)
  ...ValueSet KomponentFemurDKR202503                                                                (00:00.000 / 01:41.546, 971Mb)
  ...ValueSet KomponentFemurDKRrevision                                                              (00:00.000 / 01:41.547, 971Mb)
  ...ValueSet KomponentFemurDKRrevision202503                                                        (00:00.000 / 01:41.547, 971Mb)
  ...ValueSet KomponentFemurStatusDHR                                                                (00:00.000 / 01:41.548, 971Mb)
  ...ValueSet KomponentFemurStatusDKR                                                                (00:00.000 / 01:41.548, 971Mb)
  ...ValueSet KomponentPatellaDKR                                                                    (00:00.000 / 01:41.549, 971Mb)
  ...ValueSet KomponentPatellaDKRrevision                                                            (00:00.000 / 01:41.549, 971Mb)
  ...ValueSet KomponentPatellaMaterialeDKR                                                           (00:00.000 / 01:41.550, 971Mb)
  ...ValueSet KomponentSupplementDKR                                                                 (00:00.000 / 01:41.551, 971Mb)
  ...ValueSet KomponentTibiaDKR                                                                      (00:00.000 / 01:41.551, 971Mb)
  ...ValueSet KomponentTibiaDKR202503                                                                (00:00.000 / 01:41.552, 971Mb)
  ...ValueSet KomponentTibiaDKRrevision                                                              (00:00.000 / 01:41.552, 971Mb)
  ...ValueSet KomponentTibiaDKRrevision202503                                                        (00:00.000 / 01:41.553, 971Mb)
  ...ValueSet KomponentTibiaStatusDKR                                                                (00:00.000 / 01:41.553, 971Mb)
  ...ValueSet KomponentTypeDKR                                                                       (00:00.000 / 01:41.554, 971Mb)
  ...ValueSet KomponentTypeFemurDHR                                                                  (00:00.000 / 01:41.554, 971Mb)
  ...ValueSet KomponentTypeHullerUdenhullerDHR                                                       (00:00.000 / 01:41.555, 971Mb)
  ...ValueSet KonferenceDPD                                                                          (00:00.000 / 01:41.555, 971Mb)
  ...ValueSet KontaktPatient                                                                         (00:00.000 / 01:41.556, 971Mb)
  ...ValueSet KontaktSted                                                                            (00:00.000 / 01:41.557, 971Mb)
  ...ValueSet KontaktSted2026                                                                        (00:00.000 / 01:41.557, 971Mb)
  ...ValueSet KontaktType1                                                                           (00:00.000 / 01:41.558, 971Mb)
  ...ValueSet Kontamineringsgrad                                                                     (00:00.000 / 01:41.558, 971Mb)
  ...ValueSet KorsbaandEjBevaret                                                                     (00:00.000 / 01:41.559, 971Mb)
  ...ValueSet KursusregAarsag                                                                        (00:00.000 / 01:41.559, 971Mb)
  ...ValueSet LaryngoskopiDegree                                                                     (00:00.000 / 01:41.560, 971Mb)
  ...ValueSet LaryngoskopiDegree2026                                                                 (00:00.000 / 01:41.560, 971Mb)
  ...ValueSet LedbaandsrekonstruktionDKRR                                                            (00:00.000 / 01:41.561, 971Mb)
  ...ValueSet LeftRight                                                                              (00:00.000 / 01:41.561, 971Mb)
  ...ValueSet LifeStatus                                                                             (00:00.000 / 01:41.562, 971Mb)
  ...ValueSet LimnavnDHDB                                                                            (00:00.000 / 01:41.563, 971Mb)
  ...ValueSet LinerCrosslinkedDHR                                                                    (00:00.000 / 01:41.563, 971Mb)
  ...ValueSet LinerMedPostDKR                                                                        (00:00.000 / 01:41.564, 971Mb)
  ...ValueSet LinerUdenPostDKR                                                                       (00:00.000 / 01:41.564, 971Mb)
  ...ValueSet LinertypeDHR                                                                           (00:00.000 / 01:41.565, 971Mb)
  ...ValueSet LipomHandlingDHDB                                                                      (00:00.000 / 01:41.565, 971Mb)
  ...ValueSet LocationExtranodalFemale                                                               (00:00.000 / 01:41.566, 971Mb)
  ...ValueSet LocationExtranodalMale                                                                 (00:00.000 / 01:41.566, 971Mb)
  ...ValueSet LocationNodal                                                                          (00:00.000 / 01:41.567, 971Mb)
  ...ValueSet LocationPriSecNodalFemale                                                              (00:00.000 / 01:41.567, 971Mb)
  ...ValueSet LocationPriSecNodalMale                                                                (00:00.000 / 01:41.568, 971Mb)
  ...ValueSet LokalBloedningDAP                                                                      (00:00.000 / 01:41.569, 971Mb)
  ...ValueSet LokalStraaleterapi                                                                     (00:00.000 / 01:41.569, 971Mb)
  ...ValueSet LokalisationEsophagusDEGC                                                              (00:00.000 / 01:41.570, 971Mb)
  ...ValueSet LokalitetDANARREST                                                                     (00:00.000 / 01:41.570, 971Mb)
  ...ValueSet LokationAneurismeSAH                                                                   (00:00.000 / 01:41.571, 971Mb)
  ...ValueSet LokationLymphomas                                                                      (00:00.000 / 01:41.571, 971Mb)
  ...ValueSet LuftvejForsoeg                                                                         (00:00.000 / 01:41.572, 971Mb)
  ...ValueSet LuftvejsHaandtering                                                                    (00:00.000 / 01:41.572, 971Mb)
  ...ValueSet LuftvejsHaandtering2026                                                                (00:00.000 / 01:41.573, 971Mb)
  ...ValueSet LuftvejsHaandteringsidsteforsoeg                                                       (00:00.000 / 01:41.574, 971Mb)
  ...ValueSet Luftvejsplan                                                                           (00:00.000 / 01:41.574, 971Mb)
  ...ValueSet Luftvejsplan2026                                                                       (00:00.000 / 01:41.575, 971Mb)
  ...ValueSet LukningHudDHDB                                                                         (00:00.000 / 01:41.575, 971Mb)
  ...ValueSet MComponentTypeDAMYDA                                                                   (00:00.000 / 01:41.576, 971Mb)
  ...ValueSet MComponentTypeLyfo                                                                     (00:00.000 / 01:41.576, 971Mb)
  ...ValueSet MDTIkkeFulgt                                                                           (00:00.000 / 01:41.577, 971Mb)
  ...ValueSet MKategoriDCCG                                                                          (00:00.000 / 01:41.578, 971Mb)
  ...ValueSet MKomponentLaboratoriesvar                                                              (00:00.000 / 01:41.578, 971Mb)
  ...ValueSet MLInstabilitetDKR                                                                      (00:00.000 / 01:41.579, 971Mb)
  ...ValueSet MTICIReperfusionsgrad                                                                  (00:00.000 / 01:41.579, 971Mb)
  ...ValueSet MaaleEnhedHAEMA2                                                                       (00:00.000 / 01:41.580, 971Mb)
  ...ValueSet MaaleEnhedHAEMA3                                                                       (00:00.000 / 01:41.580, 971Mb)
  ...ValueSet MaaleudstyrDKRR                                                                        (00:00.000 / 01:41.581, 971Mb)
  ...ValueSet MaalingCalcium                                                                         (00:00.000 / 01:41.582, 971Mb)
  ...ValueSet Maengder                                                                               (00:00.000 / 01:41.582, 971Mb)
  ...ValueSet ManglendeBehandling                                                                    (00:00.000 / 01:41.583, 971Mb)
  ...ValueSet ManglendeEORTC                                                                         (00:00.000 / 01:41.583, 971Mb)
  ...ValueSet ManglendeVisitation                                                                    (00:00.000 / 01:41.584, 971Mb)
  ...ValueSet MedicalScanningTypes                                                                   (00:00.000 / 01:41.584, 971Mb)
  ...ValueSet MedicalScanningTypes202412                                                             (00:00.000 / 01:41.585, 971Mb)
  ...ValueSet MedicinDANARREST                                                                       (00:00.000 / 01:41.586, 971Mb)
  ...ValueSet MedicinPraeparatDSR                                                                    (00:00.000 / 01:41.586, 971Mb)
  ...ValueSet MedicinVarighedDSR                                                                     (00:00.000 / 01:41.587, 971Mb)
  ...ValueSet MedicinalBehandlingPaabegyndtDHR                                                       (00:00.000 / 01:41.587, 971Mb)
  ...ValueSet MenisklaesionBehandlingDKRR                                                            (00:00.000 / 01:41.588, 971Mb)
  ...ValueSet MenisklaesionMedialLateralDKRR                                                         (00:00.000 / 01:41.588, 971Mb)
  ...ValueSet MenisklaesionTypeDKRR                                                                  (00:00.000 / 01:41.589, 971Mb)
  ...ValueSet MeshFikseringDHDB                                                                      (00:00.000 / 01:41.590, 971Mb)
  ...ValueSet MeshPlaceringDHDB                                                                      (00:00.000 / 01:41.590, 971Mb)
  ...ValueSet MeshTeknikDHDB                                                                         (00:00.000 / 01:41.591, 971Mb)
  ...ValueSet MeshTypeIngvinalhernieDHDB                                                             (00:00.000 / 01:41.591, 971Mb)
  ...ValueSet MeshTypeVentralhernieDHDB                                                              (00:00.000 / 01:41.592, 971Mb)
  ...ValueSet ModifiedRaymondRoyKlassification                                                       (00:00.000 / 01:41.592, 971Mb)
  ...ValueSet MolecularRemission                                                                     (00:00.000 / 01:41.593, 971Mb)
  ...ValueSet MolecurlarBiologyExamination                                                           (00:00.000 / 01:41.593, 971Mb)
  ...ValueSet MorsDiagnoseForskelligtDNSL                                                            (00:00.000 / 01:41.594, 971Mb)
  ...ValueSet MorsDiagnoseInfektionerDNSL                                                            (00:00.000 / 01:41.595, 971Mb)
  ...ValueSet MorsDiagnoseKardialDNSL                                                                (00:00.000 / 01:41.595, 971Mb)
  ...ValueSet MorsDiagnoseLeverDNSL                                                                  (00:00.000 / 01:41.596, 971Mb)
  ...ValueSet MorsDiagnoseSocialtDNSL                                                                (00:00.000 / 01:41.596, 971Mb)
  ...ValueSet MorsDiagnoseUlykkeDNSL                                                                 (00:00.000 / 01:41.597, 971Mb)
  ...ValueSet MorsDiagnoseVaskulaerDNSL                                                              (00:00.000 / 01:41.598, 971Mb)
  ...ValueSet MorsDiagnosegrupper                                                                    (00:00.000 / 01:41.598, 971Mb)
  ...ValueSet MuligVanskeligUmulig                                                                   (00:00.000 / 01:41.599, 971Mb)
  ...ValueSet NIHSS10Dysartri                                                                        (00:00.000 / 01:41.599, 971Mb)
  ...ValueSet NIHSS11EkstinktionInattention                                                          (00:00.000 / 01:41.600, 971Mb)
  ...ValueSet NIHSS1aBevidsthedsniveau                                                               (00:00.000 / 01:41.600, 971Mb)
  ...ValueSet NIHSS1bBevidsthedsniveau                                                               (00:00.000 / 01:41.601, 971Mb)
  ...ValueSet NIHSS1cBevidsthedsniveau                                                               (00:00.000 / 01:41.602, 971Mb)
  ...ValueSet NIHSS2Blik                                                                             (00:00.000 / 01:41.602, 971Mb)
  ...ValueSet NIHSS3Synsfelt                                                                         (00:00.000 / 01:41.603, 971Mb)
  ...ValueSet NIHSS4Facialisparese                                                                   (00:00.000 / 01:41.603, 971Mb)
  ...ValueSet NIHSS5FunktionArm                                                                      (00:00.000 / 01:41.604, 971Mb)
  ...ValueSet NIHSS6FunktionBen                                                                      (00:00.000 / 01:41.604, 971Mb)
  ...ValueSet NIHSS7Ataksi                                                                           (00:00.000 / 01:41.605, 971Mb)
  ...ValueSet NIHSS8Sensibilitet                                                                     (00:00.000 / 01:41.606, 971Mb)
  ...ValueSet NIHSS9Sprog                                                                            (00:00.000 / 01:41.606, 971Mb)
  ...ValueSet NKategoriDCCG                                                                          (00:00.000 / 01:41.607, 971Mb)
  ...ValueSet NYHA                                                                                   (00:00.000 / 01:41.607, 971Mb)
  ...ValueSet NeoadjuverendeBehandling                                                               (00:00.000 / 01:41.608, 971Mb)
  ...ValueSet NerveBlockTypeLower                                                                    (00:00.000 / 01:41.608, 971Mb)
  ...ValueSet NerveBlockTypeOther                                                                    (00:00.000 / 01:41.609, 971Mb)
  ...ValueSet NerveBlockTypeUpper                                                                    (00:00.000 / 01:41.610, 971Mb)
  ...ValueSet ObservationAfdeling                                                                    (00:00.000 / 01:41.610, 971Mb)
  ...ValueSet ObservationPatient                                                                     (00:00.000 / 01:41.611, 971Mb)
  ...ValueSet ObservationsstedAN                                                                     (00:00.000 / 01:41.611, 971Mb)
  ...ValueSet ObservationsstedPO                                                                     (00:00.000 / 01:41.612, 971Mb)
  ...ValueSet OnkologiBehandlingsintention                                                           (00:00.000 / 01:41.613, 971Mb)
  ...ValueSet OnkologibehandlingerAll                                                                (00:00.000 / 01:41.613, 971Mb)
  ...ValueSet OnkologibehandlingerKurativ                                                            (00:00.000 / 01:41.614, 971Mb)
  ...ValueSet OperationDanmarkUdlandetDHR                                                            (00:00.000 / 01:41.614, 971Mb)
  ...ValueSet OperationIkkeGennemfortDCCG                                                            (00:00.000 / 01:41.615, 971Mb)
  ...ValueSet OperationKanalAntalDKRR                                                                (00:00.000 / 01:41.615, 971Mb)
  ...ValueSet OperationKanalFemurPlaceringDKRR                                                       (00:00.000 / 01:41.616, 971Mb)
  ...ValueSet OperationerAktuelDKRR                                                                  (00:00.000 / 01:41.617, 971Mb)
  ...ValueSet OperationerDKRR                                                                        (00:00.000 / 01:41.617, 971Mb)
  ...ValueSet Operationserfaring                                                                     (00:00.000 / 01:41.618, 971Mb)
  ...ValueSet OperationspaaklaedningDHR                                                              (00:00.000 / 01:41.618, 971Mb)
  ...ValueSet OperationssaarInfektionKAR                                                             (00:00.000 / 01:41.619, 971Mb)
  ...ValueSet OperationssaarKomplikationerKAR                                                        (00:00.000 / 01:41.620, 971Mb)
  ...ValueSet Operationsside                                                                         (00:00.000 / 01:41.620, 971Mb)
  ...ValueSet OperationssideHoejreVenstreDobbeltsidig                                                (00:00.000 / 01:41.621, 971Mb)
  ...ValueSet OperationssideKAR                                                                      (00:00.000 / 01:41.621, 971Mb)
  ...ValueSet OperationsstueDKR                                                                      (00:00.000 / 01:41.622, 971Mb)
  ...ValueSet OperationsstueFlowKonventionel                                                         (00:00.000 / 01:41.622, 971Mb)
  ...ValueSet OperationstypeFoersteRecidiv                                                           (00:00.000 / 01:41.623, 971Mb)
  ...ValueSet OperationstypeLYFO                                                                     (00:00.000 / 01:41.624, 971Mb)
  ...ValueSet OperationstypePrimaerRevision                                                          (00:00.000 / 01:41.624, 971Mb)
  ...ValueSet OperationstypePrimaerSekundaer                                                         (00:00.000 / 01:41.625, 971Mb)
  ...ValueSet OperativAdgangDKR                                                                      (00:00.000 / 01:41.625, 971Mb)
  ...ValueSet OperativProcedureKategoriDCCG                                                          (00:00.000 / 01:41.626, 971Mb)
  ...ValueSet OperativProcedureKategoriKolonDCCG                                                     (00:00.000 / 01:41.626, 971Mb)
  ...ValueSet OperativProcedureKategoriRektumDCCG                                                    (00:00.000 / 01:41.627, 971Mb)
  ...ValueSet OperativeAdgangDHR                                                                     (00:00.000 / 01:41.628, 971Mb)
  ...ValueSet OperativtFundIngvinalhernieDHDB                                                        (00:00.000 / 01:41.628, 971Mb)
  ...ValueSet OperativtSigteDCCG                                                                     (00:00.000 / 01:41.629, 971Mb)
  ...ValueSet OpkodeGenitalProlapsDUGA                                                               (00:00.000 / 01:41.629, 971Mb)
  ...ValueSet OpkodeUrinGenitalDUGA                                                                  (00:00.000 / 01:41.630, 971Mb)
  ...ValueSet OpkodeUrinInkontinensDUGA                                                              (00:00.000 / 01:41.630, 971Mb)
  ...ValueSet OsteotomiTypeAlmindeligExtendedDHR                                                     (00:00.000 / 01:41.631, 971Mb)
  ...ValueSet POPQAaApDUGA                                                                           (00:00.000 / 01:41.631, 971Mb)
  ...ValueSet POPQBaDUGA                                                                             (00:00.000 / 01:41.632, 971Mb)
  ...ValueSet POPQBpDUGA                                                                             (00:00.000 / 01:41.633, 971Mb)
  ...ValueSet POPQCDDUGA                                                                             (00:00.000 / 01:41.633, 971Mb)
  ...ValueSet POPQGhDUGA                                                                             (00:00.000 / 01:41.634, 971Mb)
  ...ValueSet POPQKompartmentDUGA                                                                    (00:00.000 / 01:41.634, 971Mb)
  ...ValueSet POPQPbDUGA                                                                             (00:00.000 / 01:41.635, 971Mb)
  ...ValueSet POPQTvlDUGA                                                                            (00:00.000 / 01:41.635, 971Mb)
  ...ValueSet PRDcodes                                                                               (00:00.000 / 01:41.636, 971Mb)
  ...ValueSet PTNMtype                                                                               (00:00.000 / 01:41.637, 971Mb)
  ...ValueSet PaavirkningPaagaaendeRETSPSYK                                                          (00:00.000 / 01:41.637, 971Mb)
  ...ValueSet PaavirkningRETSPSYK                                                                    (00:00.000 / 01:41.638, 971Mb)
  ...ValueSet ParagrafferRETSPSYK                                                                    (00:00.000 / 01:41.638, 971Mb)
  ...ValueSet PatobankSNOMEDCytogenetikMDS                                                           (00:00.000 / 01:41.639, 971Mb)
  ...ValueSet PatobankSNOMEDDMPNDiagnose                                                             (00:00.000 / 01:41.639, 971Mb)
  ...ValueSet PatobankSNOMEDDiagnoserLYFO                                                            (00:00.000 / 01:41.640, 971Mb)
  ...ValueSet PatobankSNOMEDDiagnoserLYFO2026                                                        (00:00.000 / 01:41.640, 972Mb)
  ...ValueSet PatobankSNOMEDLeukemiaDiagnose                                                         (00:00.000 / 01:41.641, 972Mb)
  ...ValueSet PatobankSNOMEDMDSDiagnose                                                              (00:00.000 / 01:41.642, 972Mb)
  ...ValueSet PatobankSNOMEDpTNMpM                                                                   (00:00.000 / 01:41.642, 972Mb)
  ...ValueSet PatobankSNOMEDpTNMpN                                                                   (00:00.000 / 01:41.643, 972Mb)
  ...ValueSet PatobankSNOMEDpTNMpT                                                                   (00:00.000 / 01:41.643, 972Mb)
  ...ValueSet PerforationDUGA                                                                        (00:00.000 / 01:41.644, 972Mb)
  ...ValueSet PerioderMK                                                                             (00:00.000 / 01:41.644, 972Mb)
  ...ValueSet PeritonealdefektLukningDHDB                                                            (00:00.000 / 01:41.645, 972Mb)
  ...ValueSet PeroperativMetastasebehandling                                                         (00:00.000 / 01:41.645, 972Mb)
  ...ValueSet PivotShift                                                                             (00:00.000 / 01:41.646, 972Mb)
  ...ValueSet PlasmaDiagnose                                                                         (00:00.000 / 01:41.647, 972Mb)
  ...ValueSet PlasmaDiagnose202412                                                                   (00:00.000 / 01:41.647, 972Mb)
  ...ValueSet PostoperativeKomplikationerDCCG                                                        (00:00.000 / 01:41.648, 972Mb)
  ...ValueSet PraeoperativMetastaseBehandlingDCCG                                                    (00:00.000 / 01:41.648, 972Mb)
  ...ValueSet PraeoperativPlanlaegningDSR                                                            (00:00.000 / 01:41.649, 972Mb)
  ...ValueSet PraeoperativUdrensningDCCG                                                             (00:00.000 / 01:41.649, 972Mb)
  ...ValueSet PreoperativTemplating                                                                  (00:00.000 / 01:41.650, 972Mb)
  ...ValueSet Priority                                                                               (00:00.000 / 01:41.651, 972Mb)
  ...ValueSet ProcedureIkkeGennemfortDCCG                                                            (00:00.000 / 01:41.651, 972Mb)
  ...ValueSet ProcedureTypeDCCG1                                                                     (00:00.000 / 01:41.652, 972Mb)
  ...ValueSet ProcedureTypeDCCG2                                                                     (00:00.000 / 01:41.652, 972Mb)
  ...ValueSet ProcedureTypeDCCG3                                                                     (00:00.000 / 01:41.653, 972Mb)
  ...ValueSet ProcedureUdfoertDCCG                                                                   (00:00.000 / 01:41.653, 972Mb)
  ...ValueSet ProcedureUdfoertK1DCCG                                                                 (00:00.000 / 01:41.654, 972Mb)
  ...ValueSet ProcedureUdfoertK2DCCG                                                                 (00:00.000 / 01:41.655, 972Mb)
  ...ValueSet ProcedureUdfoertK3DCCG                                                                 (00:00.000 / 01:41.655, 972Mb)
  ...ValueSet ProcedureUdfoertR1DCCG                                                                 (00:00.000 / 01:41.656, 972Mb)
  ...ValueSet ProcedureUdfoertR2DCCG                                                                 (00:00.000 / 01:41.656, 972Mb)
  ...ValueSet ProcedureUdfoertR3DCCG                                                                 (00:00.000 / 01:41.657, 972Mb)
  ...ValueSet ProcedureUdfoertR4DCCG                                                                 (00:00.000 / 01:41.658, 972Mb)
  ...ValueSet ProcedureVarighed15min                                                                 (00:00.000 / 01:41.658, 972Mb)
  ...ValueSet ProcedureVarighed5min                                                                  (00:00.000 / 01:41.659, 972Mb)
  ...ValueSet ProcedurerAndreDKRR                                                                    (00:00.000 / 01:41.659, 972Mb)
  ...ValueSet ProgressionCML                                                                         (00:00.000 / 01:41.660, 972Mb)
  ...ValueSet ProteseDSR                                                                             (00:00.000 / 01:41.661, 972Mb)
  ...ValueSet ProteseFjernelseDHR                                                                    (00:00.000 / 01:41.661, 972Mb)
  ...ValueSet ProtesestatusDHR                                                                       (00:00.000 / 01:41.662, 972Mb)
  ...ValueSet Pupilforhold                                                                           (00:00.000 / 01:41.662, 972Mb)
  ...ValueSet RKlassifikation                                                                        (00:00.000 / 01:41.663, 972Mb)
  ...ValueSet RKlassifikationTilDegc                                                                 (00:00.000 / 01:41.663, 972Mb)
  ...ValueSet Radioimmunoterapi                                                                      (00:00.000 / 01:41.664, 972Mb)
  ...ValueSet RadiologicalBoneChanges                                                                (00:00.000 / 01:41.665, 972Mb)
  ...ValueSet RadiologicalBoneChanges202412                                                          (00:00.000 / 01:41.665, 972Mb)
  ...ValueSet ReferredForTraining                                                                    (00:00.000 / 01:41.666, 972Mb)
  ...ValueSet Regioner                                                                               (00:00.000 / 01:41.667, 972Mb)
  ...ValueSet RegistreringEksklusionHAEMA                                                            (00:00.000 / 01:41.667, 972Mb)
  ...ValueSet ReoperationAarsagDKRR                                                                  (00:00.000 / 01:41.668, 972Mb)
  ...ValueSet ResektionUdfoerelseDCCG                                                                (00:00.000 / 01:41.669, 972Mb)
  ...ValueSet Resektionstype                                                                         (00:00.000 / 01:41.669, 972Mb)
  ...ValueSet ResttumorGradering                                                                     (00:00.000 / 01:41.670, 972Mb)
  ...ValueSet Result                                                                                 (00:00.000 / 01:41.671, 972Mb)
  ...ValueSet ResultTestFISH                                                                         (00:00.000 / 01:41.671, 972Mb)
  ...ValueSet RevisionAarsagDKRR                                                                     (00:00.000 / 01:41.672, 972Mb)
  ...ValueSet RevisionDHR                                                                            (00:00.000 / 01:41.673, 972Mb)
  ...ValueSet RevisionHumerusCavitasDSR                                                              (00:00.000 / 01:41.673, 972Mb)
  ...ValueSet RevisionHumerusKomponentDSR                                                            (00:00.000 / 01:41.674, 972Mb)
  ...ValueSet RevisionIndikationAseptiskDSR                                                          (00:00.000 / 01:41.675, 972Mb)
  ...ValueSet RevisionIndikationDHR                                                                  (00:00.000 / 01:41.676, 972Mb)
  ...ValueSet RevisionIndikationDKR                                                                  (00:00.000 / 01:41.676, 972Mb)
  ...ValueSet RevisionIndikationDSR                                                                  (00:00.000 / 01:41.677, 972Mb)
  ...ValueSet RevisionStatusDKR                                                                      (00:00.000 / 01:41.678, 972Mb)
  ...ValueSet RevisionUdskiftningDHR                                                                 (00:00.000 / 01:41.678, 972Mb)
  ...ValueSet RevisionstypeDSR                                                                       (00:00.000 / 01:41.679, 972Mb)
  ...ValueSet RisikofaktorerDMPN                                                                     (00:00.000 / 01:41.680, 972Mb)
  ...ValueSet RisikovurderingRETSPSYK                                                                (00:00.000 / 01:41.680, 972Mb)
  ...ValueSet RobotDHDB                                                                              (00:00.000 / 01:41.681, 972Mb)
  ...ValueSet RobotDKR                                                                               (00:00.000 / 01:41.681, 972Mb)
  ...ValueSet Ryger8uger                                                                             (00:00.000 / 01:41.682, 972Mb)
  ...ValueSet Rygning                                                                                (00:00.000 / 01:41.682, 972Mb)
  ...ValueSet RygningDCCG                                                                            (00:00.000 / 01:41.683, 972Mb)
  ...ValueSet Rytme1Obs                                                                              (00:00.000 / 01:41.684, 972Mb)
  ...ValueSet RytmeAnalyseMetode                                                                     (00:00.000 / 01:41.684, 972Mb)
  ...ValueSet RytmeDefibrilleringMetode                                                              (00:00.000 / 01:41.685, 972Mb)
  ...ValueSet SKSApopleksiDiagnoser                                                                  (00:00.000 / 01:41.685, 972Mb)
  ...ValueSet SKSExtraModularDisease                                                                 (00:00.000 / 01:41.686, 972Mb)
  ...ValueSet SKSOperationerKAR                                                                      (00:00.000 / 01:41.687, 972Mb)
  ...ValueSet SKSSymptomatiskAsymptomatisk                                                           (00:00.000 / 01:41.687, 972Mb)
  ...ValueSet SKSUdskrivningsdiagnoserTrombolyse                                                     (00:00.000 / 01:41.688, 972Mb)
  ...ValueSet SKSVentrikelEsophagus                                                                  (00:00.000 / 01:41.689, 972Mb)
  ...ValueSet SKScTNMcM                                                                              (00:00.000 / 01:41.689, 972Mb)
  ...ValueSet SKScTNMcN                                                                              (00:00.000 / 01:41.690, 972Mb)
  ...ValueSet SKScTNMcT                                                                              (00:00.000 / 01:41.690, 972Mb)
  ...ValueSet SKShjertesvigtDHD                                                                      (00:00.000 / 01:41.691, 972Mb)
  ...ValueSet SORAfdelingerDNSL                                                                      (00:00.000 / 01:41.692, 972Mb)
  ...ValueSet SORAfdelingerHaema                                                                     (00:00.000 / 01:41.692, 972Mb)
  ...ValueSet SORAfdelingerUHDNSL                                                                    (00:00.000 / 01:41.693, 972Mb)
  ...ValueSet SORNeurokirurgiskeAfdelingerDAP                                                        (00:00.000 / 01:41.694, 972Mb)
  ...ValueSet SORNeurologiskeAfdelingerDAP                                                           (00:00.000 / 01:41.694, 972Mb)
  ...ValueSet SOROverflytningRETSPSYK                                                                (00:00.000 / 01:41.695, 972Mb)
  ...ValueSet SOROverflytningRETSPSYKHS                                                              (00:00.000 / 01:41.696, 972Mb)
  ...ValueSet SOROverflytningRETSPSYKMJ                                                              (00:00.000 / 01:41.697, 972Mb)
  ...ValueSet SOROverflytningRETSPSYKNJ                                                              (00:00.000 / 01:41.697, 972Mb)
  ...ValueSet SOROverflytningRETSPSYKSD                                                              (00:00.000 / 01:41.698, 972Mb)
  ...ValueSet SOROverflytningRETSPSYKSJ                                                              (00:00.000 / 01:41.699, 972Mb)
  ...ValueSet SORTrombolyseenhedDAP                                                                  (00:00.000 / 01:41.699, 972Mb)
  ...ValueSet SORafdSkema3Duga                                                                       (00:00.000 / 01:41.700, 972Mb)
  ...ValueSet SSSArmloeft                                                                            (00:00.000 / 01:41.701, 972Mb)
  ...ValueSet SSSBenloeft                                                                            (00:00.000 / 01:41.701, 972Mb)
  ...ValueSet SSSBevidsthed                                                                          (00:00.000 / 01:41.702, 972Mb)
  ...ValueSet SSSFacialisparese                                                                      (00:00.000 / 01:41.703, 972Mb)
  ...ValueSet SSSGang                                                                                (00:00.000 / 01:41.703, 972Mb)
  ...ValueSet SSSHaandtryk                                                                           (00:00.000 / 01:41.704, 972Mb)
  ...ValueSet SSSOejenmotorik                                                                        (00:00.000 / 01:41.705, 972Mb)
  ...ValueSet SSSOrientering                                                                         (00:00.000 / 01:41.705, 972Mb)
  ...ValueSet SSSTale                                                                                (00:00.000 / 01:41.706, 972Mb)
  ...ValueSet ScanningstyperCTMR                                                                     (00:00.000 / 01:41.707, 972Mb)
  ...ValueSet ScoreCentralBlock                                                                      (00:00.000 / 01:41.707, 972Mb)
  ...ValueSet ScoreTyperHOFTER                                                                       (00:00.000 / 01:41.708, 972Mb)
  ...ValueSet Skala                                                                                  (00:00.000 / 01:41.709, 972Mb)
  ...ValueSet Skematype                                                                              (00:00.000 / 01:41.709, 972Mb)
  ...ValueSet SlyngeDUGA                                                                             (00:00.000 / 01:41.710, 972Mb)
  ...ValueSet SmerteKvalme                                                                           (00:00.000 / 01:41.710, 972Mb)
  ...ValueSet Splenomegali                                                                           (00:00.000 / 01:41.711, 972Mb)
  ...ValueSet Status                                                                                 (00:00.000 / 01:41.712, 972Mb)
  ...ValueSet StemkarakteristikDSR                                                                   (00:00.000 / 01:41.712, 972Mb)
  ...ValueSet StemlaengdeDSR                                                                         (00:00.000 / 01:41.713, 972Mb)
  ...ValueSet StomiTypeDHDB                                                                          (00:00.000 / 01:41.713, 972Mb)
  ...ValueSet StopTeam                                                                               (00:00.000 / 01:41.714, 972Mb)
  ...ValueSet StraalebehandlingMaal                                                                  (00:00.000 / 01:41.715, 972Mb)
  ...ValueSet StraalebehandlingTAAll                                                                 (00:00.000 / 01:41.715, 972Mb)
  ...ValueSet StraaleterapiLYFO                                                                      (00:00.000 / 01:41.716, 972Mb)
  ...ValueSet StraffelovsparagrafRETSPSYK                                                            (00:00.000 / 01:41.716, 972Mb)
  ...ValueSet SubscapularisDSR                                                                       (00:00.000 / 01:41.717, 972Mb)
  ...ValueSet SupplerendeIndgrebDSR                                                                  (00:00.000 / 01:41.718, 972Mb)
  ...ValueSet SuspensionDUGA                                                                         (00:00.000 / 01:41.718, 972Mb)
  ...ValueSet SuturHurtigResorberbarMonoDHDB                                                         (00:00.000 / 01:41.719, 972Mb)
  ...ValueSet SuturHurtigResorberbarMultiDHDB                                                        (00:00.000 / 01:41.719, 972Mb)
  ...ValueSet SuturLangsomResorberbarMonoDHDB                                                        (00:00.000 / 01:41.720, 972Mb)
  ...ValueSet SuturMaterialeVentralhernieDHDB                                                        (00:00.000 / 01:41.720, 972Mb)
  ...ValueSet SuturMonofilamentTypeVentralhernieDHDB                                                 (00:00.000 / 01:41.721, 972Mb)
  ...ValueSet SuturNonResorberbarMonoDHDB                                                            (00:00.000 / 01:41.721, 972Mb)
  ...ValueSet SuturNonResorberbarMultiDHDB                                                           (00:00.000 / 01:41.722, 972Mb)
  ...ValueSet SuturTypeDHDB                                                                          (00:00.000 / 01:41.723, 972Mb)
  ...ValueSet SuturTypeVentralhernieDHDB                                                             (00:00.000 / 01:41.723, 972Mb)
  ...ValueSet SygdomMedicinskBehandletDHDB                                                           (00:00.000 / 01:41.724, 972Mb)
  ...ValueSet Sygdomsfase                                                                            (00:00.000 / 01:41.724, 972Mb)
  ...ValueSet SygdomsomraaderAlle                                                                    (00:00.000 / 01:41.725, 972Mb)
  ...ValueSet SygdomsomraaderDOF                                                                     (00:00.000 / 01:41.725, 972Mb)
  ...ValueSet SygdomsomraaderHaema                                                                   (00:00.000 / 01:41.726, 972Mb)
  ...ValueSet SymptomerMikrovaskulaer                                                                (00:00.000 / 01:41.727, 972Mb)
  ...ValueSet TKategoriDCCG                                                                          (00:00.000 / 01:41.727, 972Mb)
  ...ValueSet TackernavnAbsorberbarDHDB                                                              (00:00.000 / 01:41.728, 972Mb)
  ...ValueSet TackernavnNonAbsorberbarDHDB                                                           (00:00.000 / 01:41.728, 972Mb)
  ...ValueSet TackertypeDHDB                                                                         (00:00.000 / 01:41.729, 972Mb)
  ...ValueSet TidligereIndgrebDSR                                                                    (00:00.000 / 01:41.730, 972Mb)
  ...ValueSet TidligereOperationDKR                                                                  (00:00.000 / 01:41.730, 972Mb)
  ...ValueSet TidligereOperationHofte                                                                (00:00.000 / 01:41.731, 972Mb)
  ...ValueSet TilsynAfdeling                                                                         (00:00.000 / 01:41.731, 972Mb)
  ...ValueSet Transplantation                                                                        (00:00.000 / 01:41.732, 972Mb)
  ...ValueSet Transplantation1                                                                       (00:00.000 / 01:41.732, 972Mb)
  ...ValueSet TransplantationCageAugmentDHR                                                          (00:00.000 / 01:41.733, 972Mb)
  ...ValueSet TransplantationTypeDHR                                                                 (00:00.000 / 01:41.733, 972Mb)
  ...ValueSet TransplantationcenterALG                                                               (00:00.000 / 01:41.734, 972Mb)
  ...ValueSet TransplantationstypeCML                                                                (00:00.000 / 01:41.735, 972Mb)
  ...ValueSet TreatmentCrossSection                                                                  (00:00.000 / 01:41.735, 972Mb)
  ...ValueSet TreatmentIndicationCLL                                                                 (00:00.000 / 01:41.736, 972Mb)
  ...ValueSet TreatmentMethodMRD                                                                     (00:00.000 / 01:41.736, 972Mb)
  ...ValueSet TreatmentPreservation                                                                  (00:00.000 / 01:41.737, 972Mb)
  ...ValueSet TreatmentRegimen-2025                                                                  (00:00.000 / 01:41.737, 972Mb)
  ...ValueSet TreatmentRegimen                                                                       (00:00.000 / 01:41.738, 972Mb)
  ...ValueSet TreatmentResponseALD                                                                   (00:00.000 / 01:41.738, 972Mb)
  ...ValueSet TreatmentResponseDAMYDA                                                                (00:00.000 / 01:41.739, 972Mb)
  ...ValueSet TreatmentResponseEvaluationCLL                                                         (00:00.000 / 01:41.739, 972Mb)
  ...ValueSet TreatmentResponseEvaluationLYFO                                                        (00:00.000 / 01:41.740, 972Mb)
  ...ValueSet TreatmentScheduledALD                                                                  (00:00.000 / 01:41.741, 972Mb)
  ...ValueSet TreatmentScheduledDAMYDA                                                               (00:00.000 / 01:41.741, 972Mb)
  ...ValueSet TreatmentTypeOncology                                                                  (00:00.000 / 01:41.742, 972Mb)
  ...ValueSet TrombektomiPerfusion                                                                   (00:00.000 / 01:41.742, 972Mb)
  ...ValueSet Trombolysepraeparater                                                                  (00:00.000 / 01:41.743, 972Mb)
  ...ValueSet TrombolyseprofylakseDHR                                                                (00:00.000 / 01:41.743, 972Mb)
  ...ValueSet TumorLokalisationDCCG                                                                  (00:00.000 / 01:41.744, 972Mb)
  ...ValueSet TumorklassifikationBehandlingDEGC                                                      (00:00.000 / 01:41.744, 972Mb)
  ...ValueSet TumorklassifikationDEGC                                                                (00:00.000 / 01:41.745, 972Mb)
  ...ValueSet TumorklassifikationDiagnoseDEGC                                                        (00:00.000 / 01:41.745, 972Mb)
  ...ValueSet TypeLokalresektionDCCG                                                                 (00:00.000 / 01:41.746, 972Mb)
  ...ValueSet TypeLokalresektionKolonDCCG                                                            (00:00.000 / 01:41.746, 972Mb)
  ...ValueSet TypeLokalresektionRektumDCCG                                                           (00:00.000 / 01:41.747, 972Mb)
  ...ValueSet UMComponentTypeDAMYDA                                                                  (00:00.000 / 01:41.748, 972Mb)
  ...ValueSet UdfoerendeLAB                                                                          (00:00.000 / 01:41.748, 972Mb)
  ...ValueSet UdredningDANDEM                                                                        (00:00.000 / 01:41.749, 972Mb)
  ...ValueSet UdredningDANDEM2025                                                                    (00:00.000 / 01:41.749, 972Mb)
  ...ValueSet UdredningKliniskGenetisk                                                               (00:00.000 / 01:41.750, 972Mb)
  ...ValueSet UdskrevetTil                                                                           (00:00.000 / 01:41.750, 972Mb)
  ...ValueSet UndersoegelsesTypeDUGA                                                                 (00:00.000 / 01:41.751, 972Mb)
  ...ValueSet UndersoendeLAB                                                                         (00:00.000 / 01:41.752, 972Mb)
  ...ValueSet Undervisning                                                                           (00:00.000 / 01:41.752, 972Mb)
  ...ValueSet Uoplyst                                                                                (00:00.000 / 01:41.753, 972Mb)
  ...ValueSet UrniLaekDUGA                                                                           (00:00.000 / 01:41.753, 972Mb)
  ...ValueSet Uspecificeret                                                                          (00:00.000 / 01:41.754, 972Mb)
  ...ValueSet VancouverKlassifikationDHR                                                             (00:00.000 / 01:41.754, 972Mb)
  ...ValueSet VancouverKlassifikationPeroperativDHR                                                  (00:00.000 / 01:41.755, 972Mb)
  ...ValueSet VarigRespons                                                                           (00:00.000 / 01:41.755, 972Mb)
  ...ValueSet VarighedDKR                                                                            (00:00.000 / 01:41.756, 972Mb)
  ...ValueSet VarighedPostOPTrombDKR                                                                 (00:00.000 / 01:41.756, 972Mb)
  ...ValueSet VarighedPostOPTrombDKR1                                                                (00:00.000 / 01:41.757, 972Mb)
  ...ValueSet VarighedPostOPTrombDKR2                                                                (00:00.000 / 01:41.758, 972Mb)
  ...ValueSet VarighedPostOPTrombDKR3                                                                (00:00.000 / 01:41.758, 972Mb)
  ...ValueSet VarighedPostOPTrombDKRNOAK                                                             (00:00.000 / 01:41.759, 972Mb)
  ...ValueSet VarighedPostOPTrombDKRVitKanta                                                         (00:00.000 / 01:41.759, 972Mb)
  ...ValueSet VasospasmerPaavisning                                                                  (00:00.000 / 01:41.760, 972Mb)
  ...ValueSet VasospasmerTiltag                                                                      (00:00.000 / 01:41.761, 972Mb)
  ...ValueSet VentralHernieCicatriceTypeDHDB                                                         (00:00.000 / 01:41.761, 972Mb)
  ...ValueSet VentralHernieTypeDHDB                                                                  (00:00.000 / 01:41.762, 972Mb)
  ...ValueSet VentralHernieTypeDHDB2026                                                              (00:00.000 / 01:41.762, 972Mb)
  ...ValueSet WFNSGradering                                                                          (00:00.000 / 01:41.763, 972Mb)
  ...ValueSet WHOPerformanceStatus04                                                                 (00:00.000 / 01:41.763, 972Mb)
  ...ValueSet WOOSArmloeftDSR                                                                        (00:00.000 / 01:41.764, 972Mb)
  ...ValueSet WOOSHaenderDSR                                                                         (00:00.000 / 01:41.764, 972Mb)
  ...ValueSet WOOSTraeningDSR                                                                        (00:00.000 / 01:41.765, 972Mb)
  ...ValueSet WalchKlassifikationDSR                                                                 (00:00.000 / 01:41.766, 972Mb)
  ...ValueSet locationExtranodalFemale-V2                                                            (00:00.000 / 01:41.766, 972Mb)
  ...ValueSet locationExtranodalMale-V2                                                              (00:00.000 / 01:41.767, 972Mb)
  ...ValueSet locationNodal-V2                                                                       (00:00.000 / 01:41.767, 972Mb)
finish previous version comparison                                                                   (00:00.000 / 01:41.768, 972Mb)
finish ipa version                                                                                   (00:00.000 / 01:41.769, 972Mb)
finish ips version                                                                                   (00:00.000 / 01:41.769, 972Mb)
comparisons done                                                                                     (00:00.000 / 01:41.770, 972Mb)
Checking for Bundles to sign                                                                         (00:00.038 / 01:41.809, 981Mb)
Validating Resources                                                                                 (00:00.001 / 01:41.810, 981Mb)
Processing Provenance Records                                                                        (00:00.185 / 01:41.995, 1Gb)
Generating Outputs in /tmp/ig-builds/dk.kip.rkkp.fhir.ig.core#2.23.5-milestone/output                (00:00.001 / 01:41.997, 1Gb)
Generate Native Outputs                                                                              (00:00.321 / 01:42.318, 1Gb)
Run Template                                                                                         (00:22.598 / 02:04.916, 834Mb)
Generate HTML Outputs                                                                                (00:01.966 / 02:06.883, 1Gb)
Generate Spreadsheets                                                                                (00:13.487 / 02:20.371, 1Gb)
Generate Summaries                                                                                   (00:00.552 / 02:20.923, 2Gb)
Generating Summary Outputs                                                                           (00:00.001 / 02:20.924, 2Gb)
Table of contents has a section with more than 222 entries.  Collapsing will not work reliably
DB Cumulative Time invested: 00:00:01.401
Sending Usage Stats to Server                                                                        (00:03.259 / 02:24.183, 2Gb)
## Memory (MB): Use = 2319, Free = 100, Total = 2420, Max = 3998                                     (00:00.001 / 02:24.184, 2Gb)
Reclaiming memory...                                                                                 (00:00.001 / 02:24.185, 2Gb)
Generating combined package                                                                          (00:00.623 / 02:24.809, 803Mb)
Error generating combined package: /tmp/ig-builds/dk.kip.rkkp.fhir.ig.core#2.23.5-milestone/output/package.tgz (No such file or directory) (00:00.001 / 02:24.810, 803Mb)
## Memory (MB): Use = 763, Free = 1656, Total = 2420, Max = 3998                                     (00:00.438 / 02:25.249, 764Mb)
Run jekyll: jekyll build --destination "/tmp/ig-builds/dk.kip.rkkp.fhir.ig.core#2.23.5-milestone/output" (in folder /tmp/ig-builds/dk.kip.rkkp.fhir.ig.core#2.23.5-milestone/temp/pages) (00:00.002 / 02:25.251, 765Mb)
Troubleshooting Note: usual cases for Jekyll to fail are:                                            (00:00.001 / 02:25.252, 765Mb)
* A failure to produce a fragment that is already logged in the output above                         (00:00.000 / 02:25.253, 765Mb)
* A reference to a manually edited file that hasn't been provided                                    (00:00.000 / 02:25.254, 765Mb)
Jekyll: Source: /tmp/ig-builds/dk.kip.rkkp.fhir.ig.core#2.23.5-milestone/temp/pages                  (00:00.430 / 02:25.685, 767Mb)
Jekyll: Generating...                                                                                (00:00.001 / 02:25.686, 767Mb)
Jekyll: done in 17.633 seconds.                                                                      (00:17.632 / 02:43.318, 768Mb)
[39m
[0;39m[39mInstalling dk.kip.rkkp.fhir.ig.core#2.23.5
[0;39m[39m loaded @ /root/.fhir/packages/dk.kip.rkkp.fhir.ig.core#2.23.5
[0;39mChecking Output HTML                                                                                 (00:04.673 / 02:47.991, 826Mb)
Processed /tmp/ig-builds/dk.kip.rkkp.fhir.ig.core#2.23.5-milestone/output - % reduction = 98 (148823056 ==> 4414603)
found 11855 files                                                                                    (00:04.096 / 02:52.088, 843Mb)
........................................
........................................
  ... 11855 html files, 0 pages invalid xhtml (0%)                                                   (00:33.111 / 03:25.200, 1Gb)
  ... 463090 links, 11 broken links (0%)                                                             (00:00.001 / 03:25.201, 1Gb)
Generate fragment-usage-analysis.csv                                                                 (00:00.001 / 03:25.202, 1Gb)
Build final .zip                                                                                     (00:00.011 / 03:25.214, 1Gb)
Final .zip built                                                                                     (00:06.537 / 03:31.751, 895Mb)
Built. Times: loading: 00:17.964, generate: 02:34.756, narrative generation: 00:01.370, realm-rules: 00:00.001, previous-version: 00:00.601, jekyll: 00:18.125, validation: 00:23.977 (#1024), template: 00:01.963 (#3) (00:18.607 / 03:50.359, 1Gb)
Generating QA                                                                                        (00:00.001 / 03:50.361, 1Gb)
Validation output in /tmp/ig-builds/dk.kip.rkkp.fhir.ig.core#2.23.5-milestone/output/qa.html
Errors: 27, Warnings: 1505, Info: 3524, Broken Links: 11 (00:01.690 / 03:52.051, 2Gb)
Finished @ 7/29/26, 8:04 AM. Max Memory Used = 2Gb. Log file saved in /tmp/fhir-ig-publisher-tmp.log (00:00.118 / 03:52.170, 2Gb)
Keep a copy of the build directory at /tmp/web-root/run-20260729/ig-build-zips/dk.kip.rkkp.fhir.ig.core#2.23.5.zip

ok. All checks passed. Publish v2.23.5 to /tmp/web-root/run-20260729/fhir/2.23.5
Copy the IG to /tmp/web-root/run-20260729/fhir/2.23.5
Update /tmp/web-root/run-20260729/fhir/package-list.json
Publish Box Statement: This page is part of the KIP Infrastructure (v2.23.5: Release) based on <a data-no-external="true" href="http://hl7.org/fhir/R4">FHIR (HL7® FHIR® Standard) R4</a>. This is the current published version in its permanent home (it will always be available at this URL).  For a full list of available versions, see the <a data-no-external="true" href="https://kip.rkkp.dk/fhir/history.html">Directory of published versions</a>
  .. 6168 files checked, 6168 updated
  .. 1024 redirections (1024 created/updated)
This is a milestone release - publish v2.23.5 to /tmp/web-root/run-20260729/fhir
Publish Box Statement: This page is part of the KIP Infrastructure (v2.23.5: Release) based on <a data-no-external="true" href="http://hl7.org/fhir/R4">FHIR (HL7® FHIR® Standard) R4</a>. This is the current published version.  For a full list of available versions, see the <a data-no-external="true" href="https://kip.rkkp.dk/fhir/history.html">Directory of published versions</a>
  .. 6168 files checked, 6168 updated
  .. 1024 redirections (1024 created/updated)
Check for Files to delete
  ... 0 files
Copy to new IG /tmp/web-root/run-20260729/fhir
Error in package-list.json:path to build.fhir.org should not use https://
dk.kip.rkkp.fhir.ig.core (https://kip.rkkp.dk/fhir): KIP Infrastructure @ http://build.fhir.org/ig/kip-infrastructure/implementation-guide
  edition: Releases 2.23.5/4.0.1 @ https://kip.rkkp.dk/fhir/2.23.5
Build is complete. Copy from /tmp/web-root/run-20260729
Update history page at /tmp/web-root/run-20260729/fhir from /__w/implementation-guide/implementation-guide/history and web/templates
