Source File	Size	loadResources	load	generateSnapshots	load-configure	scan	loadDepInfo	loadInfo	checkR4R4B	generateNarratives	validate	loadLists	checkConformanceResources	checkConformanceResources2	checkConformanceResources3	generateLogicalMaps	validateExpressions	scanForUsageStats	checkURLsUnique	processProvenanceDetails	generate1	generate2	generateLogicals	makeDependencies	generateExampleZip	generateValidationPack	scanProfilesForR5	scanExamplesForR5
/fsh-generated/resources/ImplementationGuide-dk.kip.rkkp.fhir.ig.core.json	263177	-	0	0	0	0	0	0	20	152	0	0	0	0	0	0	0	3	0	0	386	837	0	0	0	53	0	9
fsh-generated/resources/CodeSystem-ACTherapyNotGiven.json	3014	3	0	0	1	0	0	0	0	8	0	0	0	0	0	0	0	0	0	0	22	52	0	0	0	1	0	0
fsh-generated/resources/CodeSystem-AKBehandling.json	2508	0	0	0	0	0	0	0	0	3	0	0	0	0	0	0	0	0	0	0	67	31	0	0	0	0	0	0
fsh-generated/resources/CodeSystem-ASAClassification.json	2614	1	0	0	0	0	0	0	0	2	0	0	0	0	0	0	0	0	0	0	196	26	0	0	0	1	0	0
fsh-generated/resources/CodeSystem-ATC.json	15701	1	0	0	0	0	0	0	1	11	0	0	0	0	0	0	0	0	0	0	67	58	0	0	0	1	0	1
fsh-generated/resources/CodeSystem-ATCMixedCodes.json	2536	1	0	0	1	0	0	0	0	2	0	0	0	0	0	0	0	0	0	0	65	22	0	0	0	1	0	0
fsh-generated/resources/CodeSystem-ActilyseNotGiven.json	2209	1	0	0	0	0	0	0	0	2	0	0	0	0	0	0	0	0	0	0	17	21	0	0	0	1	0	0
fsh-generated/resources/CodeSystem-ActivityType.json	3371	0	0	0	0	0	0	0	0	3	0	0	0	0	0	0	0	1	0	0	11	24	0	0	0	0	0	0
fsh-generated/resources/CodeSystem-AktuelSygdomsforlob.json	1922	1	0	0	0	0	0	0	0	1	0	0	0	0	0	0	0	0	0	0	11	18	0	0	0	1	0	0
fsh-generated/resources/CodeSystem-Alchohol.json	2454	0	0	0	0	0	0	0	0	2	0	0	0	0	0	0	0	0	0	0	170	21	0	0	0	0	0	0
fsh-generated/resources/CodeSystem-AlchoholDrugs.json	2362	0	0	0	0	0	0	0	0	2	0	0	0	0	0	0	0	0	0	0	10	22	0	0	0	0	0	0
fsh-generated/resources/CodeSystem-AlloplastyTypes.json	4692	1	0	0	0	0	0	0	1	3	0	0	0	0	0	0	0	0	0	0	204	21	0	0	0	1	0	0
fsh-generated/resources/CodeSystem-AnasthesiaService.json	4782	0	0	0	0	0	0	0	0	3	0	0	0	0	0	0	0	0	0	0	116	20	0	0	0	0	0	0
fsh-generated/resources/CodeSystem-AnasthesiaTypeGen.json	1961	0	0	0	0	0	0	0	0	2	0	0	0	0	0	0	0	0	0	0	8	15	0	0	0	1	0	0
fsh-generated/resources/CodeSystem-AnastomosisLeak.json	1935	1	0	0	0	0	0	0	0	1	0	0	0	0	0	0	0	0	0	0	6	17	0	0	0	0	0	0
fsh-generated/resources/CodeSystem-AnastomosisLeakConsequence.json	3076	0	0	0	0	0	0	0	0	2	0	0	0	0	0	0	0	0	0	0	7	16	0	0	0	0	0	0
fsh-generated/resources/CodeSystem-AnastomosisLeakGrading.json	2160	0	0	0	0	0	0	0	0	1	0	0	0	0	0	0	0	0	0	0	7	15	0	0	0	1	0	0
fsh-generated/resources/CodeSystem-AnastomosisType.json	2819	1	0	0	0	0	0	0	0	2	0	0	0	0	0	0	0	0	0	0	7	15	0	0	0	0	0	0
fsh-generated/resources/CodeSystem-AnatomicalLocations.json	6356	0	0	0	0	0	0	0	0	4	0	0	0	0	0	0	0	0	0	0	14	20	0	0	0	1	0	0
fsh-generated/resources/CodeSystem-AneurysmClosure.json	1837	0	0	0	0	0	0	0	0	1	0	0	0	0	0	0	0	0	0	0	86	13	0	0	0	0	0	0
fsh-generated/resources/CodeSystem-AneurysmSizeScale.json	2045	0	0	0	0	0	0	0	1	1	0	0	0	0	0	0	0	0	0	0	16	14	0	0	0	0	0	0
fsh-generated/resources/CodeSystem-AnnArborStagingClassification.json	2748	1	0	0	0	0	0	0	0	5	0	0	0	0	0	0	0	0	0	0	41	15	0	0	0	1	0	0
fsh-generated/resources/CodeSystem-ArtrosePlacering.json	2272	0	0	0	0	0	0	0	0	1	0	0	0	0	0	0	0	0	0	0	373	14	0	0	0	0	0	0
fsh-generated/resources/CodeSystem-AssessmentType.json	3187	1	0	0	0	0	0	0	0	2	0	0	0	0	0	0	0	0	0	0	28	12	0	0	0	0	0	1
fsh-generated/resources/CodeSystem-AssistDevices.json	1807	0	0	0	0	0	0	0	0	2	0	0	0	0	0	0	0	0	0	0	10	11	0	0	0	1	0	0
fsh-generated/resources/CodeSystem-BANFF.json	2334	0	0	0	0	0	0	0	0	1	0	0	0	0	0	0	0	0	0	0	21	13	0	0	0	0	0	0
fsh-generated/resources/CodeSystem-BasicDisorder.json	6318	1	0	0	0	0	0	0	0	7	0	0	0	0	0	0	0	0	0	0	12	15	0	0	0	1	0	0
fsh-generated/resources/CodeSystem-BehandlingAfbrudt.json	2947	0	0	0	1	0	0	0	0	1	0	0	0	0	0	0	0	0	0	0	15	13	0	0	0	1	0	0
fsh-generated/resources/CodeSystem-BinetStagingSystem.json	2440	0	0	0	0	0	0	0	0	2	0	0	0	0	0	0	0	0	0	0	108	13	0	0	0	1	0	0
fsh-generated/resources/CodeSystem-BiobankSamples.json	3171	1	0	0	0	0	0	0	0	2	0	0	0	0	0	0	0	0	0	0	10	13	0	0	0	0	0	0
fsh-generated/resources/CodeSystem-Birthplace.json	2883	0	0	0	0	0	0	0	1	2	0	0	0	0	0	0	0	0	0	0	12	41	0	0	0	0	0	0
fsh-generated/resources/CodeSystem-BleedingStroke.json	3592	0	0	0	0	0	0	0	0	2	0	0	0	0	0	0	0	0	0	0	8	19	0	0	0	1	0	0
fsh-generated/resources/CodeSystem-BlockTypes.json	7004	1	0	0	0	0	0	0	0	3	0	0	0	0	0	0	0	0	0	0	45	20	0	0	0	1	0	1
fsh-generated/resources/CodeSystem-BloodThinnersTreatment.json	1976	1	0	0	0	0	0	0	0	2	0	0	0	0	0	0	0	0	0	0	32	12	0	0	0	0	0	0
fsh-generated/resources/CodeSystem-BoneLossAcetabulumFemurClassification.json	4127	0	0	0	0	0	0	0	0	2	0	0	0	0	0	0	0	0	0	0	12	14	0	0	0	0	0	0
fsh-generated/resources/CodeSystem-BulkingMaterialeDUGA.json	1988	0	0	0	0	0	0	0	0	1	0	0	0	0	0	0	0	0	0	0	96	12	0	0	0	1	0	0
fsh-generated/resources/CodeSystem-CALRGeneType.json	1817	1	0	0	0	0	0	0	0	1	0	0	0	0	0	0	0	0	0	0	48	13	0	0	0	0	0	0
fsh-generated/resources/CodeSystem-CalciumType.json	1878	0	0	0	0	0	0	0	1	1	0	0	0	0	0	0	0	0	0	0	22	10	0	0	0	0	0	0
fsh-generated/resources/CodeSystem-CancerInvestigation.json	2628	0	0	0	0	0	0	0	0	5	0	0	0	0	0	0	0	1	0	0	59	12	0	0	0	1	0	0
fsh-generated/resources/CodeSystem-CauseOfDeath.json	3687	1	0	0	0	0	0	0	0	1	0	0	0	0	0	0	0	0	0	0	83	11	0	0	0	0	0	0
fsh-generated/resources/CodeSystem-CementType.json	4112	0	0	0	0	0	0	0	0	2	0	0	0	0	0	0	0	0	0	0	99	12	0	0	0	0	0	0
fsh-generated/resources/CodeSystem-CentralBlock.json	2192	0	0	0	0	0	0	0	0	3	0	0	0	0	0	0	0	0	0	0	8	10	0	0	0	1	0	0
fsh-generated/resources/CodeSystem-ChemotherapyRegimen.json	7393	1	0	0	1	0	0	0	0	55	0	0	1	0	0	0	0	0	0	0	15	18	0	0	0	0	0	0
fsh-generated/resources/CodeSystem-ChromosomPair.json	1944	0	0	0	0	0	0	0	0	6	0	0	0	0	0	0	0	0	0	0	6	13	0	0	0	1	0	0
fsh-generated/resources/CodeSystem-ClinicalProtocolCodes.json	2290	1	0	0	0	0	0	0	1	4	0	0	0	0	0	0	0	0	0	0	7	10	0	0	0	0	0	0
fsh-generated/resources/CodeSystem-ClinicalProtocolNotParticipated.json	2201	0	0	0	0	0	0	0	0	5	0	0	0	0	0	0	0	0	0	0	12	9	0	0	0	0	0	0
fsh-generated/resources/CodeSystem-CognitiveFunctionFinding.json	2632	0	0	0	0	0	0	0	0	2	0	0	0	0	0	0	0	0	0	0	334	11	0	0	0	1	0	0
fsh-generated/resources/CodeSystem-CognitiveTest.json	2760	1	0	0	0	0	0	0	0	2	0	0	0	0	0	0	0	0	0	0	26	12	0	0	0	0	0	0
fsh-generated/resources/CodeSystem-Competence.json	3132	0	0	0	0	0	0	0	0	4	0	0	0	0	0	0	0	0	0	0	13	12	0	0	0	0	0	0
fsh-generated/resources/CodeSystem-Complications.json	13306	1	0	0	0	0	0	0	0	12	0	0	0	0	0	0	0	0	0	0	50	21	0	0	0	2	0	0
fsh-generated/resources/CodeSystem-ConferenceParticipants.json	1908	1	0	0	0	0	0	0	0	1	0	0	0	0	0	0	0	0	0	0	8	10	0	0	0	0	0	0
fsh-generated/resources/CodeSystem-ContactPatient.json	2391	0	0	0	0	0	0	0	0	3	0	0	0	0	0	0	0	0	0	0	8	11	0	0	0	1	0	0
fsh-generated/resources/CodeSystem-ContactPlace.json	2395	0	0	0	0	0	0	0	1	2	0	0	0	0	0	0	0	0	0	0	16	10	0	0	0	0	0	0
fsh-generated/resources/CodeSystem-ContaminationDegree.json	2159	1	0	0	0	0	0	0	0	3	0	0	0	0	0	0	0	0	0	0	351	9	0	0	0	0	0	0
fsh-generated/resources/CodeSystem-CoronaryArteryGraph.json	2219	0	0	0	0	0	0	0	0	6	0	0	0	0	0	0	0	0	0	0	8	10	0	0	0	1	0	0
fsh-generated/resources/CodeSystem-Cyclus.json	2692	0	0	0	0	0	0	0	0	2	0	0	0	0	0	0	0	0	0	0	11	12	0	0	0	0	0	0
fsh-generated/resources/CodeSystem-CytogeneticChanges.json	2091	1	0	0	0	0	0	0	0	2	0	0	0	0	0	0	0	0	0	0	17	9	0	0	0	0	0	0
fsh-generated/resources/CodeSystem-CytogeneticExamination.json	2171	0	0	0	0	0	0	0	0	1	0	0	0	0	0	0	0	0	0	0	6	9	0	0	0	1	0	0
fsh-generated/resources/CodeSystem-DHDeksklusionskriterie.json	3334	0	0	0	0	0	0	0	0	3	0	0	0	0	0	0	0	0	0	0	8	11	0	0	0	0	0	0
fsh-generated/resources/CodeSystem-DSAFindingsLocation.json	5253	1	0	0	0	0	0	0	0	6	0	0	0	0	0	0	0	0	0	0	14	14	0	0	0	0	0	0
fsh-generated/resources/CodeSystem-DatabasesKIP.json	1892	0	0	0	0	0	0	0	0	1	0	0	0	0	0	0	0	0	0	0	286	11	0	0	0	1	0	0
fsh-generated/resources/CodeSystem-DeathPlace.json	2242	1	0	0	0	0	0	0	0	2	0	0	0	0	0	0	0	0	0	0	19	10	0	0	0	0	0	0
fsh-generated/resources/CodeSystem-DefibrilleringAnalyse.json	2220	0	0	0	0	0	0	0	1	1	0	0	0	0	0	0	0	0	0	0	114	10	0	0	0	0	0	0
fsh-generated/resources/CodeSystem-DetectionMethods.json	2314	0	0	0	0	0	0	0	0	3	0	0	0	0	0	0	0	0	0	0	234	13	0	0	0	1	0	0
fsh-generated/resources/CodeSystem-Dialyseadgang.json	2020	0	0	0	0	0	0	0	0	1	0	0	0	0	0	0	0	0	0	0	9	11	0	0	0	0	0	0
fsh-generated/resources/CodeSystem-DiseaseLocalization.json	2402	1	0	0	0	0	0	0	0	1	0	0	0	0	0	0	0	0	0	0	7	8	0	0	0	0	0	0
fsh-generated/resources/CodeSystem-DiseasePhase.json	2061	0	0	0	0	0	0	0	0	2	0	0	0	0	0	0	0	0	0	0	43	10	0	0	0	1	0	0
fsh-generated/resources/CodeSystem-DiseasesUnspecified.json	23399	0	0	0	0	0	0	0	1	13	0	0	0	0	0	0	0	1	0	0	182	49	0	0	0	2	0	1
fsh-generated/resources/CodeSystem-Dosis.json	1781	1	0	0	0	0	0	0	0	1	0	0	0	0	0	0	0	0	0	0	198	11	0	0	0	1	0	0
fsh-generated/resources/CodeSystem-EDTACodes.json	5246	0	0	0	0	0	0	0	0	3	0	0	0	0	0	0	0	0	0	0	12	12	0	0	0	0	0	0
fsh-generated/resources/CodeSystem-EHSIncisionalHerniaClassification.json	3456	0	0	0	0	0	0	0	0	3	0	0	0	0	0	0	0	0	0	0	112	12	0	0	0	1	0	0
fsh-generated/resources/CodeSystem-EHSIncisionalHerniaClassificationType.json	2174	0	0	0	1	0	0	0	0	2	0	0	0	0	0	0	0	0	0	0	13	9	0	0	0	0	0	0
fsh-generated/resources/CodeSystem-EORTCQLQC1514.json	2129	0	0	0	0	0	0	0	0	9	0	0	0	0	0	0	0	0	0	0	7	11	0	0	0	0	0	0
fsh-generated/resources/CodeSystem-EORTCQLQC1517.json	2517	1	0	0	0	0	0	0	0	6	0	0	0	0	0	0	0	0	0	0	9	11	0	0	0	1	0	0
fsh-generated/resources/CodeSystem-EconomicSupport.json	2131	0	0	0	0	0	0	0	0	2	0	0	0	0	0	0	0	0	0	0	7	10	0	0	0	0	0	0
fsh-generated/resources/CodeSystem-EdemaStroke.json	1923	0	0	0	0	0	0	0	0	1	0	0	0	0	0	0	0	0	0	0	7	9	0	0	0	0	0	0
fsh-generated/resources/CodeSystem-EducationType.json	1839	0	0	0	0	0	0	0	0	1	0	0	0	0	0	0	0	0	0	0	7	10	0	0	0	1	0	0
fsh-generated/resources/CodeSystem-EndoscopicAppearance.json	1998	0	0	0	0	0	0	0	0	1	0	0	0	0	0	0	0	0	0	0	7	9	0	0	0	0	0	0
fsh-generated/resources/CodeSystem-EsophagealLokalization.json	2016	0	0	0	0	0	0	0	0	1	0	0	0	0	0	0	0	0	0	0	6	8	0	0	0	0	0	0
fsh-generated/resources/CodeSystem-FISHVariables.json	3434	1	0	0	0	0	0	0	1	2	0	0	0	0	0	0	0	0	0	0	76	11	0	0	0	1	0	0
fsh-generated/resources/CodeSystem-Faggruppe.json	1816	0	0	0	0	0	0	0	0	2	0	0	0	0	0	0	0	0	0	0	75	8	0	0	0	0	0	0
fsh-generated/resources/CodeSystem-FisherGradingScale.json	2318	0	0	0	0	0	0	0	0	1	0	0	0	0	0	0	0	0	0	0	378	8	0	0	0	0	0	0
fsh-generated/resources/CodeSystem-FixationCruciateLigaments.json	12004	1	0	0	0	0	0	0	0	9	0	0	0	0	0	0	0	0	0	0	44	18	0	0	0	1	0	0
fsh-generated/resources/CodeSystem-FollowUp.json	2120	0	0	0	0	0	0	0	0	4	0	0	0	0	0	0	0	0	0	0	8	9	0	0	0	1	0	0
fsh-generated/resources/CodeSystem-Frekvens.json	4856	1	0	0	0	0	0	0	0	4	0	0	0	0	0	0	0	0	0	0	9	11	0	0	0	0	0	0
fsh-generated/resources/CodeSystem-FunctionGroupAlloplasty.json	2526	0	0	0	0	0	0	0	0	2	0	0	0	0	0	0	0	0	0	0	7	11	0	0	0	1	0	0
fsh-generated/resources/CodeSystem-FunctionTest.json	1915	1	0	0	1	0	0	0	0	2	0	0	0	0	0	0	0	0	0	0	6	9	0	0	0	0	0	0
fsh-generated/resources/CodeSystem-FunctionalScoreTypes.json	1939	0	0	0	0	0	0	0	0	1	0	0	0	0	0	0	0	0	0	0	6	7	0	0	0	0	0	0
fsh-generated/resources/CodeSystem-GenericValues.json	9675	1	0	0	0	0	0	0	1	4	0	0	0	0	0	0	0	0	0	0	16	15	0	0	0	1	0	0
fsh-generated/resources/CodeSystem-GenoplivStoppet.json	2049	0	0	0	0	0	0	0	0	1	0	0	0	0	0	0	0	0	0	0	6	9	0	0	0	0	0	0
fsh-generated/resources/CodeSystem-Genoplivning.json	2076	0	0	0	0	0	0	0	0	2	0	0	0	0	0	0	0	0	0	0	6	8	0	0	0	1	0	0
fsh-generated/resources/CodeSystem-GraftCruciateLigaments.json	3506	1	0	0	0	0	0	0	0	2	0	0	0	0	0	0	0	0	0	0	9	11	0	0	0	0	0	0
fsh-generated/resources/CodeSystem-GynUndersoegDUGA.json	1933	0	0	0	0	0	0	0	0	1	0	0	0	0	0	0	0	1	0	0	35	10	0	0	0	0	0	0
fsh-generated/resources/CodeSystem-HaandProblemer.json	4486	1	0	0	0	0	0	0	0	4	0	0	0	0	0	0	0	0	0	0	11	10	0	0	0	1	0	0
fsh-generated/resources/CodeSystem-HaemoglobinTransf4.json	2114	0	0	0	0	0	0	0	0	3	0	0	0	0	0	0	0	0	0	0	335	8	0	0	0	0	0	0
fsh-generated/resources/CodeSystem-HaendelseIndtraeffer.json	2479	0	0	0	0	0	0	0	0	2	0	0	0	0	0	0	0	0	0	0	10	10	0	0	0	0	0	0
fsh-generated/resources/CodeSystem-HarrisHipScoreDistanceWalked.json	2400	1	0	0	0	0	0	0	0	1	0	0	0	0	0	0	0	0	0	0	116	11	0	0	0	0	0	0
fsh-generated/resources/CodeSystem-HarrisHipScoreLimp.json	2122	0	0	0	0	0	0	0	1	3	0	0	0	0	0	0	0	0	0	0	350	9	0	0	0	1	0	0
fsh-generated/resources/CodeSystem-HarrisHipScorePain.json	3094	0	0	0	0	0	0	0	0	2	0	0	0	0	0	0	0	0	0	0	9	9	0	0	0	0	0	0
fsh-generated/resources/CodeSystem-HarrisHipScorePublicTransportation.json	2140	0	0	0	0	0	0	0	0	2	0	0	0	0	0	0	0	0	0	0	7	7	0	0	0	0	0	0
fsh-generated/resources/CodeSystem-HarrisHipScoreShoesSocks.json	2139	1	0	0	0	0	0	0	0	1	0	0	0	0	0	0	0	0	0	0	6	8	0	0	0	1	0	0
fsh-generated/resources/CodeSystem-HarrisHipScoreSitting.json	2223	0	0	0	0	0	0	0	0	2	0	0	0	0	0	0	0	0	0	0	12	7	0	0	0	0	0	0
fsh-generated/resources/CodeSystem-HarrisHipScoreStairs.json	2258	0	0	0	0	0	0	0	0	3	0	0	0	0	0	0	0	0	0	0	221	9	0	0	0	0	0	0
fsh-generated/resources/CodeSystem-HarrisHipScoreSupport.json	2541	1	0	0	1	0	0	0	0	1	0	0	0	0	0	0	0	0	0	0	11	8	0	0	0	0	0	0
fsh-generated/resources/CodeSystem-HeartRhythm.json	1801	0	0	0	0	0	0	0	0	3	0	0	0	0	0	0	0	0	0	0	6	7	0	0	0	1	0	0
fsh-generated/resources/CodeSystem-HerniaSize.json	2036	0	0	0	0	0	0	0	0	3	0	0	0	0	0	0	0	0	0	0	8	8	0	0	0	0	0	0
fsh-generated/resources/CodeSystem-HipJointArthroplastyComponent.json	15911	1	0	0	0	0	0	0	1	13	0	0	0	0	0	0	0	0	0	0	411	18	0	0	0	2	0	0
fsh-generated/resources/CodeSystem-HjerterytmeAnalyse.json	1986	0	0	0	0	0	0	0	0	1	0	0	0	0	0	0	0	0	0	0	15	8	0	0	0	0	0	0
fsh-generated/resources/CodeSystem-HjertestopAarsag.json	1856	1	0	0	0	0	0	0	0	1	0	0	0	0	0	0	0	0	0	0	23	8	0	0	0	0	0	0
fsh-generated/resources/CodeSystem-HousingType.json	2375	0	0	0	0	0	0	0	0	2	0	0	0	0	0	0	0	0	0	0	43	8	0	0	0	0	0	0
fsh-generated/resources/CodeSystem-HuntHessClassification.json	2538	0	0	0	0	0	0	0	0	1	0	0	0	0	0	0	0	0	0	0	7	7	0	0	0	1	0	0
fsh-generated/resources/CodeSystem-ICHAction.json	1912	0	0	0	0	0	0	0	0	1	0	0	0	0	0	0	0	0	0	0	7	7	0	0	0	0	0	0
fsh-generated/resources/CodeSystem-ICRSGradingSystem.json	3718	1	0	0	0	0	0	0	0	1	0	0	0	0	0	0	0	0	0	0	11	9	0	0	0	0	0	0
fsh-generated/resources/CodeSystem-IPSSRCytogeneticCategory.json	2745	0	0	0	0	0	0	0	0	1	0	0	0	0	0	0	0	0	0	0	230	8	0	0	0	1	0	0
fsh-generated/resources/CodeSystem-IkkeBesvaret.json	1985	0	0	0	0	0	0	0	0	2	0	0	0	0	0	0	0	0	0	0	8	7	0	0	0	0	0	0
fsh-generated/resources/CodeSystem-ImplantComponents.json	11690	1	0	0	0	0	0	0	1	6	0	0	0	0	0	1	0	0	0	0	76	15	0	0	0	1	0	0
fsh-generated/resources/CodeSystem-ImplantattypeDUGA.json	2426	0	0	0	0	0	0	0	0	1	0	0	0	0	0	0	0	0	0	0	10	26	0	0	0	0	0	0
fsh-generated/resources/CodeSystem-IncisionChoice.json	4637	0	0	0	0	0	0	0	0	2	0	0	0	0	0	0	0	0	0	0	10	17	0	0	0	1	0	0
fsh-generated/resources/CodeSystem-Intervals.json	3643	1	0	0	0	0	0	0	0	2	0	0	0	0	0	0	0	0	0	0	12	13	0	0	0	0	0	0
fsh-generated/resources/CodeSystem-IntervalsExact.json	5953	0	0	0	0	0	0	0	0	2	0	0	0	0	0	0	0	1	0	0	345	17	0	0	0	1	0	0
fsh-generated/resources/CodeSystem-Interventionsforloeb.json	1988	0	0	0	0	0	0	0	0	2	0	0	0	0	0	0	0	0	0	0	50	10	0	0	0	0	0	0
fsh-generated/resources/CodeSystem-Interventionsgruppe.json	2891	1	0	0	0	0	0	0	0	1	0	0	0	0	0	0	0	0	0	0	8	11	0	0	0	0	0	0
fsh-generated/resources/CodeSystem-Intubation.json	2641	0	0	0	0	0	0	0	1	1	0	0	0	0	0	0	0	0	0	0	8	10	0	0	0	1	0	0
fsh-generated/resources/CodeSystem-IntubationRelaks.json	1873	1	0	0	0	0	0	0	0	1	0	0	0	0	0	0	0	0	0	0	7	9	0	0	0	0	0	0
fsh-generated/resources/CodeSystem-KellgrenLawrenceKlassifikation.json	2323	0	0	0	0	0	0	0	0	2	0	0	0	0	0	0	0	0	0	0	8	10	0	0	0	1	0	0
fsh-generated/resources/CodeSystem-KliniskeSymptomerDCCG.json	2427	1	0	0	0	0	0	0	0	4	0	0	0	0	0	0	0	0	0	0	7	10	0	0	0	0	0	0
fsh-generated/resources/CodeSystem-KneeJointArthroplastyComponent.json	32074	1	0	0	1	0	0	0	1	20	0	0	0	0	0	0	0	0	0	0	341	40	0	0	0	4	0	0
fsh-generated/resources/CodeSystem-KneeLoosenessGrading.json	2585	1	0	0	0	0	0	0	0	4	0	0	0	0	0	0	0	0	0	0	64	14	0	0	0	0	0	0
fsh-generated/resources/CodeSystem-KomponentLiner.json	2738	0	0	0	0	0	0	0	0	2	0	0	0	0	0	0	0	0	0	0	222	11	0	0	0	1	0	0
fsh-generated/resources/CodeSystem-KorsbaandEjBevaret.json	1984	0	0	0	0	0	0	0	0	1	0	0	0	0	0	0	0	0	0	0	135	10	0	0	0	1	0	0
fsh-generated/resources/CodeSystem-LaryngoskopiDegree.json	2762	1	0	0	0	0	0	0	0	1	0	0	0	0	0	0	0	0	0	0	9	11	0	0	0	1	0	0
fsh-generated/resources/CodeSystem-LesionType.json	1978	0	0	0	0	0	0	0	0	2	0	0	0	0	0	0	0	0	0	0	621	9	0	0	0	0	0	0
fsh-generated/resources/CodeSystem-LifeStatus.json	1838	1	0	0	0	0	0	0	0	1	0	0	0	0	0	0	0	0	0	0	6	9	0	0	0	0	0	0
fsh-generated/resources/CodeSystem-LiquorDrain.json	3113	0	0	0	0	0	0	0	0	1	0	0	0	0	0	0	0	0	0	0	7	10	0	0	0	0	0	0
fsh-generated/resources/CodeSystem-MComponentType.json	3707	1	0	0	0	0	0	0	0	2	0	0	0	0	0	0	0	0	0	0	8	12	0	0	0	1	0	0
fsh-generated/resources/CodeSystem-MDTNotFollowed.json	2226	0	0	0	0	0	0	0	0	1	0	0	0	0	0	0	0	0	0	0	6	9	0	0	0	0	0	0
fsh-generated/resources/CodeSystem-MTICIClassification.json	3319	0	0	0	0	0	0	0	0	1	0	0	0	0	0	0	0	0	0	0	9	10	0	0	0	0	0	0
fsh-generated/resources/CodeSystem-MaaleEnheder.json	4480	1	0	0	0	0	0	0	0	2	0	0	0	0	0	0	0	0	0	0	12	14	0	0	0	1	0	0
fsh-generated/resources/CodeSystem-Maengde.json	1977	0	0	0	0	0	0	0	1	1	0	0	0	0	0	0	0	0	0	0	7	9	0	0	0	0	0	0
fsh-generated/resources/CodeSystem-MaritalStatus.json	2752	1	0	0	0	0	0	0	0	2	0	0	0	0	0	0	0	0	0	0	7	10	0	0	0	0	0	0
fsh-generated/resources/CodeSystem-MeasurementDevices.json	1881	0	0	0	0	0	0	0	0	1	0	0	0	0	0	0	0	0	0	0	11	10	0	0	0	1	0	0
fsh-generated/resources/CodeSystem-MedicalFixationClosing.json	8540	1	0	0	1	0	0	0	0	3	0	0	0	0	0	0	0	0	0	0	14	16	0	0	0	1	0	1
fsh-generated/resources/CodeSystem-MedicalScanningTypes.json	2756	0	0	0	0	0	0	0	0	1	0	0	0	0	0	0	0	0	0	0	8	10	0	0	0	1	0	0
fsh-generated/resources/CodeSystem-MedicalTreatmentAdministrationType.json	2349	1	0	0	0	0	0	0	0	2	0	0	0	0	0	0	0	0	0	0	6	9	0	0	0	0	0	0
fsh-generated/resources/CodeSystem-MedicalTreatmentDuration.json	2089	0	0	0	0	0	0	0	0	1	0	0	0	0	0	0	0	0	0	0	11	9	0	0	0	0	0	0
fsh-generated/resources/CodeSystem-MedicalTreatmentStartOf.json	2250	1	0	0	0	0	0	0	0	1	0	0	0	0	0	0	0	0	0	0	6	10	0	0	0	0	0	0
fsh-generated/resources/CodeSystem-MedicationName.json	4691	0	0	0	0	0	0	0	0	3	0	0	0	0	0	0	0	0	0	0	11	12	0	0	0	1	0	0
fsh-generated/resources/CodeSystem-MedicinDANARREST.json	1980	1	0	0	0	0	0	0	0	2	0	0	0	0	0	0	0	0	0	0	6	10	0	0	0	0	0	0
fsh-generated/resources/CodeSystem-Medicine.json	2850	0	0	0	0	0	0	0	0	1	0	0	0	0	0	0	0	0	0	0	53	10	0	0	0	0	0	0
fsh-generated/resources/CodeSystem-MentalDeclaration.json	2401	0	0	0	0	0	0	0	1	2	0	0	0	0	0	0	0	0	0	0	14	10	0	0	0	1	0	0
fsh-generated/resources/CodeSystem-MeshPlacement.json	2307	1	0	0	0	0	0	0	0	3	0	0	0	0	0	0	0	0	0	0	7	9	0	0	0	0	0	0
fsh-generated/resources/CodeSystem-MeshTechnique.json	2455	0	0	0	0	0	0	0	0	2	0	0	0	0	0	0	0	0	0	0	7	10	0	0	0	0	0	0
fsh-generated/resources/CodeSystem-MeshType.json	9858	1	0	0	0	0	0	0	0	10	0	0	0	0	0	0	0	1	0	0	260	18	0	0	0	1	0	0
fsh-generated/resources/CodeSystem-MolecularRemission.json	1932	0	0	0	0	0	0	0	0	5	0	0	0	0	0	0	0	0	0	0	85	9	0	0	0	0	0	0
fsh-generated/resources/CodeSystem-MorsDiagnosegrupper.json	2103	1	0	0	0	0	0	0	0	2	0	0	0	0	0	0	0	0	0	0	6	10	0	0	0	1	0	0
fsh-generated/resources/CodeSystem-MorsDiagnosekoder.json	6210	0	0	0	0	0	0	0	1	5	0	0	0	0	0	0	0	0	0	0	14	14	0	0	0	0	0	0
fsh-generated/resources/CodeSystem-MuligVanskeligUmulig.json	1995	1	0	0	0	0	0	0	0	3	0	0	0	0	0	0	0	0	0	0	10	9	0	0	0	0	0	0
fsh-generated/resources/CodeSystem-NIHSS10Dysarthria.json	2434	0	0	0	0	0	0	0	0	2	0	0	0	0	0	0	0	0	0	0	6	9	0	0	0	1	0	0
fsh-generated/resources/CodeSystem-NIHSS11ExtinctionInattention.json	2429	1	0	0	1	0	0	0	0	2	0	0	0	0	0	0	0	0	0	0	7	9	0	0	0	0	0	0
fsh-generated/resources/CodeSystem-NIHSS1aLOC.json	2460	0	0	0	0	0	0	0	0	0	0	0	0	0	0	0	0	0	0	0	6	9	0	0	0	0	0	0
fsh-generated/resources/CodeSystem-NIHSS1bLOC.json	2158	0	0	0	0	0	0	0	0	1	0	0	0	0	0	0	0	0	0	0	6	10	0	0	0	0	0	0
fsh-generated/resources/CodeSystem-NIHSS1cLOC.json	2147	1	0	0	0	0	0	0	0	1	0	0	0	0	0	0	0	0	0	0	6	9	0	0	0	1	0	0
fsh-generated/resources/CodeSystem-NIHSS2Gaze.json	2215	0	0	0	0	0	0	0	0	1	0	0	0	0	0	0	0	0	0	0	6	9	0	0	0	0	0	0
fsh-generated/resources/CodeSystem-NIHSS3Visual.json	2198	0	0	0	0	0	0	0	0	1	0	0	0	0	0	0	0	0	0	0	9	9	0	0	0	0	0	0
fsh-generated/resources/CodeSystem-NIHSS4FacialPalsy.json	2369	1	0	0	0	0	0	0	0	0	0	0	0	0	0	0	0	0	0	0	6	8	0	0	0	1	0	0
fsh-generated/resources/CodeSystem-NIHSS5MotorArm.json	2833	0	0	0	0	0	0	0	0	1	0	0	0	0	0	0	0	0	0	0	7	10	0	0	0	1	0	0
fsh-generated/resources/CodeSystem-NIHSS6MotorLeg.json	2759	0	0	0	0	0	0	0	0	2	0	0	0	0	0	0	0	0	0	0	105	9	0	0	0	1	0	0
fsh-generated/resources/CodeSystem-NIHSS7LimbAtaxia.json	2194	1	0	0	0	0	0	0	0	1	0	0	0	0	0	0	0	0	0	0	7	9	0	0	0	0	0	0
fsh-generated/resources/CodeSystem-NIHSS8Sensory.json	2325	0	0	0	0	0	0	0	0	1	0	0	0	0	0	0	0	0	0	0	7	9	0	0	0	0	0	0
fsh-generated/resources/CodeSystem-NIHSS9Language.json	2901	1	0	0	0	0	0	0	1	2	0	0	0	0	0	0	0	0	0	0	8	8	0	0	0	1	0	0
fsh-generated/resources/CodeSystem-NYHA.json	2670	0	0	0	0	0	0	0	0	1	0	0	0	0	0	0	0	0	0	0	7	10	0	0	0	0	0	0
fsh-generated/resources/CodeSystem-Observationssted.json	3155	1	0	0	1	0	0	0	0	2	0	0	0	0	0	0	0	0	0	0	8	10	0	0	0	0	0	0
fsh-generated/resources/CodeSystem-OncologyTreatmentCurative.json	2281	0	0	0	0	0	0	0	0	1	0	0	0	0	0	0	0	0	0	0	7	9	0	0	0	0	0	0
fsh-generated/resources/CodeSystem-Onkologibehandling.json	1990	0	0	0	0	0	0	0	0	4	0	0	0	0	0	0	0	0	0	0	6	9	0	0	0	1	0	0
fsh-generated/resources/CodeSystem-OperatingRoom.json	1998	1	0	0	0	0	0	0	0	1	0	0	0	0	0	0	0	0	0	0	8	9	0	0	0	0	0	0
fsh-generated/resources/CodeSystem-OperationCanal.json	2081	0	0	0	0	0	0	0	0	2	0	0	0	0	0	0	0	0	0	0	148	9	0	0	0	0	0	0
fsh-generated/resources/CodeSystem-OperationType.json	2342	0	0	0	0	0	0	0	0	4	0	0	0	0	0	0	0	0	0	0	8	10	0	0	0	0	0	0
fsh-generated/resources/CodeSystem-Operationserfaring.json	2294	0	0	0	0	0	0	0	0	1	0	0	0	0	0	0	0	0	0	0	9	9	0	0	0	0	0	0
fsh-generated/resources/CodeSystem-PRDcodes.json	52504	2	0	0	0	0	0	0	1	46	0	0	0	0	0	0	0	0	0	0	161	52	0	0	0	6	0	1
fsh-generated/resources/CodeSystem-PTNMType.json	1766	1	0	0	0	0	0	0	0	7	0	0	0	0	0	0	0	0	0	0	7	10	0	0	0	1	0	0
fsh-generated/resources/CodeSystem-Paragraph.json	10846	1	0	0	0	0	0	0	1	10	0	0	0	0	0	0	0	0	0	0	18	18	0	0	0	1	0	0
fsh-generated/resources/CodeSystem-PatobankSNOMED.json	17005	0	0	0	0	0	0	0	0	11	0	0	0	0	0	0	0	0	0	0	90	26	0	0	0	1	0	0
fsh-generated/resources/CodeSystem-PerformanceStatusScore.json	2831	0	0	0	0	0	0	0	0	1	0	0	0	0	0	0	0	0	0	0	9	10	0	0	0	1	0	0
fsh-generated/resources/CodeSystem-Periods.json	2038	0	0	0	0	0	0	0	0	1	0	0	0	0	0	0	0	1	0	0	7	11	0	0	0	1	0	0
fsh-generated/resources/CodeSystem-PersonFamilyRelation.json	2146	1	0	0	0	0	0	0	0	1	0	0	0	0	0	0	0	0	0	0	19	9	0	0	0	0	0	0
fsh-generated/resources/CodeSystem-PivotShiftGrading.json	2108	0	0	0	0	0	0	0	1	1	0	0	0	0	0	0	0	0	0	0	7	9	0	0	0	0	0	0
fsh-generated/resources/CodeSystem-PreoperativTemplating.json	2113	1	0	0	0	0	1	0	0	2	0	0	0	0	0	0	0	0	0	0	7	9	0	0	0	1	0	0
fsh-generated/resources/CodeSystem-Priority.json	2585	0	0	0	0	0	0	0	0	2	0	0	0	0	0	0	0	0	0	0	7	11	0	0	0	0	0	0
fsh-generated/resources/CodeSystem-ProcedureDuration.json	2356	1	0	0	1	0	0	0	0	2	0	0	0	0	0	0	0	0	0	0	7	9	0	0	0	0	0	0
fsh-generated/resources/CodeSystem-ProcedureNotCompleted.json	3088	0	0	0	0	0	0	0	0	1	0	0	0	0	0	0	0	0	0	0	10	11	0	0	0	1	0	0
fsh-generated/resources/CodeSystem-ProcedureReasons.json	2212	0	0	0	0	0	0	0	0	2	0	0	0	0	0	0	0	0	0	0	8	9	0	0	0	0	0	0
fsh-generated/resources/CodeSystem-ProcedureType.json	14671	1	0	0	0	0	0	0	0	5	0	0	0	0	0	0	0	0	0	0	64	22	0	0	0	1	0	0
fsh-generated/resources/CodeSystem-ProcedureUrogyn.json	14538	1	0	0	0	0	0	0	1	5	0	0	0	0	0	0	0	0	0	0	34	35	0	0	0	1	0	0
fsh-generated/resources/CodeSystem-Profylaksebehandling.json	2153	0	0	0	0	0	0	0	0	2	0	0	0	0	0	0	0	0	0	0	8	26	0	0	0	1	0	0
fsh-generated/resources/CodeSystem-Prosthesis.json	6542	1	0	0	0	0	0	0	0	2	0	0	0	0	0	0	0	0	0	0	174	16	0	0	0	0	0	1
fsh-generated/resources/CodeSystem-PupilCondition.json	1823	0	0	0	0	0	0	0	0	1	0	0	0	0	0	0	0	0	0	0	7	8	0	0	0	1	0	0
fsh-generated/resources/CodeSystem-RadiationTherapyTarget.json	2138	0	0	0	0	0	0	0	0	2	0	0	0	0	0	0	0	0	0	0	7	9	0	0	0	0	0	0
fsh-generated/resources/CodeSystem-RadiationTherapyType.json	2393	0	0	0	0	0	0	0	0	1	0	0	1	0	0	0	0	0	0	0	8	9	0	0	0	1	0	0
fsh-generated/resources/CodeSystem-RadiologicalBoneChanges.json	2403	1	0	0	0	0	0	0	0	1	0	0	0	0	0	0	0	0	0	0	12	8	0	0	0	0	0	0
fsh-generated/resources/CodeSystem-RaymondRoyClassification.json	2712	0	0	0	0	0	0	0	0	1	0	0	0	0	0	0	0	0	0	0	160	8	0	0	0	0	0	0
fsh-generated/resources/CodeSystem-ReferredForTraining.json	2129	0	0	0	0	0	0	0	0	2	0	0	0	0	0	0	0	0	0	0	13	8	0	0	0	0	0	0
fsh-generated/resources/CodeSystem-ReferredFrom.json	2362	1	0	0	0	0	0	0	0	1	0	0	0	0	0	0	0	0	0	0	54	8	0	0	0	0	0	0
fsh-generated/resources/CodeSystem-Regioner.json	2121	0	0	0	0	0	0	0	0	1	0	0	0	0	0	0	0	0	0	0	9	8	0	0	0	0	0	0
fsh-generated/resources/CodeSystem-Registry.json	3063	0	0	0	1	0	0	0	0	1	0	0	0	0	0	0	0	0	0	0	7	9	0	0	0	0	0	0
fsh-generated/resources/CodeSystem-ReoperationCause.json	2376	0	0	0	0	0	0	0	1	2	0	0	0	0	0	0	0	0	0	0	7	8	0	0	0	0	0	0
fsh-generated/resources/CodeSystem-ResectionCompletion.json	2594	0	0	0	0	0	0	0	0	1	0	0	0	0	0	0	0	0	0	0	7	10	0	0	0	1	0	0
fsh-generated/resources/CodeSystem-ResectionType.json	3418	1	0	0	0	0	0	0	0	2	0	0	0	0	0	0	0	0	0	0	31	9	0	0	0	0	0	0
fsh-generated/resources/CodeSystem-ResidualTumorClassification.json	2332	0	0	0	0	0	0	0	0	1	0	0	0	0	0	0	0	0	0	0	6	8	0	0	0	0	0	0
fsh-generated/resources/CodeSystem-ResidualTumorGrading.json	2166	0	0	0	0	0	0	0	0	1	0	0	0	0	0	0	0	0	0	0	58	8	0	0	0	1	0	0
fsh-generated/resources/CodeSystem-Respiration.json	3794	0	0	0	0	0	0	0	0	2	0	0	0	0	0	0	0	0	0	0	188	9	0	0	0	0	0	0
fsh-generated/resources/CodeSystem-ResultTest.json	1869	0	0	0	0	0	0	0	0	1	0	0	0	0	0	0	0	0	0	0	100	8	0	0	0	0	0	0
fsh-generated/resources/CodeSystem-RevisionCause.json	2629	1	0	0	0	0	0	0	0	1	0	0	0	0	0	0	0	0	0	0	8	9	0	0	0	0	0	0
fsh-generated/resources/CodeSystem-RevisionIndication.json	5899	0	0	0	0	0	0	0	0	2	0	0	0	0	0	0	0	0	0	0	15	11	0	0	0	1	0	0
fsh-generated/resources/CodeSystem-RevisionType.json	1987	1	0	0	0	0	0	0	0	2	0	0	0	0	0	0	0	0	0	0	30	8	0	0	0	0	0	0
fsh-generated/resources/CodeSystem-RiskAssessment.json	2078	0	0	0	0	0	0	0	0	1	0	0	0	0	0	0	0	0	0	0	7	8	0	0	0	0	0	0
fsh-generated/resources/CodeSystem-RiskFactors.json	2482	0	0	0	0	0	0	0	0	1	0	0	0	0	0	0	0	0	0	0	8	8	0	0	0	0	0	0
fsh-generated/resources/CodeSystem-RobotAssistDKR.json	1989	1	0	0	0	0	0	0	0	1	0	0	0	0	0	0	0	0	0	0	7	8	0	0	0	1	0	0
fsh-generated/resources/CodeSystem-Rytme1Obs.json	2231	0	0	0	0	0	0	0	0	1	0	0	0	0	0	0	0	0	0	0	9	8	0	0	0	0	0	0
fsh-generated/resources/CodeSystem-SKS.json	45537	1	0	0	0	0	0	0	2	16	0	0	0	0	0	0	0	1	0	0	90	42	0	0	0	4	0	1
fsh-generated/resources/CodeSystem-SKSCodeCollection.json	5615	1	0	0	0	0	0	0	0	3	0	0	0	0	0	0	0	0	0	0	111	12	0	0	0	0	0	0
fsh-generated/resources/CodeSystem-SNOMEDCT.json	4180	0	0	0	1	0	0	0	0	2	0	0	0	0	0	0	0	0	0	0	29	10	0	0	0	1	0	0
fsh-generated/resources/CodeSystem-SOR.json	34232	1	0	0	0	0	0	0	1	13	0	0	0	0	0	0	0	0	0	0	224	37	0	0	0	2	0	0
fsh-generated/resources/CodeSystem-SSSArmLift.json	2295	0	0	0	0	0	0	0	0	1	0	0	0	0	0	0	0	0	0	0	61	10	0	0	0	1	0	0
fsh-generated/resources/CodeSystem-SSSConsciousness.json	2271	0	0	0	0	0	0	0	0	2	0	0	0	0	0	0	0	0	0	0	7	9	0	0	0	0	0	0
fsh-generated/resources/CodeSystem-SSSEyeMotorSkills.json	2231	0	0	0	0	0	0	0	0	1	0	0	0	0	0	0	0	0	0	0	7	9	0	0	0	0	0	0
fsh-generated/resources/CodeSystem-SSSFacialParesis.json	1956	1	0	0	0	0	0	0	0	1	0	0	0	0	0	0	0	0	0	0	161	7	0	0	0	0	0	0
fsh-generated/resources/CodeSystem-SSSHandshake.json	2204	0	0	0	0	0	0	0	0	1	0	0	0	0	0	0	0	0	0	0	43	6	0	0	0	1	0	0
fsh-generated/resources/CodeSystem-SSSLegLift.json	2293	0	0	0	0	0	0	0	0	2	0	0	0	0	0	0	0	0	0	0	229	6	0	0	0	0	0	0
fsh-generated/resources/CodeSystem-SSSOrientation.json	2157	0	0	0	0	0	0	0	0	2	0	0	0	0	0	0	0	0	0	0	8	7	0	0	0	0	0	0
fsh-generated/resources/CodeSystem-SSSSpeech.json	2223	0	0	0	0	0	0	0	0	2	0	0	0	0	0	0	0	0	0	0	83	6	0	0	0	0	0	0
fsh-generated/resources/CodeSystem-SSSWalk.json	2351	1	0	0	0	0	0	0	0	1	0	0	0	0	0	0	0	0	0	0	18	6	0	0	0	0	0	0
fsh-generated/resources/CodeSystem-ScoreCentralBlock.json	2192	0	0	0	0	0	0	0	0	2	0	0	0	0	0	0	0	0	0	0	31	6	0	0	0	1	0	0
fsh-generated/resources/CodeSystem-SizesGeneral.json	2003	0	0	0	0	0	0	0	0	1	0	0	0	0	0	0	0	0	0	0	16	6	0	0	0	0	0	0
fsh-generated/resources/CodeSystem-SlyngeDUGA.json	2062	0	0	0	0	0	0	0	0	1	0	0	0	0	0	0	0	0	0	0	8	5	0	0	0	0	0	0
fsh-generated/resources/CodeSystem-SmerteKvalme.json	1957	0	0	0	0	0	0	0	1	3	0	0	0	0	0	0	0	0	0	0	62	6	0	0	0	0	0	0
fsh-generated/resources/CodeSystem-Smoking.json	2123	0	0	0	1	0	0	0	0	1	0	0	0	0	0	0	0	0	0	0	8	6	0	0	0	1	0	0
fsh-generated/resources/CodeSystem-StemCellType.json	1964	1	0	0	0	0	0	0	0	2	0	0	0	0	0	0	0	0	0	0	9	6	0	0	0	0	0	0
fsh-generated/resources/CodeSystem-StopTeam.json	2314	0	0	0	0	0	0	0	0	1	0	0	0	0	0	0	0	0	0	0	8	6	0	0	0	0	0	0
fsh-generated/resources/CodeSystem-StraalebehandlingTA.json	2180	0	0	0	0	0	0	0	0	3	0	0	0	0	0	0	0	0	0	0	7	6	0	0	0	0	0	0
fsh-generated/resources/CodeSystem-SurgicalAttire.json	2096	0	0	0	0	0	0	0	0	2	0	0	0	0	0	0	0	0	0	0	7	5	0	0	0	1	0	0
fsh-generated/resources/CodeSystem-Sygdomsomraader.json	4800	0	0	0	0	0	0	0	0	2	0	0	0	0	0	0	0	0	0	0	15	8	0	0	0	0	0	0
fsh-generated/resources/CodeSystem-Symptoms.json	2209	1	0	0	0	0	0	0	0	2	0	0	0	0	0	0	0	0	0	0	7	6	0	0	0	0	0	0
fsh-generated/resources/CodeSystem-SystemiskPraeparat.json	3900	0	0	0	0	0	0	0	0	2	0	0	0	0	0	0	0	0	0	0	298	7	0	0	0	1	0	0
fsh-generated/resources/CodeSystem-TilsynAfdeling.json	2832	0	0	0	0	0	0	0	0	2	0	0	0	0	0	0	0	0	0	0	9	6	0	0	0	0	0	0
fsh-generated/resources/CodeSystem-TreatmentCause.json	1933	0	0	0	0	0	0	0	0	3	0	0	0	0	0	0	0	0	0	0	7	6	0	0	0	0	0	0
fsh-generated/resources/CodeSystem-TreatmentIndication.json	2235	0	0	0	0	0	0	0	1	3	0	0	0	0	0	0	0	0	0	0	8	5	0	0	0	0	0	0
fsh-generated/resources/CodeSystem-TreatmentInitiatives.json	2475	1	0	0	0	0	0	0	0	2	0	0	0	0	0	0	0	0	0	0	55	6	0	0	0	1	0	0
fsh-generated/resources/CodeSystem-TreatmentIntention.json	2682	0	0	0	0	0	0	0	0	1	0	0	0	0	0	0	0	0	0	0	8	7	0	0	0	0	0	0
fsh-generated/resources/CodeSystem-TreatmentLesion.json	2642	0	0	0	0	0	0	0	0	2	0	0	0	0	0	0	0	0	0	0	15	6	0	0	0	0	0	0
fsh-generated/resources/CodeSystem-TreatmentMethodMRD.json	2034	0	0	0	1	0	0	0	0	1	0	0	0	0	0	0	0	0	0	0	7	6	0	0	0	0	0	0
fsh-generated/resources/CodeSystem-TreatmentNotGiven.json	2581	0	0	0	0	0	0	0	0	1	0	0	0	0	0	0	0	0	0	0	7	6	0	0	0	1	0	0
fsh-generated/resources/CodeSystem-TreatmentPsychopharmacological.json	2592	1	0	0	0	0	0	0	0	1	0	0	0	0	0	0	0	0	0	0	104	7	0	0	0	0	0	0
fsh-generated/resources/CodeSystem-TreatmentRegimen.json	6259	0	0	0	0	0	0	0	0	5	0	0	0	0	0	0	0	0	0	0	29	8	0	0	0	0	0	0
fsh-generated/resources/CodeSystem-TreatmentResponseEvaluation.json	5778	0	0	0	0	0	0	0	1	3	0	0	0	0	0	0	0	1	0	0	11	9	0	0	0	1	0	1
fsh-generated/resources/CodeSystem-TreatmentSchedule.json	2233	0	0	0	0	0	0	0	0	3	0	0	0	0	0	0	0	0	0	0	126	6	0	0	0	0	0	0
fsh-generated/resources/CodeSystem-TreatmentSufficient.json	1894	1	0	0	0	0	0	0	0	2	0	0	0	0	0	0	0	0	0	0	60	6	0	0	0	0	0	0
fsh-generated/resources/CodeSystem-TreatmentType.json	4157	0	0	0	0	0	0	0	0	2	0	0	0	0	0	0	0	0	0	0	60	8	0	0	0	1	0	0
fsh-generated/resources/CodeSystem-TreatmentUnspecified.json	2634	0	0	0	0	0	0	0	0	1	0	0	0	0	0	0	0	0	0	0	8	6	0	0	0	0	0	0
fsh-generated/resources/CodeSystem-TrombektomiPerfusion.json	3106	0	0	0	0	0	0	0	0	1	0	0	0	0	0	0	0	0	0	0	8	7	0	0	0	1	0	0
fsh-generated/resources/CodeSystem-TumorClassificationHistology.json	3737	1	0	0	0	0	0	0	0	2	0	0	0	0	0	0	0	0	0	0	46	7	0	0	0	0	0	0
fsh-generated/resources/CodeSystem-UdskrevetTil.json	2283	0	0	0	1	0	0	0	0	0	0	0	0	0	0	0	0	0	0	0	276	6	0	0	0	0	0	0
fsh-generated/resources/CodeSystem-UndersoegelsesTypeDUGA.json	1928	0	0	0	0	0	0	0	0	2	0	0	0	0	0	0	0	0	0	0	6	6	0	0	0	0	0	0
fsh-generated/resources/CodeSystem-VancouverClassification.json	3532	0	0	0	0	0	0	0	0	2	0	0	0	0	0	0	0	0	0	0	438	7	0	0	0	1	0	0
fsh-generated/resources/CodeSystem-Verdict.json	6616	1	0	0	0	0	0	0	0	2	0	0	0	0	0	0	0	0	0	0	226	7	0	0	0	0	0	0
fsh-generated/resources/CodeSystem-VisitationCriteriaNotMet.json	2433	0	0	0	0	0	0	0	0	1	0	0	0	0	0	0	0	0	0	0	191	6	0	0	0	0	0	0
fsh-generated/resources/CodeSystem-WFNSGradingSystem.json	2334	1	0	0	0	0	0	0	1	1	0	0	0	0	0	0	0	0	0	0	8	6	0	0	0	1	0	0
fsh-generated/resources/CodeSystem-WOOS.json	3041	0	0	0	0	0	0	0	0	1	0	0	0	0	0	0	0	0	0	0	235	7	0	0	0	0	0	0
fsh-generated/resources/CodeSystem-WalchClassification.json	3817	0	0	0	0	0	0	0	0	1	0	0	0	0	0	0	0	0	0	0	11	7	0	0	0	0	0	0
fsh-generated/resources/SearchParameter-CarePlanReadOrWriteAccessSP.json	519	0	0	0	0	0	0	0	0	3	0	0	0	0	0	0	0	0	0	0	35	2	0	0	0	1	0	0
fsh-generated/resources/SearchParameter-CarePlanSorAuthor.json	424	0	0	0	0	0	0	0	0	1	0	0	0	0	0	0	0	0	0	0	187	2	0	0	0	0	0	0
fsh-generated/resources/SearchParameter-CprPatient.json	394	0	0	0	0	0	0	0	0	1	0	0	0	0	0	0	0	0	0	0	22	2	0	0	0	0	0	0
fsh-generated/resources/SearchParameter-PlanDefinitionLatest.json	446	1	0	0	0	0	0	0	0	0	0	0	0	0	0	0	0	0	0	0	5	2	0	0	0	0	0	0
fsh-generated/resources/SearchParameter-PlanDefinitionUuid.json	418	0	0	0	0	0	0	0	0	1	0	0	0	0	0	0	0	0	0	0	5	2	0	0	0	0	0	0
fsh-generated/resources/SearchParameter-QuestionnaireLatest.json	440	0	0	0	1	0	0	0	0	1	0	0	0	0	0	0	0	0	0	0	8	2	0	0	0	0	0	0
fsh-generated/resources/SearchParameter-QuestionnaireResponseOnCarePlan.json	501	0	0	0	0	0	0	0	0	1	0	0	0	0	0	0	0	0	0	0	6	3	0	0	0	0	0	0
fsh-generated/resources/SearchParameter-QuestionnaireResponseResponsibleOnCarePlanSP.json	584	0	0	0	0	0	0	0	0	0	0	0	0	0	0	0	0	0	0	0	8	2	0	0	0	0	0	0
fsh-generated/resources/SearchParameter-QuestionnaireUuid.json	412	0	0	0	0	0	0	0	0	1	0	0	0	0	0	0	0	0	0	0	128	2	0	0	0	0	0	0
fsh-generated/resources/SearchParameter-SP-PlanDefinition-urlversion.json	442	0	0	0	0	0	0	0	0	1	0	0	0	0	0	0	0	0	0	0	24	2	0	0	0	0	0	0
fsh-generated/resources/SearchParameter-SP-Questionnaire-urlversion.json	436	0	0	0	0	0	0	0	0	1	0	0	0	0	0	0	0	0	0	0	7	2	0	0	0	1	0	0
fsh-generated/resources/SearchParameter-SorQuestionnaire.json	419	0	0	0	0	0	0	0	0	0	0	0	0	0	0	0	0	0	0	0	178	2	0	0	0	0	0	0
fsh-generated/resources/SearchParameter-SorQuestionnaireResponse.json	461	1	0	0	0	0	0	0	0	1	0	0	0	0	0	0	0	0	0	0	222	2	0	0	0	0	0	0
fsh-generated/resources/SearchParameter-ValueSetLatest.json	410	0	0	0	0	0	0	0	0	1	0	0	0	0	0	0	0	0	0	0	28	2	0	0	0	0	0	0
fsh-generated/resources/SearchParameter-semver-major.json	452	0	0	0	0	0	0	0	0	4	0	0	0	0	0	0	0	0	0	0	47	3	0	0	0	0	0	0
fsh-generated/resources/SearchParameter-semver-minor.json	452	0	0	0	0	0	0	0	0	1	0	0	0	0	0	0	0	0	0	0	21	2	0	0	0	0	0	0
fsh-generated/resources/SearchParameter-semver-patch.json	452	0	0	0	0	0	0	0	0	1	0	0	0	0	0	0	0	0	0	0	10	2	0	0	0	0	0	0
fsh-generated/resources/SearchParameter-semver.json	893	0	0	0	0	0	0	0	0	1	0	0	0	0	0	0	0	0	0	0	247	2	0	0	0	0	0	0
fsh-generated/resources/StructureDefinition-PDLatest.json	1565	1	0	6	0	0	0	0	0	16	0	0	0	0	0	0	0	0	0	0	16	493	0	0	0	2	0	0
fsh-generated/resources/StructureDefinition-PDUuid.json	1548	0	0	3	0	0	0	0	0	4	0	0	0	0	0	0	0	0	0	0	16	55	0	0	0	1	0	0
fsh-generated/resources/StructureDefinition-QLatest.json	1557	0	0	3	1	0	0	0	0	3	0	0	0	0	0	0	0	0	0	0	102	50	0	0	0	0	0	0
fsh-generated/resources/StructureDefinition-QUuid.json	1540	1	0	3	0	0	0	0	0	3	0	0	0	0	0	0	0	0	0	0	226	45	0	0	0	1	0	0
fsh-generated/resources/StructureDefinition-SorAuthor.json	1598	0	0	3	0	0	0	0	1	3	0	0	0	0	0	0	0	0	0	0	287	43	0	0	0	1	0	1
fsh-generated/resources/StructureDefinition-VSLatest.json	1535	0	0	3	0	0	0	0	0	3	0	0	0	0	0	0	0	0	0	0	104	43	0	0	0	1	0	0
fsh-generated/resources/StructureDefinition-access-sor-code.json	1849	0	0	2	0	0	0	0	0	3	0	0	1	0	0	0	0	0	0	0	144	41	0	0	0	1	0	0
fsh-generated/resources/StructureDefinition-cpr.json	1495	0	0	3	0	0	0	0	0	3	0	0	0	0	0	0	0	1	0	0	190	39	0	0	0	2	0	0
fsh-generated/resources/StructureDefinition-plan-definition-action-display-order.json	1794	1	0	3	0	0	0	0	0	2	0	0	0	0	0	0	0	0	0	0	302	43	0	0	0	1	1	0
fsh-generated/resources/StructureDefinition-questionnaire-response-reference.json	1653	28	0	3	0	0	0	0	0	3	0	0	0	0	0	0	0	0	0	0	296	44	0	0	0	1	0	0
fsh-generated/resources/StructureDefinition-questionnaire-response-responsible-sor.json	1771	0	0	3	0	0	0	0	0	3	0	0	0	0	0	0	0	0	0	0	62	43	0	0	0	1	0	0
fsh-generated/resources/StructureDefinition-sor.json	1531	1	0	2	0	0	0	0	0	3	0	0	0	0	0	0	0	0	0	0	34	43	0	0	0	1	0	0
fsh-generated/resources/StructureDefinition-sorCode.json	1583	0	0	3	0	0	0	0	0	3	0	0	0	0	0	0	0	0	0	0	15	41	0	0	0	0	0	0
fsh-generated/resources/ValueSet-AKBehandlingDKR.json	1372	1	0	0	0	0	0	0	0	30	0	0	0	0	0	0	0	0	0	0	8	27	0	0	0	1	0	0
fsh-generated/resources/ValueSet-AKFravalgt.json	1830	0	0	0	0	0	0	0	0	3	0	0	0	0	0	0	0	0	0	0	256	14	0	0	0	0	0	0
fsh-generated/resources/ValueSet-ALDkemoterapi.json	745	0	0	0	0	0	0	0	0	1	0	0	0	0	0	0	0	0	0	0	16	10	0	0	0	0	0	0
fsh-generated/resources/ValueSet-APInstabilitetDKR.json	727	0	0	0	0	0	0	0	0	2	0	0	0	0	0	0	0	0	0	0	6	10	0	0	0	1	0	0
fsh-generated/resources/ValueSet-ASAIVI.json	1055	0	0	0	0	0	0	0	0	1	0	0	0	0	0	0	0	0	0	0	98	9	0	0	0	0	0	0
fsh-generated/resources/ValueSet-ASAIVIkort.json	1000	1	0	0	0	0	0	0	0	2	0	0	0	0	0	0	0	0	0	0	488	10	0	0	0	0	0	0
fsh-generated/resources/ValueSet-ATCAntibiotikaprofylakseDKR.json	1004	0	0	0	0	0	0	0	0	1	0	0	0	0	0	0	0	0	0	0	6	9	0	0	0	0	0	0
fsh-generated/resources/ValueSet-ATCAntibiotikaprofylakseDosisDKR.json	990	0	0	0	0	0	0	0	0	3	0	0	0	0	0	0	0	0	0	0	7	9	0	0	0	0	0	0
fsh-generated/resources/ValueSet-ATCAntibiotikaprofylakseVarighedDKR.json	751	0	0	0	0	0	0	0	0	1	0	0	0	0	0	0	0	0	0	0	13	8	0	0	0	1	0	0
fsh-generated/resources/ValueSet-ATCChemoCLL.json	1165	0	0	0	0	0	0	0	0	2	0	0	0	0	0	0	0	0	0	0	234	8	0	0	0	0	0	0
fsh-generated/resources/ValueSet-ATCChemoPreparation.json	2298	1	0	0	0	0	0	0	0	2	0	0	0	0	0	0	0	0	0	0	40	11	0	0	0	0	0	0
fsh-generated/resources/ValueSet-ATCDMPN.json	1867	0	0	0	0	0	0	0	0	3	0	0	0	0	0	0	0	0	0	0	9	10	0	0	0	0	0	0
fsh-generated/resources/ValueSet-ATCDMPN202410.json	1700	0	0	0	0	0	0	0	0	5	0	0	0	0	0	0	0	0	0	0	9	9	0	0	0	1	0	0
fsh-generated/resources/ValueSet-ATCImmunotherapyCLL.json	1150	0	0	0	0	0	0	0	0	1	0	0	0	0	0	0	0	0	0	0	75	9	0	0	0	0	0	0
fsh-generated/resources/ValueSet-ATCTargetCLL.json	1140	0	0	0	0	0	0	0	0	2	0	0	0	0	0	0	0	0	0	0	75	9	0	0	0	0	0	0
fsh-generated/resources/ValueSet-ATCTromboseprofylakseDKR.json	1228	0	0	0	0	0	0	0	0	1	0	0	0	0	0	0	0	0	0	0	6	8	0	0	0	0	0	0
fsh-generated/resources/ValueSet-AarsagOphoerDNSL.json	1560	1	0	0	0	0	0	0	0	1	0	0	0	0	0	0	0	0	0	0	8	8	0	0	0	0	0	0
fsh-generated/resources/ValueSet-AarsagTilProcedureDCCG.json	1221	0	0	0	1	0	0	0	0	2	0	0	0	0	0	0	0	0	0	0	7	9	0	0	0	1	0	0
fsh-generated/resources/ValueSet-AcetabulumKnogletabKlassifikationDHR.json	1094	0	0	0	0	0	0	0	0	1	0	0	0	0	0	0	0	0	0	0	6	8	0	0	0	0	0	0
fsh-generated/resources/ValueSet-ActilyseIkkeGivet.json	979	1	0	0	0	0	0	0	1	1	0	0	0	0	0	0	0	0	0	0	7	7	0	0	0	0	0	0
fsh-generated/resources/ValueSet-AdministrationType.json	898	0	0	0	0	0	0	0	0	1	0	0	0	0	0	0	0	0	0	0	391	8	0	0	0	0	0	0
fsh-generated/resources/ValueSet-AdministrationTypeDCCG.json	751	0	0	0	0	0	0	0	0	1	0	0	0	0	0	0	0	0	0	0	27	8	0	0	0	0	0	0
fsh-generated/resources/ValueSet-AfdelingDandem.json	1071	0	0	0	0	0	0	0	0	2	0	0	0	0	0	0	0	0	0	0	8	8	0	0	0	1	0	0
fsh-generated/resources/ValueSet-AflastendeProcedure.json	1071	1	0	0	0	0	0	0	0	1	0	0	0	0	0	0	0	0	0	0	17	7	0	1	0	0	0	0
fsh-generated/resources/ValueSet-AktivitetDKRR.json	998	0	0	0	0	0	0	0	0	2	0	0	0	0	0	0	0	0	0	0	7	10	0	0	0	0	0	0
fsh-generated/resources/ValueSet-AktivitetSportDKRR.json	1638	0	0	0	0	0	0	0	0	1	0	0	0	0	0	0	0	0	0	0	7	9	0	0	0	0	0	0
fsh-generated/resources/ValueSet-AktuelSygdomsforlob.json	705	0	0	0	0	0	0	0	0	1	0	0	0	0	0	0	0	0	0	0	256	7	0	0	0	1	0	0
fsh-generated/resources/ValueSet-Alkohol021.json	758	0	0	0	0	0	0	0	0	1	0	0	0	0	0	0	0	0	0	0	103	7	0	0	0	0	0	0
fsh-generated/resources/ValueSet-Alkohol0til10.json	656	0	0	0	0	0	0	0	0	1	0	0	0	0	0	0	0	0	0	0	7	7	0	0	0	0	0	0
fsh-generated/resources/ValueSet-Alkohol714.json	730	0	0	0	0	0	0	0	0	1	0	0	0	0	0	0	0	0	0	0	10	7	0	0	0	0	0	0
fsh-generated/resources/ValueSet-AlleMaaleEnheder.json	3306	1	0	0	0	0	0	0	0	3	0	0	0	0	0	0	0	0	0	0	94	10	0	0	0	0	0	0
fsh-generated/resources/ValueSet-AlloplastiktypeDKR.json	1735	0	0	0	0	0	0	0	0	1	0	0	0	0	0	0	0	0	0	0	17	8	0	0	0	1	0	0
fsh-generated/resources/ValueSet-AnaestesiDUGA.json	957	0	0	0	0	0	0	0	0	1	0	0	0	0	0	0	0	0	0	0	63	7	0	0	0	0	0	0
fsh-generated/resources/ValueSet-AnaestesiGenerelSpinalEpiduralLokalanalgesi.json	954	0	0	0	0	0	0	0	0	1	0	0	0	0	0	0	0	0	0	0	323	7	0	0	0	0	0	0
fsh-generated/resources/ValueSet-AnaestesiLokalGenerel.json	753	0	0	0	0	0	0	0	0	1	0	0	0	0	0	0	0	0	0	0	26	6	0	0	0	0	0	0
fsh-generated/resources/ValueSet-AnaestesiLokalGenerelSpinalEpidural.json	924	0	0	0	0	0	0	0	0	1	0	0	0	0	1	0	0	0	0	0	165	7	0	0	0	0	0	0
fsh-generated/resources/ValueSet-AnaestesiRegionalDHR.json	828	1	0	0	0	0	0	0	0	1	0	0	0	0	0	0	0	0	0	0	169	7	0	0	0	0	0	0
fsh-generated/resources/ValueSet-AnaestesiRegionalUniverselKombineret.json	1082	0	0	0	0	0	0	0	0	1	0	0	0	0	0	0	0	0	0	0	187	7	0	0	0	1	0	0
fsh-generated/resources/ValueSet-AnasthesiaService.json	1149	0	0	0	0	0	0	0	0	1	0	0	0	0	0	0	0	0	0	0	7	8	0	0	0	0	0	0
fsh-generated/resources/ValueSet-AnasthesiaService2026.json	993	0	0	0	0	0	0	0	0	1	0	0	0	0	0	0	0	0	0	0	315	28	0	0	0	0	0	0
fsh-generated/resources/ValueSet-AnasthesiaServiceDAD.json	896	0	0	0	0	0	0	0	0	1	0	0	0	0	0	0	0	0	0	0	122	9	0	0	0	0	0	0
fsh-generated/resources/ValueSet-AnasthesiaTypeGen.json	778	0	0	0	0	0	0	0	0	1	0	0	0	0	0	0	0	0	0	0	9	7	0	0	0	0	0	0
fsh-generated/resources/ValueSet-AnastomoseLaekageGradingering.json	895	0	0	0	0	0	0	0	0	1	0	0	0	0	0	0	0	0	0	0	8	7	0	0	0	0	0	0
fsh-generated/resources/ValueSet-AnastomoseLaekageGraduering.json	1016	1	0	0	0	0	0	0	0	1	0	0	0	0	0	0	0	0	0	0	356	7	0	0	0	1	0	0
fsh-generated/resources/ValueSet-AnastomoseType1.json	861	0	0	0	0	0	0	0	1	1	0	0	0	0	0	0	0	0	0	0	55	8	0	0	0	0	0	0
fsh-generated/resources/ValueSet-AnastomoseType2.json	672	0	0	0	0	0	0	0	0	1	0	0	0	0	0	0	0	0	0	0	14	6	0	0	0	0	0	0
fsh-generated/resources/ValueSet-AnastomoseType3.json	1258	0	0	0	0	0	0	0	0	2	0	0	0	0	0	0	0	0	0	0	277	8	0	0	0	0	0	0
fsh-generated/resources/ValueSet-Anastomoselaekage.json	805	0	0	0	0	0	0	0	0	1	0	0	0	0	0	0	0	0	0	0	223	7	0	0	0	0	0	0
fsh-generated/resources/ValueSet-AnastomoselaekageKonsekvens.json	1426	0	0	0	0	0	0	0	0	1	0	0	0	0	0	0	0	0	0	0	189	7	0	0	0	0	0	0
fsh-generated/resources/ValueSet-AnatomiskLokation1.json	2513	0	0	0	0	0	0	0	0	3	0	0	0	0	0	0	0	0	0	0	117	9	0	0	0	1	0	0
fsh-generated/resources/ValueSet-AnatomiskLokation2.json	2586	1	0	0	0	0	0	0	0	2	0	0	0	0	0	0	0	0	0	0	272	9	0	0	0	0	0	0
fsh-generated/resources/ValueSet-AnatomiskLokation3.json	852	0	0	0	0	0	0	0	0	1	0	0	0	0	0	0	0	1	0	0	32	7	0	0	0	0	0	0
fsh-generated/resources/ValueSet-AnatomiskLokation4.json	1661	0	0	0	0	0	0	0	0	1	0	0	0	0	0	0	0	0	0	0	9	8	0	0	0	0	0	1
fsh-generated/resources/ValueSet-AndenBloedningDAP.json	707	0	0	0	0	0	0	0	0	1	0	0	0	0	0	0	0	0	0	0	7	6	0	0	0	1	0	0
fsh-generated/resources/ValueSet-AnnArborStagingClassification.json	968	0	0	0	0	0	0	0	0	1	0	0	0	0	0	0	0	0	0	0	6	7	0	0	0	0	0	0
fsh-generated/resources/ValueSet-AntibiotikaMedUden.json	676	0	0	0	0	0	0	0	0	1	0	0	0	0	0	0	0	0	0	0	7	6	0	0	0	0	0	0
fsh-generated/resources/ValueSet-AntibiotikaprofylakseDHR.json	1724	0	0	0	0	0	0	0	0	2	0	0	0	0	0	0	0	0	0	0	28	7	0	0	0	0	0	0
fsh-generated/resources/ValueSet-AntibiotikaprofylakseDKRR.json	982	1	0	0	0	0	0	0	0	1	0	0	0	0	0	0	0	0	0	0	8	7	0	0	0	0	0	0
fsh-generated/resources/ValueSet-AnurismeAflukning.json	689	0	0	0	0	0	0	0	0	0	0	0	0	0	0	0	0	0	0	0	59	6	0	0	0	0	0	0
fsh-generated/resources/ValueSet-AnurismeStoerrelseSAH.json	861	0	0	0	0	0	0	0	0	1	0	0	0	0	0	0	0	0	0	0	227	6	0	0	0	1	0	0
fsh-generated/resources/ValueSet-ArtritisDSR.json	754	0	0	0	0	0	0	0	0	1	0	0	0	0	0	0	0	0	0	0	51	7	0	0	0	0	0	0
fsh-generated/resources/ValueSet-ArtrosePlaceringDKR.json	992	0	0	0	0	0	0	0	0	1	0	0	0	0	0	0	0	0	0	0	19	6	0	0	0	0	0	0
fsh-generated/resources/ValueSet-ArtrosefoelgeDSR.json	883	0	0	0	0	0	0	0	0	1	0	0	0	0	0	0	0	0	0	0	230	6	0	0	0	0	0	0
fsh-generated/resources/ValueSet-AsaIV.json	1098	0	0	0	0	0	0	0	0	1	0	0	0	0	0	0	0	0	0	0	74	6	0	0	0	1	0	0
fsh-generated/resources/ValueSet-AsaIVkort.json	940	1	0	0	0	0	0	0	0	0	0	0	0	0	0	0	0	0	0	0	5	6	0	0	0	0	0	0
fsh-generated/resources/ValueSet-AssistDevicesBallonStent.json	693	0	0	0	0	0	0	0	0	1	0	0	0	0	0	0	0	0	0	0	20	6	0	0	0	0	0	0
fsh-generated/resources/ValueSet-BanffClassifikation.json	1178	0	0	0	0	0	0	0	0	1	0	0	0	0	0	0	0	0	0	0	96	6	0	0	0	0	0	0
fsh-generated/resources/ValueSet-BegrundelseEndoskopiskLokalresektioen.json	1238	0	0	0	0	0	0	0	0	2	0	0	0	0	0	0	0	0	0	0	67	7	0	0	0	0	0	0
fsh-generated/resources/ValueSet-BehandlingCML.json	1610	0	0	0	0	0	0	0	1	1	0	0	0	0	0	0	0	0	0	0	167	7	0	0	0	0	0	0
fsh-generated/resources/ValueSet-BehandlingCMMLMDS.json	1486	1	0	0	0	0	0	0	0	2	0	0	0	0	0	0	0	0	0	0	319	7	0	0	0	1	0	0
fsh-generated/resources/ValueSet-BehandlingDHR.json	1030	0	0	0	0	0	0	0	0	1	0	0	0	0	0	0	0	0	0	0	10	6	0	0	0	0	0	0
fsh-generated/resources/ValueSet-BehandlingEndovaskulaerType.json	860	0	0	0	0	0	0	0	0	1	0	0	0	0	0	0	0	0	0	0	319	6	0	0	0	0	0	0
fsh-generated/resources/ValueSet-BehandlingKirurgiskEndovaskulaer.json	772	0	0	0	0	0	0	0	0	1	0	0	0	0	0	0	0	0	0	0	5	6	0	0	0	0	0	0
fsh-generated/resources/ValueSet-BehandlingMDS.json	1862	0	0	0	0	0	0	0	0	2	0	0	0	0	0	0	0	0	0	0	18	7	0	0	0	0	0	0
fsh-generated/resources/ValueSet-BehandlingPsykofarmakologiskRETSPSYK.json	1471	0	0	0	0	0	0	0	0	2	0	0	0	0	0	0	0	0	0	0	37	6	0	0	0	1	0	0
fsh-generated/resources/ValueSet-BehandlingTilstraekkelig.json	822	1	0	0	0	0	0	0	0	1	0	0	0	0	0	0	0	0	0	0	11	6	0	0	0	0	0	0
fsh-generated/resources/ValueSet-BehandlingsResponsEvalueringLYFO.json	1871	0	0	0	0	0	0	0	0	2	0	0	0	0	0	0	0	0	0	0	9	7	0	0	0	0	0	0
fsh-generated/resources/ValueSet-BehandlingsTypeStamcellestoetteLYFO.json	1057	0	0	0	0	0	0	0	0	1	0	0	0	0	0	0	0	0	0	0	28	6	0	0	0	0	0	0
fsh-generated/resources/ValueSet-BehandlingsVarighedDHR.json	909	0	0	0	0	0	0	0	0	2	0	0	0	0	0	0	0	0	0	0	405	6	0	0	0	1	0	0
fsh-generated/resources/ValueSet-BehandlingsindikationKAR.json	5443	0	0	0	0	0	0	0	0	3	0	0	0	0	0	0	0	0	0	0	78	10	0	0	0	0	0	0
fsh-generated/resources/ValueSet-Behandlingsintention.json	864	1	0	0	0	0	0	0	0	1	0	0	0	0	0	0	0	0	0	0	122	6	0	0	0	0	0	0
fsh-generated/resources/ValueSet-BehandlingsresponsCML.json	1494	0	0	0	0	0	0	0	0	2	0	0	0	0	0	0	0	0	0	0	6	7	0	0	0	1	0	0
fsh-generated/resources/ValueSet-BehandlinsplanAendretAarsagDCCG.json	997	0	0	0	0	0	0	0	0	1	0	0	0	0	0	0	0	0	0	0	7	6	0	0	0	0	0	0
fsh-generated/resources/ValueSet-BenlaengdeDHR.json	816	0	0	0	0	0	0	0	0	1	0	0	0	0	0	0	0	0	0	0	75	6	0	0	0	0	0	0
fsh-generated/resources/ValueSet-BilateralUnilateral.json	675	0	0	0	0	0	0	0	0	1	0	0	0	0	0	0	0	0	0	0	50	6	0	0	0	0	0	0
fsh-generated/resources/ValueSet-BinetStagingSystem.json	1041	1	0	0	0	0	0	0	0	1	0	0	0	0	0	0	0	0	0	0	81	5	0	0	0	0	0	0
fsh-generated/resources/ValueSet-BiobankSamples.json	1527	0	0	0	0	0	0	0	0	1	0	0	0	0	0	0	0	0	0	0	85	7	0	0	0	1	0	0
fsh-generated/resources/ValueSet-BlodfortyndendeMedicin.json	754	0	0	0	0	0	0	0	0	1	0	0	0	0	0	0	0	0	0	0	22	6	0	0	0	0	0	0
fsh-generated/resources/ValueSet-BloedningsprofylakseDHR.json	794	0	0	0	0	0	0	0	0	2	0	0	0	0	0	0	0	0	0	0	189	6	0	0	0	0	0	0
fsh-generated/resources/ValueSet-BoligforholdRETSPSYK.json	799	0	0	0	1	0	0	0	0	1	0	0	0	0	0	0	0	0	0	0	121	6	0	0	0	0	0	0
fsh-generated/resources/ValueSet-Boligform.json	1065	1	0	0	0	0	0	0	1	1	0	0	0	0	0	0	0	0	0	0	7	7	0	0	0	0	0	0
fsh-generated/resources/ValueSet-BoligformDAP.json	761	0	0	0	0	0	0	0	0	1	0	0	0	0	0	0	0	0	0	0	49	6	0	0	0	0	0	0
fsh-generated/resources/ValueSet-BrusklaesionArealDKRR.json	665	0	0	0	0	0	0	0	0	1	0	0	0	0	0	0	0	0	0	0	6	5	0	0	0	1	0	0
fsh-generated/resources/ValueSet-BrusklaesionBehandlingDKRR.json	1256	0	0	0	0	0	0	0	0	1	0	0	0	0	0	0	0	0	0	0	29	6	0	0	0	0	0	0
fsh-generated/resources/ValueSet-BrusklaesionPlaceringDKRR.json	1304	0	0	0	0	0	0	0	0	1	0	0	0	0	0	0	0	0	0	0	14	6	0	0	0	0	0	0
fsh-generated/resources/ValueSet-BulkingMaterialeDUGA.json	979	0	0	0	0	0	0	0	0	2	0	0	0	0	0	0	0	0	0	0	10	6	0	0	0	0	0	0
fsh-generated/resources/ValueSet-CALRvariant.json	1032	1	0	0	0	0	0	0	0	1	0	0	0	0	0	0	0	0	0	0	6	6	0	0	0	0	0	0
fsh-generated/resources/ValueSet-CancerUdredning.json	1253	0	0	0	0	0	0	0	0	1	0	0	0	0	0	0	0	0	0	0	110	6	0	0	0	1	0	0
fsh-generated/resources/ValueSet-CancertypeDCCG.json	617	0	0	0	0	0	0	0	0	1	0	0	0	0	0	0	0	0	0	0	68	6	0	0	0	0	0	0
fsh-generated/resources/ValueSet-CaputDiameterDHR.json	1075	0	0	0	0	0	0	0	0	1	0	0	0	0	0	0	0	0	0	0	8	6	0	0	0	0	0	0
fsh-generated/resources/ValueSet-CaputModulaerTypeDHR.json	716	0	0	0	0	0	0	0	0	0	0	0	0	0	0	0	0	0	0	0	46	5	0	0	0	0	0	0
fsh-generated/resources/ValueSet-CaputTypeDHR.json	668	1	0	0	0	0	0	0	0	1	0	0	0	0	0	0	0	0	0	0	5	6	0	0	0	0	0	0
fsh-generated/resources/ValueSet-CaputnekroseDSR.json	782	0	0	0	0	0	0	0	0	1	0	0	0	0	0	0	0	0	0	0	5	6	0	0	0	0	0	0
fsh-generated/resources/ValueSet-CementBlandesystemDHR.json	761	0	0	0	0	0	0	0	0	1	0	0	0	0	0	0	0	0	0	0	151	6	0	0	0	0	0	0
fsh-generated/resources/ValueSet-CementDKR.json	2738	0	0	0	0	0	0	0	0	1	0	0	0	0	0	0	0	0	0	0	196	7	0	0	0	1	0	0
fsh-generated/resources/ValueSet-CementFemurTibiaPatellaDKR.json	2504	0	0	0	0	0	0	0	0	2	0	0	0	0	0	0	0	0	0	0	125	7	0	0	0	0	0	0
fsh-generated/resources/ValueSet-CementHofteDHR.json	2619	1	0	0	0	0	0	0	0	1	0	0	0	0	0	0	0	0	0	0	8	7	0	0	0	0	0	0
fsh-generated/resources/ValueSet-CentralBlock.json	904	0	0	0	0	0	0	0	0	1	0	0	0	0	0	0	0	0	0	0	48	6	0	0	0	0	0	0
fsh-generated/resources/ValueSet-CentralBlockType.json	1304	0	0	0	0	0	0	0	0	1	0	0	0	0	0	0	0	0	0	0	91	6	0	0	0	1	0	0
fsh-generated/resources/ValueSet-Chemotherapy.json	754	0	0	0	0	0	0	0	0	1	0	0	0	0	0	0	0	0	0	0	14	5	0	0	0	0	0	0
fsh-generated/resources/ValueSet-ChromosomPairs.json	951	1	0	0	0	0	0	0	0	1	0	0	0	0	0	0	0	0	0	0	8	6	0	0	0	0	0	0
fsh-generated/resources/ValueSet-CivilstandDAP.json	745	0	0	0	0	0	0	0	0	1	0	0	0	0	0	0	0	0	0	0	52	6	0	0	0	0	0	0
fsh-generated/resources/ValueSet-CivilstatusRETSPSYK.json	682	0	0	0	0	0	0	0	0	1	0	0	0	0	0	0	0	0	0	0	55	5	0	0	0	0	0	0
fsh-generated/resources/ValueSet-ClavienKomplikationsgrad.json	1572	0	0	0	0	0	0	0	0	1	0	0	0	0	0	0	0	0	0	0	8	7	0	0	0	0	0	0
fsh-generated/resources/ValueSet-ClavienKomplikationsgradDCCG.json	1402	0	0	0	0	0	0	0	1	2	0	0	0	0	0	0	0	0	0	0	100	6	0	0	0	0	0	0
fsh-generated/resources/ValueSet-ClavienKomplikationsgradLangDCCG.json	2450	1	0	0	0	0	0	0	0	2	0	0	0	0	0	0	0	0	0	0	277	7	0	1	0	0	0	0
fsh-generated/resources/ValueSet-ClinicalProtocolCodes.json	822	0	0	0	0	0	0	0	0	1	0	0	0	0	0	0	0	0	0	0	49	6	0	0	0	1	0	0
fsh-generated/resources/ValueSet-ClinicalProtocolCodes1.json	827	0	0	0	0	0	0	0	0	1	0	0	0	0	0	0	0	0	0	0	7	6	0	0	0	0	0	0
fsh-generated/resources/ValueSet-ClinicalProtocolNotParticipated.json	1027	0	0	0	0	0	0	0	0	1	0	0	0	0	0	0	0	0	0	0	8	6	0	0	0	0	0	0
fsh-generated/resources/ValueSet-Competence.json	1244	1	0	0	0	0	0	0	0	0	0	0	0	0	0	0	0	0	0	0	67	6	0	0	0	0	0	0
fsh-generated/resources/ValueSet-ComplicationAN.json	1704	0	0	0	0	0	0	0	0	1	0	0	0	0	0	0	0	0	0	0	65	6	0	0	0	0	0	0
fsh-generated/resources/ValueSet-ComplicationAN2026.json	1524	0	0	0	0	0	0	0	0	1	0	0	0	0	0	0	0	0	0	0	79	6	0	0	0	0	0	0
fsh-generated/resources/ValueSet-ComplicationPO.json	1497	0	0	0	0	0	0	0	0	1	0	0	0	0	0	0	0	0	0	0	7	6	0	0	0	0	0	0
fsh-generated/resources/ValueSet-ComplicationPO2026.json	1318	0	0	0	0	0	0	0	0	1	0	0	0	0	0	0	0	0	0	0	6	7	0	0	0	0	0	0
fsh-generated/resources/ValueSet-ComplicationsManifestation.json	1886	1	0	0	0	0	0	0	0	1	0	0	0	0	0	0	0	0	0	0	86	7	0	0	0	0	0	0
fsh-generated/resources/ValueSet-ComplicationsManifestation202412.json	1713	0	0	0	0	0	0	0	0	1	0	0	0	0	0	0	0	1	0	0	315	6	0	0	0	1	0	0
fsh-generated/resources/ValueSet-CoronaryArteryGraph.json	1082	0	0	0	0	0	0	0	0	1	0	0	0	0	0	0	0	0	0	0	16	6	0	0	0	0	0	0
fsh-generated/resources/ValueSet-Cyclus.json	1192	0	0	0	0	0	0	0	0	1	0	0	0	0	0	0	0	0	0	0	51	6	0	0	0	0	0	0
fsh-generated/resources/ValueSet-CytogeneticCancerChangesALD.json	2125	1	0	0	0	0	0	0	0	1	0	0	0	0	0	0	0	0	0	0	54	7	0	0	0	0	0	0
fsh-generated/resources/ValueSet-CytogeneticChanges.json	797	0	0	0	1	0	0	0	0	1	0	0	0	0	0	0	0	0	0	1	5	6	0	0	1	0	0	0
fsh-generated/resources/ValueSet-CytogeneticExamination.json	1184	0	0	0	0	0	0	0	0	1	0	0	0	0	0	0	0	0	0	0	113	6	0	0	0	0	0	0
fsh-generated/resources/ValueSet-CytogeneticResult.json	1492	0	0	0	0	0	0	0	0	1	0	0	0	0	0	0	0	0	0	0	54	6	0	0	0	0	0	0
fsh-generated/resources/ValueSet-CytogeneticResult202410.json	1416	0	0	0	0	0	0	0	0	1	0	0	0	0	0	0	0	0	0	0	177	6	0	0	0	0	0	0
fsh-generated/resources/ValueSet-CytogeneticRisk.json	953	0	0	0	0	0	0	0	0	1	0	0	0	0	0	0	0	0	0	0	93	5	0	0	0	0	0	0
fsh-generated/resources/ValueSet-CytogeneticRiskGrimwade2010.json	1300	1	0	0	0	0	0	0	0	2	0	0	0	0	0	0	0	0	0	0	9	7	0	0	0	0	0	0
fsh-generated/resources/ValueSet-CytogeneticRiskGrimwade2010DAMYDA.json	1106	0	0	0	0	0	0	0	1	1	0	0	0	0	0	0	0	0	0	0	87	6	0	0	0	1	0	0
fsh-generated/resources/ValueSet-CytogeneticSpecificerFund.json	724	0	1	0	0	0	0	0	0	1	0	0	0	0	0	0	0	0	0	0	7	5	0	0	0	0	0	0
fsh-generated/resources/ValueSet-CytogeneticStemCellType.json	899	0	0	0	0	0	0	0	0	1	0	0	0	0	0	0	0	0	0	0	6	6	0	0	0	0	0	0
fsh-generated/resources/ValueSet-Cytopeni.json	780	1	0	0	0	0	0	0	0	1	0	0	0	0	0	0	0	0	0	0	8	5	0	0	0	0	0	0
fsh-generated/resources/ValueSet-DHDeksklusionskriterie.json	2163	0	0	0	0	0	0	0	0	1	0	0	0	0	0	0	0	0	0	0	8	7	0	0	0	0	0	0
fsh-generated/resources/ValueSet-DSAFundLokation.json	1607	0	0	0	0	0	0	0	0	1	0	0	0	0	0	0	0	0	0	0	35	6	0	0	0	0	0	0
fsh-generated/resources/ValueSet-DSAFundLokation2026.json	1086	0	0	0	0	0	0	0	0	2	0	0	0	0	0	0	0	0	0	0	71	6	0	0	0	0	0	0
fsh-generated/resources/ValueSet-DVTProfylakseDosisDKRR.json	890	1	0	0	0	0	0	0	0	1	0	0	0	0	0	0	0	0	0	0	11	6	0	0	0	0	0	0
fsh-generated/resources/ValueSet-DatabasesHAEMA.json	710	0	0	0	0	0	0	0	0	1	0	0	0	0	0	0	0	0	0	0	13	5	0	0	0	0	0	0
fsh-generated/resources/ValueSet-DegcMDTBeslutning.json	847	0	0	0	0	0	0	0	0	1	0	0	0	0	0	0	0	0	0	0	6	6	0	0	0	1	0	0
fsh-generated/resources/ValueSet-DeleFoelelser.json	1068	0	0	0	0	0	0	0	0	1	0	0	0	0	0	0	0	0	0	0	16	6	0	0	0	0	0	0
fsh-generated/resources/ValueSet-DetectionMethodCR.json	702	0	0	0	0	0	0	0	0	1	0	0	0	0	0	0	0	0	0	0	50	5	0	0	0	0	0	0
fsh-generated/resources/ValueSet-DiagnoseCLL.json	617	1	0	0	0	0	0	0	0	1	0	0	0	0	0	0	0	0	0	0	5	6	0	0	0	0	0	0
fsh-generated/resources/ValueSet-DiagnoseDANDEM.json	2243	0	0	0	0	0	0	0	0	2	0	0	0	0	0	0	0	0	0	0	8	7	0	0	0	0	0	0
fsh-generated/resources/ValueSet-DiagnoseDMPN.json	1211	0	0	0	0	0	0	0	0	1	0	0	0	0	0	0	0	0	0	0	5	29	0	0	0	0	0	0
fsh-generated/resources/ValueSet-DiagnoseDMPNopfoelgning.json	1120	0	0	0	0	0	0	0	0	1	0	0	0	0	0	0	0	0	0	0	6	13	0	0	0	0	0	0
fsh-generated/resources/ValueSet-DiagnosegruppeHAEMA.json	1109	0	0	0	0	0	0	0	0	1	0	0	0	0	0	0	0	0	0	0	34	9	0	0	0	0	0	0
fsh-generated/resources/ValueSet-DiagnosetypeDPD.json	672	0	0	0	0	0	0	0	0	0	0	0	0	0	0	0	0	0	0	0	7	10	0	0	0	1	0	0
fsh-generated/resources/ValueSet-DialyseOpstartDNSL.json	748	1	0	0	0	0	0	0	0	1	0	0	0	0	0	0	0	0	0	0	6	10	0	0	0	0	0	0
fsh-generated/resources/ValueSet-DialyseadgangDNSL.json	994	0	0	0	0	0	0	0	0	1	0	0	0	0	0	0	0	0	0	0	156	10	0	0	0	0	0	0
fsh-generated/resources/ValueSet-DoedLokation.json	1203	0	0	0	0	0	0	0	0	1	0	0	0	0	0	0	0	0	0	0	22	10	0	0	0	0	0	0
fsh-generated/resources/ValueSet-DoedsaarsagALD.json	1575	0	0	0	0	0	0	0	0	2	0	0	0	0	0	0	0	0	0	0	7	12	0	0	0	0	0	0
fsh-generated/resources/ValueSet-DoedsaarsagCLL.json	950	0	0	0	0	0	0	0	0	2	0	0	0	0	0	0	0	0	0	0	6	11	0	0	0	0	0	0
fsh-generated/resources/ValueSet-DoedsaarsagDAMYDA.json	1292	0	0	0	0	0	0	0	0	1	0	0	0	0	0	0	0	0	0	0	7	11	0	0	0	0	0	0
fsh-generated/resources/ValueSet-DoedsaarsagLYFO.json	1362	1	0	0	0	0	0	0	0	1	0	0	0	0	0	0	0	0	0	0	14	12	0	0	0	0	0	0
fsh-generated/resources/ValueSet-DoedsaarsagSAH.json	1600	0	0	0	0	0	0	0	1	2	0	0	0	0	0	0	0	0	0	0	26	11	0	0	0	0	0	0
fsh-generated/resources/ValueSet-DomAendringPauseringRETSPSYK.json	726	0	0	0	0	0	0	0	0	1	0	0	0	0	0	0	0	0	0	0	5	12	0	0	0	0	0	0
fsh-generated/resources/ValueSet-DomAfslutningRETSPSYK.json	798	0	0	0	0	0	0	0	0	1	0	0	0	0	0	0	0	0	0	0	5	15	0	0	0	1	0	0
fsh-generated/resources/ValueSet-DomAnbefalingRETSPSYK.json	1327	0	0	0	0	0	0	0	0	1	0	0	0	0	0	0	0	0	0	0	7	15	0	0	0	0	0	0
fsh-generated/resources/ValueSet-DomAnbringelseRETSPSYK.json	794	0	0	0	0	0	0	0	0	4	0	0	0	0	0	0	0	0	0	0	4	9	0	0	0	0	0	0
fsh-generated/resources/ValueSet-DomBehandlingAmbulantRETSPSYK.json	1318	1	0	0	0	0	0	0	0	1	0	0	0	0	0	0	0	0	0	0	5	10	0	0	0	0	0	0
fsh-generated/resources/ValueSet-DomBehandlingRETSPSYK.json	806	0	0	0	0	0	0	0	0	1	0	0	0	0	0	0	0	0	0	0	5	10	0	0	0	0	0	0
fsh-generated/resources/ValueSet-DomForanstaltningstypeRETSPSYK.json	959	0	0	0	0	0	0	0	0	1	0	0	0	0	0	0	0	0	0	0	29	9	0	0	0	0	0	0
fsh-generated/resources/ValueSet-DomOphaevelseAarsagRETSPSYK.json	983	0	0	0	0	0	0	0	0	0	0	0	0	0	0	0	0	0	0	0	9	10	0	0	0	0	0	0
fsh-generated/resources/ValueSet-DomPauseringAarsagRETSPSYK.json	819	0	0	0	0	0	0	0	0	1	0	0	0	0	0	0	0	0	0	0	6	9	0	0	0	0	0	0
fsh-generated/resources/ValueSet-DomTidligereRETSPSYK.json	1983	0	0	0	0	0	0	0	0	2	0	0	0	0	0	0	0	0	0	0	7	10	0	0	0	0	0	0
fsh-generated/resources/ValueSet-DonorRelationDNSL.json	1182	1	0	0	1	0	0	0	0	1	0	0	0	0	0	0	0	0	0	0	60	9	0	0	0	0	0	0
fsh-generated/resources/ValueSet-DonorRelationship.json	957	0	0	0	0	0	0	0	0	1	0	0	0	0	0	0	0	0	0	0	6	9	0	1	0	0	0	0
fsh-generated/resources/ValueSet-DosisAKbehDKR.json	657	0	0	0	0	0	0	0	0	1	0	0	0	0	0	0	0	0	0	0	28	8	0	0	0	1	0	0
fsh-generated/resources/ValueSet-ECOG.json	1105	0	0	0	0	0	0	0	0	1	0	0	0	0	0	0	0	0	0	0	64	9	0	0	0	0	0	0
fsh-generated/resources/ValueSet-ECOGHAEMA.json	1054	0	0	0	0	0	0	0	0	1	0	0	0	0	0	0	0	0	0	0	57	9	0	0	0	0	0	0
fsh-generated/resources/ValueSet-EDTAHaemodialyseDNSL.json	830	1	0	0	0	0	0	0	0	0	0	0	0	0	0	0	0	0	0	0	9	8	0	0	0	0	0	0
fsh-generated/resources/ValueSet-EDTAPeritonedialyseDNSL.json	1191	0	0	0	0	0	0	0	0	1	0	0	0	0	0	0	0	0	0	0	5	9	0	0	0	0	0	0
fsh-generated/resources/ValueSet-EDTATransplantationDNSL.json	1799	0	0	0	0	0	0	0	0	1	0	0	0	0	0	0	0	0	0	0	6	9	0	0	0	0	0	0
fsh-generated/resources/ValueSet-EHSVentralHernieLateral.json	884	0	0	0	0	0	0	0	0	1	0	0	0	0	0	0	0	0	0	0	5	8	0	0	0	0	0	0
fsh-generated/resources/ValueSet-EHSVentralHernieMidtlinie.json	1001	0	0	0	0	0	0	0	0	0	0	0	0	0	0	0	0	0	0	0	5	9	0	0	0	0	0	0
fsh-generated/resources/ValueSet-EHSVentralHernieSamlet.json	1832	0	0	0	0	0	0	0	0	2	0	0	0	0	0	0	0	0	0	0	9	10	0	0	0	0	0	0
fsh-generated/resources/ValueSet-EHSVentralHernieType.json	894	1	0	0	0	0	0	0	0	2	0	0	0	0	0	0	0	0	0	0	5	9	0	0	0	1	0	0
fsh-generated/resources/ValueSet-EORTC14DPD.json	840	0	0	0	0	0	0	0	0	2	0	0	0	0	0	0	0	0	0	0	5	9	0	0	0	0	0	0
fsh-generated/resources/ValueSet-EORTC17DPD.json	1162	0	0	0	0	0	0	0	0	1	0	0	0	0	0	0	0	0	0	0	5	9	0	0	0	0	0	0
fsh-generated/resources/ValueSet-EORTC17DUGA.json	1154	0	0	0	0	0	0	0	0	1	0	0	0	0	0	0	0	0	0	0	11	9	0	0	0	0	0	0
fsh-generated/resources/ValueSet-EORTC24DPD.json	746	0	0	0	0	0	0	0	1	1	0	0	0	0	0	0	0	0	0	0	5	9	0	0	0	0	0	0
fsh-generated/resources/ValueSet-EndoskopiskUdseende.json	1000	1	0	0	0	0	0	0	0	1	0	0	0	0	0	0	0	0	0	0	6	10	0	0	0	0	0	0
fsh-generated/resources/ValueSet-ErklaeringRETSPSYK.json	1204	0	0	0	0	0	0	0	0	2	0	0	0	0	0	0	0	0	0	0	5	8	0	0	0	0	0	0
fsh-generated/resources/ValueSet-ExtraordinaryTreatmenCause.json	987	0	0	0	0	0	0	0	0	1	0	0	0	0	0	0	0	0	0	0	6	8	0	0	0	1	0	0
fsh-generated/resources/ValueSet-FISHProcedure.json	1097	0	0	0	0	0	0	0	0	1	0	0	0	0	0	0	0	0	0	0	5	9	0	0	0	0	0	0
fsh-generated/resources/ValueSet-FISHResult.json	1682	0	0	0	0	0	0	0	0	2	0	0	0	0	0	0	0	0	0	0	6	10	0	0	0	0	0	1
fsh-generated/resources/ValueSet-FISHResult202502.json	1880	1	0	0	0	0	0	0	0	1	0	0	0	0	0	0	0	0	0	0	6	10	0	0	0	0	0	0
fsh-generated/resources/ValueSet-FISHSamples.json	1588	0	0	0	0	0	0	0	0	1	0	0	0	0	0	0	0	0	0	0	23	9	0	0	0	0	0	0
fsh-generated/resources/ValueSet-FISHSamples202502.json	1563	0	0	0	0	0	0	0	0	1	0	0	0	0	0	0	0	0	0	0	6	9	0	0	0	0	0	0
fsh-generated/resources/ValueSet-Faggruppe.json	656	0	0	0	0	0	0	0	0	0	0	0	0	0	0	0	0	0	0	0	4	7	0	0	0	0	0	0
fsh-generated/resources/ValueSet-FemurKnogletabKlassifikationDHR.json	1138	0	0	0	0	0	0	0	0	1	0	0	0	0	0	0	0	0	0	0	6	9	0	0	0	1	0	0
fsh-generated/resources/ValueSet-FiksationCementeretUcementeret.json	737	1	0	0	0	0	0	0	0	1	0	0	0	0	0	0	0	0	0	0	7	8	0	0	0	0	0	0
fsh-generated/resources/ValueSet-FiksationCementeretUcementeretAndet.json	967	0	0	0	0	0	0	0	0	0	0	0	0	0	0	0	0	0	0	0	5	8	0	0	0	0	0	0
fsh-generated/resources/ValueSet-FiksationCementeretUcementeretHybrid.json	856	0	0	0	0	0	0	0	0	1	0	0	0	0	0	0	0	0	0	0	8	8	0	0	0	0	0	0
fsh-generated/resources/ValueSet-FiksationFemurDKRR.json	5987	0	0	0	0	0	0	0	0	2	0	0	0	0	0	0	0	0	0	0	41	17	0	0	0	0	0	0
fsh-generated/resources/ValueSet-FiksationFemurDKRR202503.json	6024	0	0	0	0	0	0	0	0	2	0	0	0	0	0	0	0	1	0	0	14	16	0	0	0	1	0	0
fsh-generated/resources/ValueSet-FiksationTibiaDKRR.json	5905	0	0	0	0	0	0	0	1	2	0	0	0	0	0	0	0	0	0	0	13	17	0	0	0	1	0	0
fsh-generated/resources/ValueSet-FisherGrad.json	842	0	0	0	0	0	0	0	0	1	0	0	0	0	0	0	0	0	0	0	6	10	0	0	0	0	0	0
fsh-generated/resources/ValueSet-FoedselsstedRETSPSYK.json	1414	0	0	0	0	0	0	0	0	1	0	0	0	0	0	0	0	0	0	0	6	10	0	0	0	0	0	0
fsh-generated/resources/ValueSet-FollowUp25Y.json	634	1	0	0	0	0	0	0	0	1	0	0	0	0	0	0	0	0	0	0	9	10	0	0	0	0	0	0
fsh-generated/resources/ValueSet-ForsoergelsesgrundlagRETSPSYK.json	1283	0	0	0	0	0	0	0	0	1	0	0	0	0	0	0	0	0	0	0	6	11	0	0	0	0	0	0
fsh-generated/resources/ValueSet-FrakturFriskhedDSR.json	776	0	0	0	0	0	0	0	0	1	0	0	0	0	0	0	0	0	0	0	5	9	0	0	0	0	0	0
fsh-generated/resources/ValueSet-FrekvensLaekDUGA.json	1070	0	0	0	0	0	0	0	0	1	0	0	0	0	0	0	0	0	0	0	6	10	0	0	0	1	0	0
fsh-generated/resources/ValueSet-FrekvensNedsynkningDUGA.json	1058	0	0	0	0	0	0	0	0	1	0	0	0	0	0	0	0	0	0	0	127	10	0	0	0	0	0	0
fsh-generated/resources/ValueSet-FunktionTestADLDANDEM.json	765	0	0	0	0	0	0	0	0	0	0	0	0	0	0	0	0	0	0	0	44	10	0	0	0	0	0	0
fsh-generated/resources/ValueSet-FunktionsgruppeDHR.json	929	0	0	0	1	0	0	0	0	1	0	0	0	0	0	0	0	0	0	0	7	10	0	0	0	0	0	0
fsh-generated/resources/ValueSet-FunktionsgruppeDKR.json	1117	0	0	0	0	0	0	0	0	2	0	0	0	0	0	0	0	0	0	0	6	14	0	0	0	0	0	0
fsh-generated/resources/ValueSet-Gender.json	598	1	0	0	0	0	0	0	0	0	0	0	0	0	0	0	0	0	0	0	6	9	0	0	0	0	0	0
fsh-generated/resources/ValueSet-GenoplivStoppet.json	833	0	0	0	0	0	0	0	0	1	0	0	0	0	0	0	0	0	0	0	11	9	0	0	0	0	0	0
fsh-generated/resources/ValueSet-Genoplivning.json	853	0	0	0	0	0	0	0	0	1	0	0	0	0	0	0	0	0	0	0	6	9	0	0	0	0	0	0
fsh-generated/resources/ValueSet-GlenoidalkomponentIkkeIndsatDSR.json	1197	1	0	0	0	0	0	0	0	1	0	0	0	0	0	0	0	0	0	0	5	9	0	0	0	1	0	0
fsh-generated/resources/ValueSet-GlenoidalkomponentSupplerendeDSR.json	1256	0	0	0	0	0	0	0	0	1	0	0	0	0	0	0	0	0	0	0	7	8	0	1	0	0	0	0
fsh-generated/resources/ValueSet-GradAkutDHDB.json	746	0	0	0	0	0	0	0	0	0	0	0	0	0	0	0	0	0	0	0	4	8	0	0	0	0	0	0
fsh-generated/resources/ValueSet-GraftACLDKRR.json	2249	0	0	0	0	0	0	0	0	1	0	0	0	0	0	0	0	0	0	0	7	11	0	0	0	0	0	0
fsh-generated/resources/ValueSet-GraftDKRR.json	2086	0	0	0	0	0	0	0	0	2	0	0	0	0	0	0	0	0	0	0	7	10	0	0	0	0	0	0
fsh-generated/resources/ValueSet-GrundlidelseDHR-2026-07.json	2291	1	0	0	0	0	0	0	0	1	0	0	0	0	0	0	0	0	0	0	7	11	0	0	0	1	0	0
fsh-generated/resources/ValueSet-GrundlidelseDHR.json	2363	0	0	0	0	0	0	0	0	1	0	0	0	0	0	0	0	0	0	0	8	10	0	0	0	0	0	0
fsh-generated/resources/ValueSet-GrundlidelseDKR.json	2199	0	0	0	0	0	0	0	1	1	0	0	0	0	0	0	0	0	0	0	6	10	0	0	0	0	0	0
fsh-generated/resources/ValueSet-GrundlidelseDSR.json	1374	0	0	0	0	0	0	0	0	1	0	0	0	0	0	0	0	0	0	0	15	9	0	0	0	0	0	0
fsh-generated/resources/ValueSet-GynUndersoegDUGA.json	729	1	0	0	0	0	0	0	0	1	0	0	0	0	0	0	0	0	0	0	54	9	0	0	0	0	0	0
fsh-generated/resources/ValueSet-HaemoglobinTransf4.json	911	0	0	0	0	0	0	0	0	1	0	0	0	0	0	0	0	0	0	0	5	8	0	0	0	0	0	0
fsh-generated/resources/ValueSet-HandProblemer.json	963	0	0	0	0	0	0	0	0	1	0	0	0	0	0	0	0	0	0	0	6	9	0	0	0	1	0	0
fsh-generated/resources/ValueSet-HarrisHipScoreGangafvikling.json	890	0	0	0	0	0	0	0	0	0	0	0	0	0	0	0	0	0	0	0	65	9	0	0	0	0	0	0
fsh-generated/resources/ValueSet-HarrisHipScoreGangdistance.json	988	0	0	0	0	0	0	0	0	1	0	0	0	0	0	0	0	0	0	0	106	9	0	0	0	0	0	0
fsh-generated/resources/ValueSet-HarrisHipScoreHjaelpemidler.json	1114	1	0	0	0	0	0	0	0	1	0	0	0	0	0	0	0	0	0	0	11	9	0	0	0	0	0	0
fsh-generated/resources/ValueSet-HarrisHipScoreOffentligTransport.json	766	0	0	0	0	0	0	0	0	0	0	0	0	0	0	0	0	0	0	0	5	8	0	0	0	0	0	0
fsh-generated/resources/ValueSet-HarrisHipScoreSiddefunktion.json	834	0	0	0	0	0	0	0	0	1	0	0	0	0	0	0	0	0	0	0	5	9	0	0	0	0	0	0
fsh-generated/resources/ValueSet-HarrisHipScoreSkoStroemper.json	802	0	0	0	0	0	0	0	0	1	0	0	0	0	0	0	0	0	0	0	30	28	0	0	0	0	0	0
fsh-generated/resources/ValueSet-HarrisHipScoreSmerter.json	1201	0	0	0	0	0	0	0	0	1	0	0	0	0	0	0	0	0	0	0	5	12	0	0	0	0	0	0
fsh-generated/resources/ValueSet-HarrisHipScoreTrappegang.json	894	1	0	0	0	0	0	0	0	0	0	0	0	0	0	0	0	0	0	0	5	9	0	0	0	1	0	0
fsh-generated/resources/ValueSet-HeartAttackSTEMIPosition.json	939	0	0	0	0	0	0	0	0	1	0	0	0	0	0	0	0	0	0	0	15	9	0	0	0	0	0	0
fsh-generated/resources/ValueSet-HeartAttackTypes.json	1049	0	0	0	0	0	0	0	0	1	0	0	0	0	0	0	0	0	0	0	5	8	0	0	0	0	0	0
fsh-generated/resources/ValueSet-HeartFailure.json	883	0	0	0	0	0	0	0	0	1	0	0	0	0	0	0	0	0	0	0	6	8	0	0	0	0	0	0
fsh-generated/resources/ValueSet-HeartRhythm.json	912	0	0	0	0	0	0	0	0	1	0	0	0	0	0	0	0	0	0	0	7	9	0	0	0	0	0	0
fsh-generated/resources/ValueSet-HematologicalDiseases.json	1295	1	0	0	0	0	0	0	0	1	0	0	0	0	0	0	0	0	0	0	6	9	0	0	0	0	0	0
fsh-generated/resources/ValueSet-HemialloplastikFemur.json	753	0	0	0	0	0	0	0	0	2	0	0	0	0	0	0	0	0	0	0	44	7	0	0	0	0	0	0
fsh-generated/resources/ValueSet-HenvistFra.json	1229	0	0	0	0	0	0	0	0	1	0	0	0	0	0	0	0	0	0	0	39	9	0	0	0	1	0	0
fsh-generated/resources/ValueSet-HernieStoerrelse.json	1005	0	0	0	0	0	0	0	0	0	0	0	0	0	0	0	0	0	0	0	5	10	0	0	0	0	0	0
fsh-generated/resources/ValueSet-HjerneoedemDAP.json	778	0	0	0	0	0	0	0	0	1	0	0	0	0	0	0	0	0	0	0	5	8	0	0	0	0	0	0
fsh-generated/resources/ValueSet-Hjerterytme.json	761	1	0	0	1	0	0	0	0	1	0	0	0	0	0	0	0	0	0	0	5	8	0	0	0	0	0	0
fsh-generated/resources/ValueSet-HjertestopAarsag.json	679	0	0	0	0	0	0	0	0	0	0	0	0	0	0	0	0	0	0	0	23	8	0	0	0	0	0	0
fsh-generated/resources/ValueSet-HumeruskomponentDSR.json	932	0	0	0	0	0	0	0	0	2	0	0	0	0	0	0	0	0	0	0	40	8	0	0	0	0	0	0
fsh-generated/resources/ValueSet-HuntHessClassification.json	1230	0	0	0	0	0	0	0	0	1	0	0	0	0	0	0	0	0	0	0	5	8	0	0	0	0	0	0
fsh-generated/resources/ValueSet-HydrocephalusTiltag.json	745	0	0	0	0	0	0	0	0	0	0	0	0	0	0	0	0	0	0	0	5	7	0	0	0	0	0	0
fsh-generated/resources/ValueSet-Hyppighed.json	990	1	0	0	0	0	0	0	0	1	0	0	0	0	0	0	0	0	0	0	5	8	0	0	0	1	0	0
fsh-generated/resources/ValueSet-ICHEvakuering.json	747	0	0	0	0	0	0	0	1	1	0	0	0	0	0	0	0	0	0	0	4	8	0	0	0	0	0	0
fsh-generated/resources/ValueSet-ICRSGraduering14.json	969	0	0	0	0	0	0	0	0	1	0	0	0	0	0	0	0	0	0	0	56	7	0	0	0	0	0	0
fsh-generated/resources/ValueSet-IDC10DPD.json	4470	1	0	0	0	0	0	0	0	2	0	0	0	0	0	0	0	0	0	0	16	12	0	1	0	1	0	0
fsh-generated/resources/ValueSet-IDC10DPDCancer.json	3569	0	0	0	0	0	0	0	0	2	0	0	0	0	0	0	0	0	0	0	9	11	0	0	0	0	0	0
fsh-generated/resources/ValueSet-IDC10DPDNonCancer.json	1344	0	0	0	0	0	0	0	0	1	0	0	0	0	0	0	0	0	0	0	5	32	0	0	0	0	0	0
fsh-generated/resources/ValueSet-IPSSRCytogenetiskRisiko.json	1206	0	0	0	0	0	0	0	0	1	0	0	0	0	0	0	0	0	0	0	6	10	0	0	0	0	0	0
fsh-generated/resources/ValueSet-IkkeBesvaret.json	796	1	0	0	0	0	0	0	0	0	0	0	0	0	0	0	0	0	0	0	4	10	0	0	0	0	0	0
fsh-generated/resources/ValueSet-IkkeUdfoert.json	544	0	0	0	0	0	0	0	0	1	0	0	0	0	0	0	0	0	0	0	4	8	0	0	0	1	0	0
fsh-generated/resources/ValueSet-Imaging.json	587	0	0	0	0	0	0	0	0	1	0	0	0	0	0	0	0	0	0	0	5	8	0	0	0	0	0	0
fsh-generated/resources/ValueSet-ImagingAngio.json	638	0	0	0	0	0	0	0	0	1	0	0	0	0	0	0	0	0	0	0	4	8	0	0	0	0	0	0
fsh-generated/resources/ValueSet-Immunoterapi.json	1592	0	0	0	0	0	0	0	0	1	0	0	0	0	0	0	0	0	0	0	8	9	0	0	0	0	0	0
fsh-generated/resources/ValueSet-ImplantatAnatomiskDesign.json	706	0	0	0	0	0	0	0	0	0	0	0	0	0	0	0	0	0	0	0	24	8	0	0	0	0	0	0
fsh-generated/resources/ValueSet-ImplantatAnatomiskOffset.json	703	1	0	0	0	0	0	0	0	1	0	0	0	0	0	0	0	0	0	0	5	8	0	0	0	0	0	0
fsh-generated/resources/ValueSet-ImplantatAnatomiskReverse.json	704	0	0	0	0	0	0	0	0	0	0	0	0	0	0	0	0	0	0	0	4	7	0	0	0	0	0	0
fsh-generated/resources/ValueSet-ImplantatMateriale-KeramikMetalAndet-2026-07.json	792	0	0	0	0	0	0	0	0	1	0	0	0	0	0	0	0	0	0	0	5	7	0	0	0	0	0	0
fsh-generated/resources/ValueSet-ImplantatMaterialeDSR.json	988	0	0	0	0	0	0	0	0	1	0	0	0	0	0	0	0	0	0	0	5	8	0	0	0	1	0	0
fsh-generated/resources/ValueSet-ImplantatMaterialeKeramikMetalAndet.json	963	0	0	0	0	0	0	0	0	0	0	0	0	0	0	0	0	0	0	0	5	8	0	0	0	0	0	0
fsh-generated/resources/ValueSet-ImplantatMaterialePolyethylenKeramikMetal.json	888	1	0	0	0	0	0	0	0	1	0	0	0	0	0	0	0	0	0	0	5	7	0	0	0	0	0	0
fsh-generated/resources/ValueSet-ImplantatReverseDesign.json	693	0	0	0	0	0	0	0	0	1	0	0	0	0	0	0	0	0	0	0	25	7	0	0	0	0	0	0
fsh-generated/resources/ValueSet-ImplantattypeDUGA.json	1087	0	0	0	0	0	0	1	0	1	0	0	0	0	0	0	0	0	0	0	5	7	0	0	0	0	0	0
fsh-generated/resources/ValueSet-Incisionsvalg.json	1819	0	0	0	0	0	0	0	0	1	0	0	0	0	0	0	0	1	0	0	6	6	0	0	0	0	0	0
fsh-generated/resources/ValueSet-IndgrebAabenIngvinalhernieDHDB.json	1163	0	0	0	0	0	0	0	0	1	0	0	0	0	0	0	0	0	0	0	5	6	0	0	0	1	0	0
fsh-generated/resources/ValueSet-IndgrebAabenMeshIngvinalhernieDHDB.json	979	1	0	0	0	0	0	0	0	0	0	0	0	0	0	0	0	0	0	0	5	6	0	0	0	0	0	0
fsh-generated/resources/ValueSet-IndgrebComponentsSeparationDHDB.json	735	0	0	0	0	0	0	0	1	1	0	0	0	0	0	0	0	0	0	0	5	6	0	0	0	0	0	0
fsh-generated/resources/ValueSet-IndgrebComponentsSeparationTypeDHDB.json	805	0	0	0	0	0	0	0	0	1	0	0	0	0	0	0	0	0	0	0	5	6	0	0	0	0	0	0
fsh-generated/resources/ValueSet-IndgrebFemoralhernieDHDB.json	1390	0	0	0	1	0	0	0	0	1	0	0	0	0	0	0	0	0	0	0	7	6	0	0	0	0	0	0
fsh-generated/resources/ValueSet-IndgrebIngvinalhernieDHDB.json	1772	0	0	0	0	0	0	0	0	0	0	0	0	0	0	0	0	0	0	0	16	7	0	0	0	0	0	0
fsh-generated/resources/ValueSet-IndgrebLaparoskopiskDHDB.json	774	0	0	0	0	0	0	0	0	1	1	0	0	0	0	0	0	0	0	0	5	5	0	0	0	0	0	0
fsh-generated/resources/ValueSet-IndgrebNerveSet.json	784	1	0	0	0	0	0	0	0	1	0	0	0	0	0	0	0	0	0	0	5	5	0	0	0	1	0	0
fsh-generated/resources/ValueSet-IndgrebPrioritetAkutElektiv.json	708	0	0	0	0	0	0	0	0	0	0	0	0	0	0	0	0	0	0	0	5	6	0	0	0	0	0	0
fsh-generated/resources/ValueSet-IndgrebVentralhernieAndenDHDB.json	1049	0	0	0	0	0	0	0	0	1	0	0	0	0	0	0	0	0	0	0	6	5	0	0	0	0	0	0
fsh-generated/resources/ValueSet-IndgrebVentralhernieDHDB.json	1705	1	0	0	0	0	0	0	0	1	0	0	0	0	0	0	0	0	0	0	91	6	0	0	0	0	0	0
fsh-generated/resources/ValueSet-IndikationTES.json	858	0	0	0	0	0	0	0	0	1	0	0	0	0	0	0	0	0	0	0	45	6	0	0	0	0	0	0
fsh-generated/resources/ValueSet-IndsatFjernet.json	635	0	0	0	0	0	0	0	0	1	0	0	0	0	0	0	0	0	0	0	5	5	0	0	0	0	0	0
fsh-generated/resources/ValueSet-IndsatIkkeIndsat.json	661	0	0	0	0	0	0	0	0	1	0	0	0	0	0	0	0	0	0	0	6	5	0	0	0	0	0	0
fsh-generated/resources/ValueSet-Ingen.json	539	0	0	0	0	0	0	0	0	0	0	0	0	0	0	0	0	0	0	0	5	6	0	0	0	1	0	0
fsh-generated/resources/ValueSet-IngenBehandling.json	601	1	0	0	0	0	0	0	0	1	0	0	0	0	0	0	0	0	0	0	58	5	0	0	0	0	0	0
fsh-generated/resources/ValueSet-IngvinalhernieSpecificering.json	1027	0	0	0	0	0	0	0	0	1	0	0	0	0	0	0	0	0	0	0	58	5	0	0	0	0	0	0
fsh-generated/resources/ValueSet-InitialRespons.json	958	0	0	0	0	0	1	0	0	0	0	0	0	0	0	0	0	0	0	0	113	6	0	0	0	0	0	0
fsh-generated/resources/ValueSet-Interventionsforloeb.json	768	0	0	0	0	0	0	0	0	1	0	0	0	0	0	0	0	0	0	0	60	6	0	0	0	0	0	0
fsh-generated/resources/ValueSet-InterventionsgruppeDialyseHaemoDNSL.json	866	0	0	0	0	0	0	0	0	1	0	0	0	0	0	0	0	0	0	0	7	5	0	1	0	0	0	0
fsh-generated/resources/ValueSet-InterventionsgruppeDialysePeritonealDNSL.json	896	1	0	0	0	0	0	0	0	0	0	0	0	0	0	0	0	0	0	0	56	5	0	0	0	0	0	0
fsh-generated/resources/ValueSet-InterventionsgruppeTransplantDNSL.json	928	0	0	0	0	0	0	0	0	1	0	0	0	0	0	0	0	0	0	0	5	5	0	0	0	0	0	0
fsh-generated/resources/ValueSet-InterventionsgruppeTransplantExclDNSL.json	1071	0	0	0	0	0	0	0	0	0	0	0	0	0	0	0	0	0	0	0	5	6	0	0	0	0	0	0
fsh-generated/resources/ValueSet-IntraoperativeLaesionerKDCCG.json	1932	0	0	0	0	0	0	0	0	1	0	0	0	0	0	0	0	0	0	0	12	6	0	0	0	0	0	0
fsh-generated/resources/ValueSet-IntraoperativeLaesionerMDCCG.json	1832	0	0	0	0	0	0	0	0	1	0	0	0	0	0	0	0	0	0	0	11	7	0	0	0	1	0	0
fsh-generated/resources/ValueSet-Intubation.json	1230	0	0	0	0	0	0	0	0	1	0	0	0	0	0	0	0	0	0	0	26	6	0	0	0	0	0	0
fsh-generated/resources/ValueSet-IntubationRelaks.json	691	0	0	0	0	0	0	0	0	1	0	0	0	0	0	0	0	0	0	0	5	5	0	0	0	0	0	0
fsh-generated/resources/ValueSet-JaEnkeltUdfald.json	538	1	0	0	0	0	0	0	1	0	0	0	0	0	0	0	0	0	0	0	5	6	0	0	0	0	0	0
fsh-generated/resources/ValueSet-JaNej.json	590	0	0	0	0	0	0	0	0	1	0	0	0	0	0	0	0	0	0	0	4	5	0	0	0	0	0	0
fsh-generated/resources/ValueSet-JaNejBetinget.json	871	0	0	0	0	0	0	0	0	1	0	0	0	0	0	0	0	0	0	0	5	6	0	0	0	0	0	0
fsh-generated/resources/ValueSet-JaNejEjMaalt.json	722	0	0	0	0	0	0	0	0	0	0	0	0	0	0	0	0	0	0	0	4	6	0	0	0	0	0	0
fsh-generated/resources/ValueSet-JaNejIkkeSpurgt.json	733	0	0	0	1	0	0	0	0	1	0	0	0	0	0	0	0	0	0	0	4	5	0	0	0	0	0	0
fsh-generated/resources/ValueSet-JaNejIkkeUdfoert.json	861	0	0	0	0	0	0	0	0	0	0	0	0	0	0	0	0	0	0	0	5	6	0	0	0	0	0	0
fsh-generated/resources/ValueSet-JaNejIkkefagligrelevant.json	777	0	0	0	0	0	0	0	0	1	0	0	0	0	0	0	0	0	0	0	5	7	0	0	0	0	0	0
fsh-generated/resources/ValueSet-JaNejIkkeindiceret.json	878	0	0	0	0	0	0	0	0	1	0	0	0	0	0	0	0	0	0	0	5	6	0	0	0	0	0	0
fsh-generated/resources/ValueSet-JaNejIkkerelevant.json	738	0	0	0	0	0	0	0	0	1	0	0	0	0	0	0	0	0	0	0	4	5	0	0	0	0	0	0
fsh-generated/resources/ValueSet-JaNejKanIkkeAfgoeres.json	769	0	0	0	0	0	0	0	0	1	0	0	0	0	0	0	0	0	0	0	5	7	0	0	0	1	0	0
fsh-generated/resources/ValueSet-JaNejUkendt.json	741	1	0	0	0	0	0	0	0	0	0	0	0	0	0	0	0	0	0	0	4	5	0	0	0	0	0	0
fsh-generated/resources/ValueSet-JaNejUkendtIkkerelevant.json	895	0	0	0	0	0	0	0	0	1	0	0	0	0	0	0	0	0	0	0	10	6	0	0	0	0	0	0
fsh-generated/resources/ValueSet-JaNejUvist.json	712	0	0	0	0	0	0	0	0	1	0	0	0	0	0	0	0	0	0	0	4	5	0	0	0	0	0	0
fsh-generated/resources/ValueSet-JaNejUvistIkkeudfoert.json	984	0	0	0	0	0	0	0	0	1	0	0	0	0	0	0	0	0	0	0	12	7	0	0	0	0	0	0
fsh-generated/resources/ValueSet-JaNejUvistUkendt.json	858	0	0	0	0	0	0	0	0	1	0	0	0	0	0	0	0	0	0	0	16	6	0	0	0	0	0	0
fsh-generated/resources/ValueSet-JaNejUvistUkendtIkkeRelevant.json	995	0	0	0	0	0	0	0	0	0	0	0	0	0	0	0	0	0	0	0	5	6	0	0	0	0	0	0
fsh-generated/resources/ValueSet-KellgrenLawsonKlassifikation.json	1026	0	0	0	0	0	0	0	0	1	0	0	0	0	0	0	0	0	0	0	66	6	0	0	0	0	0	0
fsh-generated/resources/ValueSet-Kemoterapiregime.json	9561	0	0	0	0	0	0	0	1	3	0	0	0	0	0	0	0	0	0	0	64	16	0	0	0	2	0	0
fsh-generated/resources/ValueSet-KirurgiskAdgangDSR.json	902	1	0	0	0	0	0	0	0	1	0	0	0	0	0	0	0	0	0	0	5	6	0	0	0	0	0	0
fsh-generated/resources/ValueSet-KliniskeSymptomerDCCG.json	1361	0	0	0	0	0	0	0	0	0	0	0	0	0	0	0	0	0	0	0	5	7	0	0	0	0	0	0
fsh-generated/resources/ValueSet-KnaeLoeshedGradering.json	886	0	0	0	0	0	0	0	0	1	0	0	0	0	0	0	0	0	0	0	15	8	0	0	0	0	0	0
fsh-generated/resources/ValueSet-KnaeLoeshedPosterolateral.json	884	0	0	0	0	0	0	0	0	1	0	0	0	0	0	0	0	0	0	0	5	10	0	0	0	0	0	0
fsh-generated/resources/ValueSet-KnaeakseDKR.json	913	0	0	0	0	0	0	0	0	1	0	0	0	0	0	0	0	0	0	0	4	9	0	0	0	0	0	0
fsh-generated/resources/ValueSet-KnoglegraftDSR.json	867	0	0	0	0	0	0	0	0	2	0	0	0	0	0	0	0	0	0	0	5	7	0	0	0	0	0	0
fsh-generated/resources/ValueSet-KnogletransplantationDHR.json	841	0	0	0	0	0	0	0	0	0	0	0	0	0	0	0	0	0	0	0	4	7	0	0	0	0	0	0
fsh-generated/resources/ValueSet-KognitivPaavirkningDANDEM.json	1134	0	0	0	0	0	0	0	0	2	0	0	0	0	0	0	0	0	0	0	15	8	0	0	0	0	0	0
fsh-generated/resources/ValueSet-KognitivTestDANDEM.json	1069	0	0	0	0	0	0	0	0	1	0	0	0	0	0	0	0	0	0	0	5	11	0	0	0	0	0	0
fsh-generated/resources/ValueSet-KomplAndreDiagDUGA.json	1108	0	0	0	0	0	0	0	0	0	0	0	0	0	0	0	0	0	0	0	5	9	0	0	0	0	0	0
fsh-generated/resources/ValueSet-KomplAndreProcDUGA.json	1262	1	0	0	0	0	0	0	0	1	0	0	0	0	0	0	0	0	0	0	5	7	0	0	0	1	0	0
fsh-generated/resources/ValueSet-KomplBlaereDiagDUGA.json	786	0	0	0	0	0	0	0	0	1	0	0	0	0	0	0	0	0	0	0	6	7	0	0	0	0	0	0
fsh-generated/resources/ValueSet-KomplBlaereProcDUGA.json	1673	0	0	0	0	0	0	0	0	1	0	0	0	0	0	0	0	0	0	0	5	7	0	1	0	0	0	0
fsh-generated/resources/ValueSet-KomplBloedDiagDUGA.json	890	0	0	0	0	0	0	0	0	1	0	0	0	0	0	0	0	0	0	0	5	6	0	0	0	0	0	0
fsh-generated/resources/ValueSet-KomplBloedProcDUGA.json	1116	0	0	0	0	0	0	0	1	1	0	0	0	0	0	0	0	0	0	0	4	6	0	0	0	0	0	0
fsh-generated/resources/ValueSet-KomplInfektionDiagDUGA.json	1172	0	0	0	1	0	0	0	0	1	0	0	0	0	0	0	0	0	0	0	5	6	0	0	0	0	0	0
fsh-generated/resources/ValueSet-KomplInfektionProcDUGA.json	2298	0	0	0	0	0	0	0	0	1	0	0	0	0	0	0	0	0	0	0	6	7	0	0	0	0	0	0
fsh-generated/resources/ValueSet-KomplOrganperfDiagDUGA.json	1334	0	0	0	0	0	0	0	0	1	0	0	0	0	0	0	0	0	0	0	5	6	0	0	0	0	0	0
fsh-generated/resources/ValueSet-KomplOrganperfProcDUGA.json	1344	0	0	0	0	0	0	0	0	1	0	0	0	0	0	0	0	0	0	0	67	6	0	0	0	0	0	0
fsh-generated/resources/ValueSet-KomplikationerBehandlingDEGC.json	1961	1	0	0	0	0	0	0	0	2	0	0	0	0	0	0	0	0	0	0	14	7	0	0	0	1	0	0
fsh-generated/resources/ValueSet-KomplikationerDKRR.json	1242	0	0	0	0	0	0	0	0	1	0	0	0	0	0	0	0	0	0	0	6	7	0	0	0	0	0	0
fsh-generated/resources/ValueSet-KomplikationerEndovaskulaerSAH.json	1170	0	0	0	0	0	0	0	0	1	0	0	0	0	0	0	0	0	0	0	4	7	0	0	0	0	0	0
fsh-generated/resources/ValueSet-KomplikationerKirurgiskSAH.json	963	0	0	0	0	0	0	0	0	1	0	0	0	0	0	0	0	0	0	0	6	6	0	0	0	0	0	0
fsh-generated/resources/ValueSet-KomplikationerPeroperativeDHR.json	801	0	0	0	0	0	0	0	0	1	0	0	0	0	0	0	0	0	0	0	4	6	0	0	0	0	0	0
fsh-generated/resources/ValueSet-KomplikationerPeroperativeDKR.json	1289	0	0	0	0	0	0	0	0	1	0	0	0	0	0	0	0	0	0	0	6	6	0	0	0	0	0	0
fsh-generated/resources/ValueSet-KomplikationerVaskulaerDMPN.json	1254	0	0	0	0	0	0	0	0	1	0	0	0	0	0	0	0	0	0	0	5	7	0	0	0	0	0	0
fsh-generated/resources/ValueSet-KomponentAcetabulumDHR.json	6015	1	0	0	0	0	0	0	0	2	0	0	0	0	0	0	0	0	0	0	65	11	0	0	0	1	0	0
fsh-generated/resources/ValueSet-KomponentAcetabulumStatusDHR.json	1033	0	0	0	0	0	0	0	0	0	0	0	0	0	0	0	0	0	0	0	5	6	0	0	0	0	0	0
fsh-generated/resources/ValueSet-KomponentFemurDHR.json	5943	0	0	0	0	0	0	0	0	2	0	0	0	0	0	0	0	1	0	0	17	11	0	0	0	0	0	0
fsh-generated/resources/ValueSet-KomponentFemurDKR.json	8324	1	0	0	0	0	0	0	1	3	0	0	0	0	0	0	0	0	0	0	16	13	0	0	0	1	0	0
fsh-generated/resources/ValueSet-KomponentFemurDKR202503.json	8365	0	0	0	0	0	0	0	0	2	0	0	0	0	0	0	0	0	0	0	16	10	0	0	0	0	0	0
fsh-generated/resources/ValueSet-KomponentFemurDKRrevision.json	8733	0	0	0	0	0	0	0	0	3	0	0	0	0	0	0	0	0	0	0	95	13	0	0	0	1	0	0
fsh-generated/resources/ValueSet-KomponentFemurDKRrevision202503.json	8780	1	0	0	0	0	0	0	0	2	0	0	0	0	0	0	0	0	0	0	18	11	0	0	0	0	0	0
fsh-generated/resources/ValueSet-KomponentFemurStatusDHR.json	1136	0	0	0	0	0	0	0	0	1	0	0	0	0	0	0	0	0	0	0	6	6	0	0	0	0	0	0
fsh-generated/resources/ValueSet-KomponentFemurStatusDKR.json	803	0	0	0	0	0	0	0	0	1	0	0	0	0	0	0	0	0	0	0	39	6	0	0	0	0	0	0
fsh-generated/resources/ValueSet-KomponentPatellaDKR.json	993	1	0	0	0	0	0	0	1	0	0	0	0	0	0	0	0	0	0	0	5	6	0	0	0	0	0	0
fsh-generated/resources/ValueSet-KomponentPatellaDKRrevision.json	1262	0	0	0	0	0	0	0	0	1	0	0	0	0	0	0	0	0	0	0	5	7	0	0	0	1	0	0
fsh-generated/resources/ValueSet-KomponentPatellaMaterialeDKR.json	743	0	0	0	0	0	0	0	0	1	0	0	0	0	0	0	0	0	0	0	5	5	0	0	0	0	0	0
fsh-generated/resources/ValueSet-KomponentSupplementDKR.json	1404	0	0	0	0	0	0	0	0	1	0	0	0	0	0	0	0	0	0	0	5	6	0	0	0	0	0	0
fsh-generated/resources/ValueSet-KomponentTibiaDKR.json	8474	0	0	0	0	0	0	0	0	2	0	0	0	0	0	0	0	0	0	0	29	37	0	0	0	0	0	0
fsh-generated/resources/ValueSet-KomponentTibiaDKR202503.json	8512	1	0	0	0	0	0	0	0	2	0	0	0	0	0	0	0	0	0	0	17	11	0	0	0	1	0	0
fsh-generated/resources/ValueSet-KomponentTibiaDKRrevision.json	8890	0	0	0	0	0	0	0	0	4	0	0	0	0	0	0	0	0	0	0	67	14	0	1	0	0	0	0
fsh-generated/resources/ValueSet-KomponentTibiaDKRrevision202503.json	8929	0	0	0	1	0	0	0	1	3	0	0	0	0	0	0	0	0	0	0	306	11	0	0	0	1	0	1
fsh-generated/resources/ValueSet-KomponentTibiaStatusDKR.json	1051	0	0	0	0	0	0	0	0	1	0	0	0	0	0	0	0	0	0	0	88	7	0	0	0	0	0	0
fsh-generated/resources/ValueSet-KomponentTypeDKR.json	794	0	0	0	0	0	0	0	0	1	0	0	0	0	0	0	0	0	0	0	10	7	0	0	0	0	0	0
fsh-generated/resources/ValueSet-KomponentTypeFemurDHR.json	1205	0	0	0	0	0	0	0	0	0	0	0	0	0	0	0	0	0	0	0	6	7	0	0	0	0	0	0
fsh-generated/resources/ValueSet-KomponentTypeHullerUdenhullerDHR.json	762	1	0	0	0	0	0	0	0	1	0	0	0	0	0	0	0	0	0	0	4	6	0	0	0	0	0	0
fsh-generated/resources/ValueSet-KonferenceDPD.json	963	0	0	0	0	0	0	0	0	1	0	0	0	0	0	0	0	0	0	0	7	6	0	0	0	0	0	0
fsh-generated/resources/ValueSet-KontaktPatient.json	848	0	0	0	0	0	0	0	0	0	0	0	0	0	0	0	0	0	0	0	17	7	0	0	0	0	0	0
fsh-generated/resources/ValueSet-KontaktSted.json	1021	0	0	0	0	0	0	0	0	1	0	0	0	0	0	0	0	0	0	0	7	6	0	0	0	0	0	0
fsh-generated/resources/ValueSet-KontaktSted2026.json	875	0	0	0	0	0	0	0	0	1	0	0	0	0	0	0	0	0	0	0	5	6	0	0	0	0	0	0
fsh-generated/resources/ValueSet-KontaktType1.json	640	0	0	0	0	0	0	0	0	0	0	0	0	0	0	0	0	0	0	0	4	6	0	0	0	1	0	0
fsh-generated/resources/ValueSet-Kontamineringsgrad.json	873	0	0	0	0	0	0	0	0	1	0	0	0	0	0	0	0	0	0	0	79	6	0	0	0	0	0	0
fsh-generated/resources/ValueSet-KorsbaandEjBevaret.json	794	0	0	0	0	0	0	0	0	0	0	0	0	0	0	0	0	0	0	0	85	6	0	0	0	0	0	0
fsh-generated/resources/ValueSet-KursusregAarsag.json	905	0	0	0	0	0	0	0	0	1	0	0	0	0	0	0	0	0	0	0	5	6	0	0	0	0	0	0
fsh-generated/resources/ValueSet-LaryngoskopiDegree.json	1179	0	0	0	0	0	0	0	0	1	0	0	0	0	0	0	0	0	0	0	5	7	0	0	0	0	0	0
fsh-generated/resources/ValueSet-LaryngoskopiDegree2026.json	1078	1	0	0	0	0	0	0	0	0	0	0	0	0	0	0	0	0	0	0	54	6	0	0	0	0	0	0
fsh-generated/resources/ValueSet-LedbaandsrekonstruktionDKRR.json	1475	0	0	0	0	0	0	0	0	0	0	0	0	0	0	0	0	0	0	0	158	7	0	0	0	0	0	0
fsh-generated/resources/ValueSet-LeftRight.json	609	0	0	0	0	0	0	0	0	1	0	0	0	0	0	0	0	0	0	0	115	5	0	0	0	0	0	0
fsh-generated/resources/ValueSet-LifeStatus.json	614	0	0	0	0	0	0	0	0	1	0	0	0	0	0	0	0	0	0	0	219	6	0	0	0	0	0	0
fsh-generated/resources/ValueSet-LimnavnDHDB.json	843	0	0	0	0	0	0	0	0	0	0	0	0	0	0	0	0	0	0	0	7	6	0	0	0	0	0	0
fsh-generated/resources/ValueSet-LinerCrosslinkedDHR.json	885	0	0	0	0	0	0	0	0	1	0	0	0	0	0	0	0	0	0	0	6	6	0	0	0	0	0	0
fsh-generated/resources/ValueSet-LinerMedPostDKR.json	1178	0	0	0	0	0	0	0	0	1	0	0	0	0	0	0	0	0	0	0	95	6	0	0	0	0	0	0
fsh-generated/resources/ValueSet-LinerUdenPostDKR.json	1159	0	0	0	0	0	0	0	0	1	0	0	0	0	0	0	0	0	0	0	5	5	0	0	0	1	0	0
fsh-generated/resources/ValueSet-LinertypeDHR.json	768	0	0	0	0	0	0	0	0	0	0	0	0	0	0	0	0	0	0	0	8	6	0	0	0	0	0	0
fsh-generated/resources/ValueSet-LipomHandlingDHDB.json	774	1	0	0	0	0	0	0	0	1	0	0	0	0	0	0	0	0	0	0	106	6	0	0	0	0	0	0
fsh-generated/resources/ValueSet-LiqourDraenage.json	769	0	0	0	0	0	0	0	0	1	0	0	0	0	0	0	0	0	0	0	62	6	0	0	0	0	0	0
fsh-generated/resources/ValueSet-LocationExtranodalFemale.json	3609	0	0	0	0	0	0	0	1	2	0	0	0	0	0	0	0	0	0	0	61	9	0	0	0	0	0	0
fsh-generated/resources/ValueSet-LocationExtranodalMale.json	3422	0	0	0	1	0	0	0	0	2	0	0	0	0	0	0	0	0	0	0	53	12	0	0	0	0	0	0
fsh-generated/resources/ValueSet-LocationNodal.json	1824	0	0	0	0	0	0	0	0	1	0	0	0	0	0	0	0	0	0	0	6	9	0	0	0	0	0	0
fsh-generated/resources/ValueSet-LocationPriSecNodalFemale.json	4930	0	0	0	0	0	0	0	0	3	0	0	0	0	0	0	0	0	0	0	15	10	0	0	0	1	0	0
fsh-generated/resources/ValueSet-LocationPriSecNodalMale.json	4569	1	0	0	0	0	0	0	0	2	0	0	0	0	0	0	0	1	0	0	12	11	0	0	0	0	0	0
fsh-generated/resources/ValueSet-LokalBloedningDAP.json	1082	0	0	0	0	0	0	0	0	1	0	0	0	0	0	0	0	0	0	0	5	6	0	1	0	0	0	0
fsh-generated/resources/ValueSet-LokalBloedningTrombolyse.json	771	0	0	0	0	0	0	0	0	0	0	0	0	0	0	0	0	0	0	0	6	6	0	0	0	0	0	0
fsh-generated/resources/ValueSet-LokalStraaleterapi.json	998	0	0	0	0	0	0	0	0	2	0	0	0	0	0	0	0	0	0	0	5	6	0	0	0	0	0	0
fsh-generated/resources/ValueSet-LokalisationEsophagusDEGC.json	819	0	0	0	0	0	0	0	0	0	0	0	0	0	0	0	0	0	0	0	4	6	0	0	0	0	0	0
fsh-generated/resources/ValueSet-LokalitetDANARREST.json	1359	0	0	0	0	0	0	0	0	1	0	0	0	0	0	0	0	0	0	0	86	7	0	0	0	0	0	0
fsh-generated/resources/ValueSet-LokationAneurismeSAH.json	2071	0	0	0	0	0	0	0	0	2	0	0	0	0	0	0	0	0	0	0	16	7	0	0	0	0	0	0
fsh-generated/resources/ValueSet-LokationLymphomas.json	694	1	0	0	0	0	0	0	0	1	0	0	0	0	0	0	0	0	0	0	5	6	0	0	0	0	0	0
fsh-generated/resources/ValueSet-LuftvejForsoeg.json	1419	0	0	0	0	0	0	0	0	1	0	0	0	0	0	0	0	0	0	0	5	6	0	0	0	1	0	0
fsh-generated/resources/ValueSet-LuftvejsHaandtering.json	1159	0	0	0	0	0	0	0	0	1	0	0	0	0	0	0	0	0	0	0	4	7	0	0	0	0	0	0
fsh-generated/resources/ValueSet-LuftvejsHaandtering2026.json	1177	0	0	0	0	0	0	0	0	1	0	0	0	0	0	0	0	0	0	0	51	5	0	0	0	0	0	0
fsh-generated/resources/ValueSet-LuftvejsHaandteringsidsteforsoeg.json	1500	0	0	0	0	0	0	0	1	1	0	0	0	0	0	0	0	0	0	0	6	7	0	0	0	0	0	0
fsh-generated/resources/ValueSet-Luftvejsplan.json	1538	0	0	0	0	0	0	0	0	1	0	0	0	0	0	0	0	0	0	0	5	6	0	0	0	0	0	0
fsh-generated/resources/ValueSet-Luftvejsplan2026.json	1556	0	0	0	0	0	0	0	0	1	0	0	0	0	0	0	0	0	0	0	6	6	0	0	0	0	0	0
fsh-generated/resources/ValueSet-LukningHudDHDB.json	1001	0	0	0	0	0	0	0	0	1	0	0	0	0	0	0	0	0	0	0	62	7	0	0	0	0	0	0
fsh-generated/resources/ValueSet-MComponentTypeDAMYDA.json	1678	1	0	0	0	0	0	0	0	1	0	0	0	0	0	0	0	0	0	0	139	7	0	0	0	0	0	0
fsh-generated/resources/ValueSet-MComponentTypeLyfo.json	1160	0	0	0	0	0	0	0	0	1	0	0	0	0	0	0	0	0	0	0	169	6	0	0	0	0	0	0
fsh-generated/resources/ValueSet-MDTIkkeFulgt.json	970	0	0	0	0	0	0	0	0	1	0	0	0	0	0	0	0	0	0	0	101	6	0	0	0	0	0	0
fsh-generated/resources/ValueSet-MKategoriDCCG.json	905	0	0	0	0	0	0	0	0	1	0	0	0	0	0	0	0	0	0	0	105	6	0	0	0	0	0	0
fsh-generated/resources/ValueSet-MKomponentLaboratoriesvar.json	894	0	0	0	1	0	0	0	0	1	0	0	0	0	0	0	0	0	0	0	108	6	0	0	0	1	0	0
fsh-generated/resources/ValueSet-MLInstabilitetDKR.json	829	0	0	0	0	0	0	0	0	1	0	0	0	0	0	0	0	0	0	0	282	6	0	0	0	0	0	0
fsh-generated/resources/ValueSet-MTICIReperfusionsgrad.json	1082	0	0	0	0	0	0	0	0	1	0	0	0	0	0	0	0	0	0	0	445	6	0	0	0	0	0	0
fsh-generated/resources/ValueSet-MaaleEnhedHAEMA2.json	704	0	0	0	0	0	0	0	0	0	0	0	0	0	0	0	0	0	0	0	11	6	0	0	0	0	0	0
fsh-generated/resources/ValueSet-MaaleEnhedHAEMA3.json	696	0	0	0	0	0	0	0	0	1	0	0	0	0	0	0	0	0	0	0	19	6	0	0	0	0	0	0
fsh-generated/resources/ValueSet-MaaleudstyrDKRR.json	873	1	0	0	0	0	0	0	0	1	0	0	0	0	0	0	0	0	0	0	20	6	0	0	0	0	0	0
fsh-generated/resources/ValueSet-MaalingCalcium.json	658	0	0	0	0	0	0	0	0	1	0	0	0	0	0	0	0	0	0	0	8	5	0	0	0	0	0	0
fsh-generated/resources/ValueSet-Maengder.json	808	0	0	0	0	0	0	0	0	1	0	0	0	0	0	0	0	0	0	0	5	6	0	0	0	0	0	0
fsh-generated/resources/ValueSet-ManglendeBehandling.json	1274	0	0	0	0	0	0	0	0	1	0	0	0	0	0	0	0	0	0	0	6	5	0	0	0	0	0	0
fsh-generated/resources/ValueSet-ManglendeEORTC.json	972	0	0	0	0	0	0	0	0	1	0	0	0	0	0	0	0	0	0	0	9	6	0	0	0	0	0	0
fsh-generated/resources/ValueSet-ManglendeVisitation.json	1268	0	0	0	0	0	0	0	0	1	0	0	0	0	0	0	0	0	0	0	6	6	0	0	0	0	0	0
fsh-generated/resources/ValueSet-MedicalScanningTypes.json	1168	0	0	0	0	0	0	0	0	1	0	0	0	0	0	0	0	0	0	0	8	6	0	1	0	1	0	0
fsh-generated/resources/ValueSet-MedicalScanningTypes202412.json	1105	0	0	0	0	0	0	0	0	1	0	0	0	0	0	0	0	0	0	0	6	5	0	0	0	0	0	0
fsh-generated/resources/ValueSet-MedicinDANARREST.json	702	1	0	0	0	0	0	0	0	1	0	0	0	0	0	0	0	0	0	0	72	5	0	0	0	0	0	0
fsh-generated/resources/ValueSet-MedicinPraeparatDSR.json	1170	0	0	0	0	0	0	0	0	1	0	0	0	0	0	0	0	0	0	0	14	6	0	0	0	0	0	0
fsh-generated/resources/ValueSet-MedicinVarighedDSR.json	849	0	0	0	0	0	0	0	0	1	0	0	0	0	0	0	0	0	0	0	25	5	0	0	0	0	0	0
fsh-generated/resources/ValueSet-MedicinalBehandlingPaabegyndtDHR.json	1164	0	0	0	0	0	0	0	0	1	0	0	0	0	0	0	0	0	0	0	6	6	0	0	0	0	0	0
fsh-generated/resources/ValueSet-MenisklaesionBehandlingDKRR.json	1020	0	0	0	0	0	0	0	1	1	0	0	0	0	0	0	0	0	0	0	8	5	0	0	0	0	0	0
fsh-generated/resources/ValueSet-MenisklaesionMedialLateralDKRR.json	727	0	0	0	0	0	0	0	0	0	0	0	0	0	0	0	0	0	0	0	7	5	0	0	0	0	0	0
fsh-generated/resources/ValueSet-MenisklaesionTypeDKRR.json	774	0	0	0	0	0	0	0	0	1	0	0	0	0	0	0	0	0	0	0	71	5	0	0	0	0	0	0
fsh-generated/resources/ValueSet-MeshFikseringDHDB.json	1555	0	0	0	0	0	0	0	0	2	0	0	0	0	0	0	0	0	0	0	16	7	0	0	0	0	0	0
fsh-generated/resources/ValueSet-MeshPlaceringDHDB.json	1289	1	0	0	0	0	0	0	0	1	0	0	0	0	0	0	0	0	0	0	93	5	0	0	0	0	0	0
fsh-generated/resources/ValueSet-MeshTeknikDHDB.json	988	0	0	0	1	0	0	0	0	1	0	0	0	0	0	0	0	0	0	0	31	6	0	0	0	0	0	0
fsh-generated/resources/ValueSet-MeshTypeIngvinalhernieDHDB.json	4387	0	0	0	0	0	0	0	0	2	0	0	0	0	0	0	0	0	0	0	13	8	0	0	0	1	0	0
fsh-generated/resources/ValueSet-MeshTypeVentralhernieDHDB.json	5087	0	0	0	0	0	0	0	0	2	0	0	0	0	0	0	0	0	0	0	11	9	0	0	0	0	0	0
fsh-generated/resources/ValueSet-ModifiedRaymondRoyKlassification.json	1060	0	0	0	0	0	0	0	0	1	0	0	0	0	0	0	0	0	0	0	6	6	0	0	0	0	0	0
fsh-generated/resources/ValueSet-MolecularRemission.json	744	0	0	0	0	0	0	0	0	1	0	0	0	0	0	0	0	0	0	0	5	5	0	0	0	0	0	0
fsh-generated/resources/ValueSet-MolecurlarBiologyExamination.json	953	0	0	0	0	0	0	0	0	1	0	0	0	0	0	0	0	0	0	0	13	5	0	0	0	0	0	0
fsh-generated/resources/ValueSet-MorsDiagnoseForskelligtDNSL.json	1749	1	0	0	0	0	0	0	0	1	0	0	0	1	0	0	0	0	0	0	6	6	0	0	0	0	0	0
fsh-generated/resources/ValueSet-MorsDiagnoseInfektionerDNSL.json	1680	0	0	0	0	0	0	0	0	1	0	0	0	0	0	0	0	0	0	0	36	6	0	0	0	0	0	0
fsh-generated/resources/ValueSet-MorsDiagnoseKardialDNSL.json	1436	0	0	0	0	0	0	0	0	1	0	0	0	0	0	0	0	0	0	0	153	5	0	0	0	1	0	0
fsh-generated/resources/ValueSet-MorsDiagnoseLeverDNSL.json	1373	0	0	0	0	0	0	0	0	1	0	0	0	0	0	0	0	0	0	0	25	6	0	0	0	0	0	0
fsh-generated/resources/ValueSet-MorsDiagnoseSocialtDNSL.json	744	0	0	0	0	0	0	0	0	1	0	0	0	0	0	0	0	0	0	0	20	5	0	0	0	0	0	0
fsh-generated/resources/ValueSet-MorsDiagnoseUlykkeDNSL.json	799	0	0	0	0	0	0	0	0	1	0	0	0	0	0	0	0	0	0	0	5	5	0	0	0	0	0	0
fsh-generated/resources/ValueSet-MorsDiagnoseVaskulaerDNSL.json	1640	0	0	0	0	0	0	0	1	1	0	0	0	0	0	0	0	0	0	0	6	5	0	0	0	0	0	0
fsh-generated/resources/ValueSet-MorsDiagnosegrupper.json	1286	0	0	0	0	0	0	0	0	1	0	0	0	0	0	0	0	0	0	0	8	6	0	0	0	0	0	0
fsh-generated/resources/ValueSet-MuligVanskeligUmulig.json	772	0	0	0	0	0	0	0	0	1	0	0	0	0	0	0	0	0	0	0	96	5	0	0	0	0	0	0
fsh-generated/resources/ValueSet-NIHSS10Dysartri.json	1032	1	0	0	0	0	0	0	0	0	0	0	0	0	0	0	0	0	0	0	5	6	0	0	0	0	0	0
fsh-generated/resources/ValueSet-NIHSS11EkstinktionInattention.json	1122	0	0	0	0	0	0	0	0	1	0	0	0	0	0	0	0	0	0	0	42	5	0	0	0	0	0	0
fsh-generated/resources/ValueSet-NIHSS1aBevidsthedsniveau.json	1027	0	0	0	0	0	0	0	0	0	0	0	0	0	0	0	0	0	0	0	8	5	0	0	0	0	0	0
fsh-generated/resources/ValueSet-NIHSS1bBevidsthedsniveau.json	895	0	0	0	0	0	0	0	0	1	0	0	0	0	0	0	0	0	0	0	5	5	0	0	0	0	0	0
fsh-generated/resources/ValueSet-NIHSS1cBevidsthedsniveau.json	905	0	0	0	0	0	0	0	0	1	0	0	0	0	0	0	0	0	0	0	5	5	0	0	0	0	0	1
fsh-generated/resources/ValueSet-NIHSS2Blik.json	844	0	0	0	0	0	0	0	0	0	0	0	0	0	0	0	0	0	0	0	27	5	0	0	0	0	0	0
fsh-generated/resources/ValueSet-NIHSS3Synsfelt.json	951	0	0	0	0	0	0	0	0	1	0	0	0	0	0	0	0	0	0	0	13	5	0	0	0	1	0	0
fsh-generated/resources/ValueSet-NIHSS4Facialisparese.json	1149	0	0	0	1	0	0	0	0	1	0	0	0	0	0	0	0	0	0	0	5	6	0	0	0	0	0	0
fsh-generated/resources/ValueSet-NIHSS5FunktionArm.json	1191	0	0	0	0	0	0	0	0	1	0	0	0	0	0	0	0	0	0	0	5	5	0	0	0	0	0	0
fsh-generated/resources/ValueSet-NIHSS6FunktionBen.json	1191	1	0	0	0	0	0	0	0	1	0	0	0	0	0	0	0	0	0	0	6	5	0	0	0	0	0	0
fsh-generated/resources/ValueSet-NIHSS7Ataksi.json	834	0	0	0	0	0	0	0	0	0	0	0	0	0	0	0	0	0	0	0	5	6	0	0	0	0	0	0
fsh-generated/resources/ValueSet-NIHSS8Sensibilitet.json	963	0	0	0	0	0	0	0	0	1	0	0	0	0	0	0	0	0	0	0	5	23	0	0	0	0	0	0
fsh-generated/resources/ValueSet-NIHSS9Sprog.json	947	0	0	0	0	0	0	0	0	1	0	0	0	0	0	0	0	0	0	0	6	7	0	0	0	0	0	0
fsh-generated/resources/ValueSet-NKategoriDCCG.json	937	0	0	0	0	0	0	0	0	1	0	0	0	0	0	0	0	0	0	0	8	5	0	0	0	0	0	0
fsh-generated/resources/ValueSet-NYHA.json	818	0	0	0	0	0	0	0	0	1	0	0	0	0	0	0	0	0	0	0	102	6	0	0	0	0	0	0
fsh-generated/resources/ValueSet-NeoadjuverendeBehandling.json	1012	0	0	0	0	0	0	0	0	0	0	0	0	0	0	0	0	0	0	0	6	5	0	0	0	0	0	0
fsh-generated/resources/ValueSet-NerveBlockTypeLower.json	1692	0	0	0	0	0	0	0	0	1	0	0	0	0	0	0	0	0	0	0	6	6	0	0	0	0	0	0
fsh-generated/resources/ValueSet-NerveBlockTypeOther.json	1325	1	0	0	0	0	0	0	0	1	0	0	0	0	0	0	0	1	0	0	7	6	0	1	0	1	0	0
fsh-generated/resources/ValueSet-NerveBlockTypeUpper.json	1740	0	0	0	0	0	0	0	0	1	0	0	0	0	0	0	0	0	0	0	22	6	0	0	0	0	0	0
fsh-generated/resources/ValueSet-ObservationAfdeling.json	709	0	0	0	0	0	0	0	0	1	0	0	0	0	0	0	0	0	0	0	6	5	0	0	0	0	0	0
fsh-generated/resources/ValueSet-ObservationPatient.json	813	0	0	0	0	0	0	0	0	0	0	0	0	0	0	0	0	0	0	0	270	5	0	0	0	0	0	0
fsh-generated/resources/ValueSet-ObservationsstedAN.json	1108	0	0	0	0	0	0	0	0	1	0	0	0	0	0	0	0	0	0	0	8	6	0	0	0	0	0	0
fsh-generated/resources/ValueSet-ObservationsstedPO.json	848	0	0	0	0	0	0	0	0	1	0	0	0	0	0	0	0	0	0	0	195	5	0	0	0	0	0	0
fsh-generated/resources/ValueSet-OnkologiBehandlingsintention.json	736	1	0	0	0	0	0	0	1	0	0	0	0	0	0	0	0	0	0	0	284	5	0	0	0	0	0	0
fsh-generated/resources/ValueSet-OnkologibehandlingerAll.json	797	0	0	0	0	0	0	0	0	1	0	0	0	0	0	0	0	0	0	0	150	6	0	0	0	0	0	0
fsh-generated/resources/ValueSet-OnkologibehandlingerKurativ.json	992	0	0	0	0	0	0	0	0	1	0	0	0	0	0	0	0	0	0	0	7	5	0	0	0	0	0	0
fsh-generated/resources/ValueSet-OperationDanmarkUdlandetDHR.json	727	0	0	0	0	0	0	0	0	0	0	0	0	0	0	0	0	0	0	0	5	5	0	0	0	0	0	0
fsh-generated/resources/ValueSet-OperationIkkeGennemfortDCCG.json	1550	0	0	0	0	0	0	0	0	1	0	0	0	0	0	0	0	0	0	0	100	7	0	0	0	0	0	0
fsh-generated/resources/ValueSet-OperationKanalAntalDKRR.json	697	0	0	0	0	0	0	0	0	1	0	0	0	0	0	0	0	0	0	0	5	5	0	0	0	0	0	0
fsh-generated/resources/ValueSet-OperationKanalFemurPlaceringDKRR.json	756	0	0	0	0	0	0	0	0	0	0	0	0	0	0	0	0	0	0	0	41	6	0	0	0	1	0	0
fsh-generated/resources/ValueSet-OperationerAktuelDKRR.json	1015	0	0	0	0	0	0	0	0	1	0	0	0	0	0	0	0	0	0	0	32	5	0	0	0	0	0	0
fsh-generated/resources/ValueSet-OperationerDKRR.json	1614	0	0	0	0	0	0	0	0	2	0	0	0	0	0	0	0	0	0	0	64	6	0	0	0	0	0	0
fsh-generated/resources/ValueSet-Operationserfaring.json	1045	0	0	0	0	0	0	0	0	0	0	0	0	0	0	0	0	0	0	0	6	6	0	0	0	0	0	0
fsh-generated/resources/ValueSet-OperationspaaklaedningDHR.json	939	0	0	0	0	0	0	0	0	1	0	0	0	0	0	0	0	0	0	0	5	5	0	0	0	0	0	0
fsh-generated/resources/ValueSet-OperationssaarInfektionKAR.json	856	0	0	0	0	0	0	0	0	2	0	0	0	0	0	0	0	0	0	0	5	5	0	0	0	0	0	0
fsh-generated/resources/ValueSet-OperationssaarKomplikationerKAR.json	1229	0	0	0	0	0	0	0	0	1	0	0	0	0	0	0	0	0	0	0	6	6	0	0	0	0	0	0
fsh-generated/resources/ValueSet-Operationsside.json	651	0	0	0	0	0	0	0	0	1	0	0	0	0	0	0	0	0	0	0	4	5	0	0	0	0	0	0
fsh-generated/resources/ValueSet-OperationssideHoejreVenstreDobbeltsidig.json	854	0	0	0	0	0	0	0	0	0	0	0	0	0	0	0	0	0	0	0	4	5	0	0	0	0	0	0
fsh-generated/resources/ValueSet-OperationssideKAR.json	898	0	0	0	0	0	0	0	0	1	0	0	0	0	0	0	0	0	0	0	6	5	0	0	0	0	0	0
fsh-generated/resources/ValueSet-OperationsstueDKR.json	683	1	0	0	0	0	0	0	0	1	0	0	0	0	0	0	0	0	0	0	17	5	0	0	0	0	0	0
fsh-generated/resources/ValueSet-OperationsstueFlowKonventionel.json	854	0	0	0	1	0	0	0	0	1	0	0	0	0	0	0	0	0	0	0	5	5	0	0	0	0	0	0
fsh-generated/resources/ValueSet-OperationstypeFoersteRecidiv.json	750	0	0	0	0	0	0	0	0	1	0	0	0	0	0	0	0	0	0	0	24	5	0	0	0	1	0	0
fsh-generated/resources/ValueSet-OperationstypeLYFO.json	1146	0	0	0	0	0	0	0	0	1	0	0	0	0	0	0	0	0	0	0	6	6	0	0	0	0	0	0
fsh-generated/resources/ValueSet-OperationstypePrimaerRevision.json	719	0	0	0	0	0	0	0	0	1	0	0	0	0	0	0	0	0	0	0	4	5	0	0	0	0	0	0
fsh-generated/resources/ValueSet-OperationstypePrimaerSekundaer.json	726	0	0	0	0	0	0	0	0	1	0	0	0	0	0	0	0	0	0	0	5	5	0	0	0	0	0	0
fsh-generated/resources/ValueSet-OperativAdgangDKR.json	704	0	0	0	0	0	0	0	0	1	0	0	0	0	0	0	0	0	0	0	80	5	0	0	0	0	0	0
fsh-generated/resources/ValueSet-OperativProcedureKategoriDCCG.json	1280	0	0	0	0	0	0	0	0	1	0	0	0	0	0	0	0	0	0	0	15	5	0	0	0	0	0	0
fsh-generated/resources/ValueSet-OperativProcedureKategoriKolonDCCG.json	1179	0	0	0	0	0	0	0	0	1	0	0	0	0	0	0	0	0	0	0	6	6	0	0	0	0	0	0
fsh-generated/resources/ValueSet-OperativProcedureKategoriRektumDCCG.json	1315	1	0	0	0	0	0	0	1	1	0	0	0	0	0	0	0	0	0	0	9	6	0	0	0	0	0	0
fsh-generated/resources/ValueSet-OperativeAdgangDHR.json	886	0	0	0	0	0	0	0	0	0	0	0	0	0	0	0	0	0	0	0	4	5	0	0	0	0	0	0
fsh-generated/resources/ValueSet-OperativtFundIngvinalhernieDHDB.json	961	0	0	0	0	0	0	0	0	1	0	0	0	0	0	0	0	0	0	0	5	5	0	0	0	0	0	0
fsh-generated/resources/ValueSet-OperativtSigteDCCG.json	789	0	0	0	0	0	0	0	0	1	0	0	0	0	0	0	0	0	0	0	4	6	0	0	0	0	0	0
fsh-generated/resources/ValueSet-OpkodeGenitalProlapsDUGA.json	4568	0	0	0	0	0	0	0	0	4	0	0	0	0	0	0	0	0	0	0	10	7	0	0	0	1	0	0
fsh-generated/resources/ValueSet-OpkodeUrinGenitalDUGA.json	5266	0	0	0	0	0	0	0	0	1	0	0	0	0	0	0	0	0	0	0	10	9	0	0	0	0	0	0
fsh-generated/resources/ValueSet-OpkodeUrinInkontinensDUGA.json	2236	0	0	0	0	0	0	0	0	2	0	0	0	0	0	0	0	0	0	0	6	6	0	0	0	0	0	0
fsh-generated/resources/ValueSet-OsteotomiTypeAlmindeligExtendedDHR.json	761	1	0	0	0	0	0	0	0	0	0	0	0	0	0	0	0	0	0	0	4	5	0	0	0	0	0	0
fsh-generated/resources/ValueSet-POPQAaApDUGA.json	1538	0	0	0	0	0	0	0	0	1	0	0	0	0	0	0	0	0	0	0	5	6	0	0	0	0	0	0
fsh-generated/resources/ValueSet-POPQBaDUGA.json	2474	0	0	0	0	0	0	0	0	1	0	0	0	0	0	0	0	0	0	0	7	7	0	0	0	0	0	0
fsh-generated/resources/ValueSet-POPQBpDUGA.json	2158	0	0	0	0	0	0	0	0	2	0	0	0	0	0	0	0	0	0	0	5	6	0	0	0	0	0	0
fsh-generated/resources/ValueSet-POPQCDDUGA.json	3061	0	0	0	0	0	0	0	0	1	0	0	0	0	0	0	0	0	0	0	72	8	0	1	0	1	0	0
fsh-generated/resources/ValueSet-POPQGhDUGA.json	1279	0	0	0	0	0	0	0	0	1	0	0	0	0	0	0	0	0	0	0	28	5	0	0	0	0	0	0
fsh-generated/resources/ValueSet-POPQKompartmentDUGA.json	919	0	0	0	0	0	0	0	0	1	0	0	0	0	0	0	0	0	0	0	49	5	0	0	0	0	0	0
fsh-generated/resources/ValueSet-POPQPbDUGA.json	1198	1	0	0	0	0	0	0	1	1	0	0	0	0	0	0	0	0	0	0	12	6	0	0	0	0	0	0
fsh-generated/resources/ValueSet-POPQTvlDUGA.json	1691	0	0	0	0	0	0	0	0	1	0	0	0	0	0	0	0	0	0	0	6	6	0	0	0	0	0	0
fsh-generated/resources/ValueSet-PRDcodes.json	38502	0	0	0	0	0	0	0	0	65	0	0	0	0	0	0	0	0	0	0	93	32	0	0	0	3	0	0
fsh-generated/resources/ValueSet-PTNMtype.json	612	1	0	0	0	0	0	0	0	2	0	0	0	0	0	0	0	0	0	0	12	5	0	0	0	0	0	0
fsh-generated/resources/ValueSet-PaavirkningPaagaaendeRETSPSYK.json	1342	0	0	0	0	0	0	0	1	1	0	0	0	0	0	0	0	0	0	0	5	6	0	0	0	0	0	0
fsh-generated/resources/ValueSet-PaavirkningRETSPSYK.json	1198	0	0	0	0	0	0	0	0	1	0	0	0	0	0	0	0	0	0	0	5	6	0	0	0	1	0	0
fsh-generated/resources/ValueSet-ParagrafferRETSPSYK.json	6725	0	0	0	0	0	0	0	0	2	0	0	0	0	0	0	0	0	0	0	143	10	0	0	0	0	0	0
fsh-generated/resources/ValueSet-PatobankSNOMEDCytogenetikMDS.json	2220	0	0	0	0	0	0	0	0	1	0	0	0	0	0	0	0	0	0	0	9	6	0	0	0	0	0	0
fsh-generated/resources/ValueSet-PatobankSNOMEDDMPNDiagnose.json	1452	0	0	0	0	0	0	0	0	2	0	0	0	0	0	0	0	0	0	0	5	7	0	0	0	0	0	0
fsh-generated/resources/ValueSet-PatobankSNOMEDDiagnoserLYFO.json	5818	0	0	0	0	0	0	0	0	2	0	0	0	0	0	0	0	1	0	0	11	9	0	0	0	0	0	0
fsh-generated/resources/ValueSet-PatobankSNOMEDDiagnoserLYFO2026.json	5743	1	0	0	0	0	0	0	0	2	0	0	0	0	0	0	0	0	0	0	11	9	0	0	0	1	0	0
fsh-generated/resources/ValueSet-PatobankSNOMEDLeukemiaDiagnose.json	3187	0	0	0	0	0	0	0	0	2	0	0	0	0	0	0	0	0	0	0	8	7	0	0	0	0	0	0
fsh-generated/resources/ValueSet-PatobankSNOMEDMDSDiagnose.json	1320	0	0	0	0	0	0	0	0	1	0	0	0	0	0	0	0	0	0	0	5	5	0	0	0	0	0	0
fsh-generated/resources/ValueSet-PatobankSNOMEDpTNMpM.json	718	0	0	0	0	0	0	0	0	1	0	0	0	0	0	0	0	0	0	0	5	6	0	0	0	0	0	0
fsh-generated/resources/ValueSet-PatobankSNOMEDpTNMpN.json	1195	0	0	0	0	0	0	0	0	1	0	0	0	0	0	0	0	0	0	0	72	5	0	0	0	0	0	0
fsh-generated/resources/ValueSet-PatobankSNOMEDpTNMpT.json	1578	0	0	0	0	0	0	0	0	1	0	0	0	0	0	0	0	0	0	0	34	6	0	0	0	0	0	0
fsh-generated/resources/ValueSet-PerforationDUGA.json	929	0	0	0	0	0	0	0	1	1	0	0	0	0	0	0	0	0	0	0	16	6	0	0	0	0	0	0
fsh-generated/resources/ValueSet-PerioderMK.json	635	0	0	0	0	0	0	0	0	0	0	0	0	0	0	0	0	0	0	0	5	5	0	0	0	0	0	0
fsh-generated/resources/ValueSet-PeritonealdefektLukningDHDB.json	1306	1	0	0	0	0	0	0	0	2	0	0	0	0	0	0	0	0	0	0	25	6	0	0	0	1	0	0
fsh-generated/resources/ValueSet-PeroperativMetastasebehandling.json	1080	0	0	0	1	0	0	0	0	1	0	0	0	0	0	0	0	0	0	0	26	5	0	0	0	0	0	0
fsh-generated/resources/ValueSet-PivotShift.json	796	0	0	0	0	0	0	0	0	0	0	0	0	0	0	0	0	0	0	0	6	5	0	0	0	0	0	0
fsh-generated/resources/ValueSet-PlasmaDiagnose.json	1408	0	0	0	0	0	0	0	0	1	0	0	0	0	0	0	0	0	0	0	9	6	0	0	0	0	0	0
fsh-generated/resources/ValueSet-PlasmaDiagnose202412.json	1202	0	0	0	0	0	0	0	0	1	0	0	0	0	0	0	0	0	0	0	5	5	0	0	0	0	0	0
fsh-generated/resources/ValueSet-PostoperativeKomplikationerDCCG.json	1339	0	0	0	0	0	0	0	0	1	0	0	0	0	0	0	0	0	0	0	125	6	0	0	0	0	0	0
fsh-generated/resources/ValueSet-PraeoperativMetastaseBehandlingDCCG.json	941	0	0	0	0	0	0	0	0	1	0	0	0	0	0	0	0	0	0	0	214	5	0	0	0	0	0	0
fsh-generated/resources/ValueSet-PraeoperativPlanlaegningDSR.json	1415	0	0	0	0	0	0	0	0	2	0	0	0	0	0	0	0	0	0	0	196	6	0	0	0	0	0	0
fsh-generated/resources/ValueSet-PraeoperativUdrensningDCCG.json	1013	1	0	0	0	0	0	0	0	1	0	0	0	0	0	0	0	0	0	0	117	5	0	0	0	0	0	0
fsh-generated/resources/ValueSet-PreoperativTemplating.json	854	0	0	0	0	0	0	0	0	1	0	0	0	0	0	0	0	0	0	0	6	5	0	0	0	0	0	0
fsh-generated/resources/ValueSet-Priority.json	832	0	0	0	0	0	0	0	0	0	0	0	0	0	0	0	0	0	0	0	5	5	0	0	0	1	0	0
fsh-generated/resources/ValueSet-ProcedureIkkeGennemfortDCCG.json	1275	0	0	0	0	0	0	0	0	1	0	0	0	0	0	0	0	0	0	0	6	6	0	0	0	0	0	0
fsh-generated/resources/ValueSet-ProcedureTypeDCCG1.json	789	0	0	0	0	0	0	0	0	1	0	0	0	0	0	0	0	0	0	0	5	5	0	0	0	0	0	0
fsh-generated/resources/ValueSet-ProcedureTypeDCCG2.json	1024	0	0	0	0	0	0	0	0	1	0	0	0	0	0	0	0	0	0	0	5	5	0	0	0	0	0	0
fsh-generated/resources/ValueSet-ProcedureTypeDCCG3.json	856	0	0	0	0	0	0	0	0	1	0	0	0	0	0	0	0	0	0	0	95	8	0	1	0	0	0	0
fsh-generated/resources/ValueSet-ProcedureUdfoertDCCG.json	5186	1	0	0	0	0	0	0	0	2	0	0	0	0	0	0	0	0	0	0	14	9	0	0	0	0	0	0
fsh-generated/resources/ValueSet-ProcedureUdfoertK1DCCG.json	2824	0	0	0	0	0	0	0	0	3	0	0	0	0	0	0	0	0	0	0	8	7	0	0	0	0	0	0
fsh-generated/resources/ValueSet-ProcedureUdfoertK2DCCG.json	1088	0	0	0	0	0	0	0	0	1	0	0	0	0	0	0	0	0	0	0	5	25	0	0	0	0	0	0
fsh-generated/resources/ValueSet-ProcedureUdfoertK3DCCG.json	1160	0	0	0	0	0	0	0	1	1	0	0	0	0	0	0	0	0	0	0	209	14	0	0	0	1	0	0
fsh-generated/resources/ValueSet-ProcedureUdfoertR1DCCG.json	1621	0	0	0	0	0	0	0	0	2	0	0	0	0	0	0	0	0	0	0	161	9	0	0	0	0	0	0
fsh-generated/resources/ValueSet-ProcedureUdfoertR2DCCG.json	1090	0	0	0	0	0	0	0	0	1	0	0	0	0	0	0	0	0	0	0	6	9	0	0	0	0	0	0
fsh-generated/resources/ValueSet-ProcedureUdfoertR3DCCG.json	1160	0	0	0	0	0	0	0	0	0	0	0	0	0	0	0	0	0	0	0	6	8	0	0	0	0	0	0
fsh-generated/resources/ValueSet-ProcedureUdfoertR4DCCG.json	872	1	0	0	0	0	0	0	0	1	0	0	0	0	0	0	0	0	0	0	4	8	0	0	0	0	0	0
fsh-generated/resources/ValueSet-ProcedureVarighed15min.json	724	0	0	0	0	0	0	0	0	1	0	0	0	0	0	0	0	0	0	0	5	8	0	0	0	0	0	0
fsh-generated/resources/ValueSet-ProcedureVarighed5min.json	715	0	0	0	0	0	0	0	0	1	0	0	0	0	0	0	0	0	0	0	5	7	0	0	0	0	0	0
fsh-generated/resources/ValueSet-ProcedurerAndreDKRR.json	1540	0	0	0	0	0	0	0	0	1	0	0	0	0	0	0	0	0	0	0	18	9	0	0	0	0	0	0
fsh-generated/resources/ValueSet-ProgressionCML.json	865	0	0	0	0	0	0	0	0	0	0	0	0	0	0	0	0	0	0	0	5	9	0	0	0	0	0	0
fsh-generated/resources/ValueSet-ProteseDSR.json	4748	0	0	0	0	0	0	0	0	2	0	0	0	0	0	0	0	0	0	0	385	13	0	0	0	1	0	0
fsh-generated/resources/ValueSet-ProteseFjernelseDHR.json	705	0	0	0	0	0	0	0	0	0	0	0	0	0	0	0	0	0	0	0	79	8	0	0	0	0	0	0
fsh-generated/resources/ValueSet-ProtesestatusDHR.json	1297	0	0	0	0	0	0	0	0	1	0	0	0	0	0	0	0	0	0	0	6	9	0	0	0	0	0	0
fsh-generated/resources/ValueSet-Pupilforhold.json	668	1	0	0	0	0	0	0	0	1	0	0	0	0	0	0	0	0	0	0	6	8	0	0	0	0	0	0
fsh-generated/resources/ValueSet-RKlassifikation.json	799	0	0	0	0	0	0	0	0	0	0	0	0	0	0	0	0	0	0	0	5	8	0	0	0	0	0	0
fsh-generated/resources/ValueSet-RKlassifikationTilDegc.json	745	0	0	0	0	0	0	0	0	1	0	0	0	0	0	0	0	0	0	0	26	8	0	0	0	0	0	0
fsh-generated/resources/ValueSet-Radioimmunoterapi.json	946	0	0	0	0	0	0	0	0	0	0	0	0	0	0	0	0	0	0	0	68	9	0	0	0	0	0	0
fsh-generated/resources/ValueSet-RadiologicalBoneChanges.json	1125	0	0	0	0	0	0	0	0	1	0	0	0	0	0	0	0	0	0	0	5	9	0	0	0	0	0	0
fsh-generated/resources/ValueSet-RadiologicalBoneChanges202412.json	1013	0	0	0	0	0	0	0	0	1	0	0	0	0	0	0	0	0	0	0	7	9	0	0	0	0	0	0
fsh-generated/resources/ValueSet-ReferredForTraining.json	853	0	0	0	0	0	0	0	0	0	0	0	0	0	0	0	0	0	0	0	5	8	0	0	0	0	0	0
fsh-generated/resources/ValueSet-Regioner.json	907	0	0	0	0	0	0	0	0	2	0	0	0	0	0	0	0	0	0	0	5	8	0	0	0	0	0	0
fsh-generated/resources/ValueSet-RegistreringEksklusionHAEMA.json	3128	1	0	0	1	0	0	0	0	2	0	0	0	0	0	0	0	0	0	0	9	11	0	0	0	0	0	0
fsh-generated/resources/ValueSet-ReoperationAarsagDKRR.json	1382	0	0	0	0	0	0	0	0	1	0	0	0	0	0	0	0	0	0	0	225	10	0	0	0	1	0	0
fsh-generated/resources/ValueSet-ResektionUdfoerelseDCCG.json	1405	0	0	0	0	0	0	0	1	1	0	0	0	0	0	0	0	0	0	0	287	8	0	0	0	0	0	0
fsh-generated/resources/ValueSet-Resektionstype.json	1843	0	0	0	0	0	0	0	0	1	0	0	0	0	0	0	0	0	0	0	13	9	0	0	0	0	0	0
fsh-generated/resources/ValueSet-ResttumorGradering.json	944	0	0	0	0	0	0	0	0	1	0	0	0	0	0	0	0	0	0	0	67	9	0	0	0	0	0	0
fsh-generated/resources/ValueSet-Result.json	615	0	0	0	0	0	0	0	0	1	0	0	0	0	0	0	0	0	0	0	5	9	0	0	0	0	0	0
fsh-generated/resources/ValueSet-ResultTestFISH.json	862	0	0	0	0	0	0	0	0	1	0	0	0	0	0	0	0	0	0	0	35	9	0	0	0	0	0	0
fsh-generated/resources/ValueSet-RevisionAarsagDKRR.json	1616	1	0	0	0	0	0	0	0	1	0	0	0	0	0	0	0	0	0	0	27	11	0	1	0	0	0	0
fsh-generated/resources/ValueSet-RevisionDHR.json	961	0	0	0	0	0	0	0	0	1	0	0	0	0	0	0	0	0	0	0	5	9	0	0	0	0	0	0
fsh-generated/resources/ValueSet-RevisionHumerusCavitasDSR.json	707	0	0	0	0	0	0	0	0	1	0	0	0	0	0	0	0	0	0	0	6	8	0	0	0	0	0	0
fsh-generated/resources/ValueSet-RevisionHumerusKomponentDSR.json	917	0	0	0	0	0	0	0	0	0	0	0	0	0	0	0	0	0	0	0	5	8	0	0	0	0	0	0
fsh-generated/resources/ValueSet-RevisionIndikationAseptiskDSR.json	748	0	0	0	0	0	0	0	0	1	0	0	0	0	0	0	0	0	0	0	5	8	0	0	0	1	0	0
fsh-generated/resources/ValueSet-RevisionIndikationDHR.json	2365	0	0	0	0	0	0	0	0	2	0	0	0	0	0	0	0	0	0	0	7	10	0	0	0	0	0	0
fsh-generated/resources/ValueSet-RevisionIndikationDKR.json	2255	0	0	0	0	0	0	0	0	1	0	0	0	0	0	0	0	0	0	0	8	10	0	0	0	0	0	0
fsh-generated/resources/ValueSet-RevisionIndikationDSR.json	1705	0	0	0	0	0	0	0	0	1	0	0	0	0	0	0	0	0	0	0	278	10	0	0	0	0	0	0
fsh-generated/resources/ValueSet-RevisionStatusDKR.json	1586	1	0	0	0	0	0	0	0	1	0	0	0	0	0	0	0	0	0	0	10	9	0	0	0	0	0	0
fsh-generated/resources/ValueSet-RevisionUdskiftningDHR.json	1400	0	0	0	0	0	0	0	0	1	0	0	0	0	0	0	0	0	0	0	5	10	0	0	0	0	0	0
fsh-generated/resources/ValueSet-RevisionstypeDSR.json	985	0	0	0	0	0	0	0	0	1	0	0	0	0	0	0	0	0	0	0	5	9	0	0	0	0	0	0
fsh-generated/resources/ValueSet-RisikofaktorerDMPN.json	1293	0	0	0	0	0	0	0	0	2	0	0	0	0	0	0	0	1	0	0	7	9	0	0	0	0	0	0
fsh-generated/resources/ValueSet-RisikovurderingRETSPSYK.json	1159	0	0	0	0	0	0	0	0	1	0	0	0	0	0	0	0	0	0	0	5	9	0	0	0	1	0	0
fsh-generated/resources/ValueSet-Robot-DKR-2026-07.json	750	0	0	0	0	0	0	0	0	1	0	0	0	0	0	0	0	0	0	0	5	8	0	0	0	0	0	0
fsh-generated/resources/ValueSet-RobotDHDB.json	909	0	0	0	0	0	0	0	0	1	0	0	0	0	0	0	0	0	0	0	5	9	0	0	0	0	0	0
fsh-generated/resources/ValueSet-RobotDKR.json	803	1	0	0	0	0	0	0	0	0	0	0	0	0	0	0	0	0	0	0	23	8	0	0	0	0	0	0
fsh-generated/resources/ValueSet-Ryger8uger.json	874	0	0	0	0	0	0	0	0	1	0	0	0	0	0	0	0	0	0	0	5	8	0	0	0	0	0	0
fsh-generated/resources/ValueSet-Rygning.json	713	0	0	0	0	0	0	0	1	1	0	0	0	0	0	0	0	0	0	0	5	8	0	0	0	0	0	0
fsh-generated/resources/ValueSet-RygningDCCG.json	992	0	0	0	0	0	0	0	0	1	0	0	0	0	0	0	0	0	0	0	33	8	0	0	0	0	0	0
fsh-generated/resources/ValueSet-Rytme1Obs.json	1014	0	0	0	0	0	0	0	0	1	0	0	0	0	0	0	0	0	0	0	61	8	0	0	0	0	0	0
fsh-generated/resources/ValueSet-RytmeAnalyseMetode.json	785	0	0	0	0	0	0	0	0	1	0	0	0	0	0	0	0	0	0	0	258	8	0	0	0	0	0	0
fsh-generated/resources/ValueSet-RytmeDefibrilleringMetode.json	914	0	0	0	0	0	0	0	0	1	0	0	0	0	0	0	0	0	0	0	197	8	0	0	0	0	0	0
fsh-generated/resources/ValueSet-SKSApopleksiDiagnoser.json	1100	0	0	0	0	1	0	0	0	1	0	0	0	0	0	0	0	0	0	0	6	8	0	0	0	0	0	0
fsh-generated/resources/ValueSet-SKSExtraModularDisease.json	1299	0	0	0	0	0	0	0	0	1	0	0	0	0	0	0	0	0	0	0	6	9	0	0	0	0	0	0
fsh-generated/resources/ValueSet-SKSOperationerKAR.json	7085	1	0	0	0	0	0	0	0	4	0	0	0	0	0	0	0	0	0	0	13	18	0	0	0	1	0	0
fsh-generated/resources/ValueSet-SKSSymptomatiskAsymptomatisk.json	726	0	0	0	0	0	0	0	0	0	0	0	0	0	0	0	0	0	0	0	4	7	0	0	0	0	0	0
fsh-generated/resources/ValueSet-SKSUdskrivningsdiagnoserTrombolyse.json	1699	0	0	0	0	0	0	0	0	2	0	0	0	0	0	0	0	0	0	0	7	9	0	0	0	0	0	0
fsh-generated/resources/ValueSet-SKSVentrikelEsophagus.json	731	0	0	0	0	0	0	0	0	0	0	0	0	0	0	0	0	0	0	0	108	8	0	0	0	0	0	0
fsh-generated/resources/ValueSet-SKScTNMcM.json	676	0	0	0	0	0	0	0	0	1	0	0	0	0	0	0	0	0	0	0	7	8	0	0	0	0	0	0
fsh-generated/resources/ValueSet-SKScTNMcN.json	1073	0	0	0	0	0	0	0	0	1	0	0	0	0	0	0	0	0	0	0	41	8	0	0	0	0	0	0
fsh-generated/resources/ValueSet-SKScTNMcT.json	1320	1	0	0	1	0	0	0	0	1	0	0	0	0	0	0	0	0	0	0	8	7	0	0	0	0	0	0
fsh-generated/resources/ValueSet-SKShjertesvigtDHD.json	1836	0	0	0	0	0	0	0	0	1	0	0	0	0	0	0	0	0	0	0	6	9	0	0	0	1	0	0
fsh-generated/resources/ValueSet-SORAfdelingerDNSL.json	2552	0	0	0	0	0	0	0	0	2	0	0	0	0	0	0	0	0	0	0	7	9	0	0	0	0	0	0
fsh-generated/resources/ValueSet-SORAfdelingerHaema.json	1360	0	0	0	0	0	0	0	0	1	0	0	0	0	0	0	0	0	0	0	81	8	0	0	0	0	0	0
fsh-generated/resources/ValueSet-SORAfdelingerUHDNSL.json	966	0	0	0	0	0	0	0	0	0	0	0	0	0	0	0	0	0	0	0	12	5	0	1	0	0	0	0
fsh-generated/resources/ValueSet-SORNeurokirurgiskeAfdelingerDAP.json	1018	0	0	0	0	0	0	0	0	1	0	0	0	0	0	0	0	0	0	0	7	7	0	0	0	0	0	0
fsh-generated/resources/ValueSet-SORNeurologiskeAfdelingerDAP.json	982	0	0	0	0	0	0	0	1	1	0	0	0	0	0	0	0	0	0	0	5	8	0	0	0	0	0	0
fsh-generated/resources/ValueSet-SOROverflytningRETSPSYK.json	5987	1	0	0	0	0	0	0	0	3	0	0	0	0	0	0	0	0	0	0	14	13	0	0	0	0	0	0
fsh-generated/resources/ValueSet-SOROverflytningRETSPSYKHS.json	2195	0	0	0	0	0	0	0	0	1	0	0	0	0	0	0	0	0	0	0	7	8	0	0	0	1	0	0
fsh-generated/resources/ValueSet-SOROverflytningRETSPSYKMJ.json	6278	0	0	0	0	0	0	0	0	2	0	0	0	0	0	0	0	0	0	0	14	26	0	0	0	0	0	1
fsh-generated/resources/ValueSet-SOROverflytningRETSPSYKNJ.json	4367	0	0	0	0	0	0	0	0	2	0	0	0	0	0	0	0	0	0	0	9	11	0	0	0	0	0	0
fsh-generated/resources/ValueSet-SOROverflytningRETSPSYKSD.json	795	0	0	0	0	0	0	0	0	1	0	0	0	0	0	0	0	0	0	0	90	7	0	0	0	0	0	0
fsh-generated/resources/ValueSet-SOROverflytningRETSPSYKSJ.json	1773	0	0	0	0	0	0	0	0	1	0	0	0	0	0	0	0	0	0	0	6	8	0	0	0	0	0	0
fsh-generated/resources/ValueSet-SORTrombolyseenhedDAP.json	1883	1	0	0	0	0	0	0	0	1	0	0	0	0	0	0	0	0	0	0	8	7	0	0	0	1	0	0
fsh-generated/resources/ValueSet-SORafdSkema3Duga.json	10377	0	0	0	0	0	0	0	0	3	0	0	0	0	0	0	0	0	0	0	15	15	0	0	0	0	0	0
fsh-generated/resources/ValueSet-SSSArmloeft.json	1014	0	0	0	0	0	0	0	0	1	0	0	0	0	0	0	0	0	0	0	15	7	0	0	0	0	0	0
fsh-generated/resources/ValueSet-SSSBenloeft.json	1023	0	0	0	0	0	0	0	0	1	0	0	0	0	0	0	0	0	0	0	5	7	0	0	0	0	0	0
fsh-generated/resources/ValueSet-SSSBevidsthed.json	935	0	0	0	0	0	0	0	1	1	0	0	0	0	0	0	0	0	0	0	25	6	0	0	0	0	0	0
fsh-generated/resources/ValueSet-SSSFacialisparese.json	711	0	0	0	0	0	0	0	0	1	0	0	0	0	0	0	0	0	0	0	4	7	0	0	0	0	0	0
fsh-generated/resources/ValueSet-SSSGang.json	990	1	0	0	0	0	0	0	0	1	0	0	0	0	0	0	0	0	0	0	6	7	0	0	0	1	0	0
fsh-generated/resources/ValueSet-SSSHaandtryk.json	910	0	0	0	0	0	0	0	0	1	0	0	0	0	0	0	0	0	0	0	7	6	0	0	0	0	0	0
fsh-generated/resources/ValueSet-SSSOejenmotorik.json	813	0	0	0	0	0	0	0	0	0	0	0	0	0	0	0	0	0	0	0	5	7	0	0	0	0	0	0
fsh-generated/resources/ValueSet-SSSOrientering.json	854	0	0	0	0	0	0	0	0	1	0	0	0	0	0	0	0	0	0	0	7	6	0	0	0	0	0	0
fsh-generated/resources/ValueSet-SSSTale.json	900	0	0	0	0	0	0	0	0	1	0	0	0	0	0	0	0	0	1	0	47	7	0	0	0	0	0	0
fsh-generated/resources/ValueSet-ScanningstyperCTMR.json	650	0	0	0	0	0	0	0	0	1	0	0	0	0	0	0	0	0	0	0	70	6	0	0	0	0	0	0
fsh-generated/resources/ValueSet-ScoreCentralBlock.json	943	0	0	0	0	0	0	0	0	1	0	0	0	0	0	0	0	0	0	0	46	7	0	0	0	0	0	0
fsh-generated/resources/ValueSet-ScoreTyperHOFTER.json	669	0	0	0	0	0	0	0	0	1	0	0	0	0	0	0	0	0	0	0	5	6	0	0	0	0	0	0
fsh-generated/resources/ValueSet-Skala.json	778	0	0	0	0	0	0	0	0	2	0	0	0	0	0	0	0	0	0	0	4	7	0	0	0	0	0	0
fsh-generated/resources/ValueSet-Skematype.json	654	1	0	0	0	0	0	0	0	1	0	0	0	0	0	0	0	0	0	0	5	6	0	0	0	0	0	0
fsh-generated/resources/ValueSet-SlyngeDUGA.json	1027	0	0	0	0	0	0	0	0	2	0	0	0	0	0	0	0	0	0	0	10	8	0	0	0	0	0	0
fsh-generated/resources/ValueSet-SmerteKvalme.json	789	0	0	0	0	0	0	0	0	2	0	0	0	0	0	0	0	0	0	0	4	6	0	0	0	0	0	0
fsh-generated/resources/ValueSet-Splenomegali.json	1185	0	0	0	0	0	0	0	0	1	0	0	0	0	0	0	0	0	0	0	5	7	0	0	0	0	0	0
fsh-generated/resources/ValueSet-Status.json	688	0	0	0	0	0	0	0	0	2	0	0	0	0	0	0	0	0	0	0	6	6	0	0	0	1	0	0
fsh-generated/resources/ValueSet-StemkarakteristikDSR.json	805	0	0	0	0	0	0	0	0	1	0	0	0	0	0	0	0	0	0	0	10	7	0	0	0	0	0	0
fsh-generated/resources/ValueSet-StemlaengdeDSR.json	773	0	0	0	0	0	0	0	0	1	0	0	0	0	0	0	0	0	0	0	97	6	0	0	0	0	0	0
fsh-generated/resources/ValueSet-StomiTypeDHDB.json	749	1	0	0	0	0	0	0	0	1	0	0	0	0	0	0	0	0	0	0	37	6	0	0	0	0	0	0
fsh-generated/resources/ValueSet-StopTeam.json	1061	0	0	0	1	0	0	0	0	1	0	0	0	0	0	0	0	0	0	0	5	7	0	0	0	0	0	0
fsh-generated/resources/ValueSet-StraalebehandlingMaal.json	902	0	0	0	0	0	0	0	0	1	0	0	0	0	0	0	0	0	0	0	5	6	0	0	0	0	0	0
fsh-generated/resources/ValueSet-StraalebehandlingTAAll.json	895	0	0	0	0	0	0	0	0	2	0	0	0	0	0	0	0	0	0	0	5	7	0	0	0	0	0	0
fsh-generated/resources/ValueSet-StraaleterapiLYFO.json	1438	0	0	0	0	0	0	0	0	1	0	0	0	0	0	0	0	0	0	0	6	7	0	0	0	0	0	0
fsh-generated/resources/ValueSet-StraffelovsparagrafRETSPSYK.json	772	0	0	0	0	0	0	0	0	1	0	0	0	0	0	0	0	0	0	0	4	7	0	0	0	0	0	0
fsh-generated/resources/ValueSet-SubscapularisDSR.json	1091	0	0	0	0	0	0	0	0	2	0	0	0	0	0	0	0	0	0	0	6	24	0	0	0	0	0	0
fsh-generated/resources/ValueSet-SupplerendeIndgrebDSR.json	1011	1	0	0	0	0	0	0	0	1	0	0	0	0	0	0	0	0	0	0	5	5	0	0	0	0	0	0
fsh-generated/resources/ValueSet-SuspensionDUGA.json	733	0	0	0	0	0	0	0	0	1	0	0	0	0	0	0	0	0	0	0	4	6	0	1	0	0	0	0
fsh-generated/resources/ValueSet-SuturHurtigResorberbarMonoDHDB.json	1014	0	0	0	0	0	0	0	0	1	0	0	0	0	0	0	0	0	0	0	6	5	0	0	0	1	0	0
fsh-generated/resources/ValueSet-SuturHurtigResorberbarMultiDHDB.json	916	0	0	0	0	0	0	0	1	1	0	0	0	0	0	0	0	1	0	0	4	5	0	0	0	0	0	0
fsh-generated/resources/ValueSet-SuturLangsomResorberbarMonoDHDB.json	1084	0	0	0	0	0	0	0	0	2	0	0	0	0	0	0	0	0	0	0	5	6	0	0	0	0	0	0
fsh-generated/resources/ValueSet-SuturMaterialeVentralhernieDHDB.json	1143	1	0	0	0	0	0	0	0	1	0	0	0	0	0	0	0	0	0	0	14	5	0	0	0	0	0	0
fsh-generated/resources/ValueSet-SuturMonofilamentTypeVentralhernieDHDB.json	1159	0	0	0	0	0	0	0	0	1	0	0	0	0	0	0	0	0	0	0	6	5	0	0	0	0	0	0
fsh-generated/resources/ValueSet-SuturNonResorberbarMonoDHDB.json	983	0	0	0	0	0	0	0	0	2	0	0	0	0	0	0	0	0	0	0	6	5	0	0	0	0	0	0
fsh-generated/resources/ValueSet-SuturNonResorberbarMultiDHDB.json	997	0	0	0	0	0	0	0	0	1	0	0	0	0	0	0	0	0	0	0	5	6	0	0	0	0	0	0
fsh-generated/resources/ValueSet-SuturTypeDHDB.json	929	0	0	0	0	0	0	0	0	1	0	0	0	0	0	0	0	0	0	0	5	5	0	0	0	0	0	0
fsh-generated/resources/ValueSet-SuturTypeVentralhernieDHDB.json	737	0	0	0	0	0	0	0	0	1	0	0	0	0	0	0	0	0	0	0	17	5	0	0	0	0	0	0
fsh-generated/resources/ValueSet-SygdomMedicinskBehandletDHDB.json	1116	0	0	0	0	0	0	0	0	1	0	0	0	0	0	0	0	0	0	0	38	5	0	0	0	0	0	0
fsh-generated/resources/ValueSet-Sygdomsfase.json	735	0	0	0	0	0	0	0	0	1	0	0	0	0	0	0	0	0	0	0	5	6	0	0	0	0	0	0
fsh-generated/resources/ValueSet-SygdomsomraaderAlle.json	2773	1	0	0	0	0	0	0	0	2	0	0	0	0	0	0	0	0	0	0	8	7	0	0	0	1	0	0
fsh-generated/resources/ValueSet-SygdomsomraaderDOF.json	849	0	0	0	0	0	0	0	0	0	0	0	0	0	0	0	0	0	0	0	4	6	0	0	0	0	0	0
fsh-generated/resources/ValueSet-SygdomsomraaderHaema.json	928	0	0	0	0	0	0	0	0	1	0	0	0	0	0	0	0	0	0	0	5	7	0	0	0	0	0	0
fsh-generated/resources/ValueSet-SymptomerMikrovaskulaer.json	1030	0	0	0	0	0	0	0	0	1	0	0	0	0	0	0	0	0	0	0	30	7	0	0	0	0	0	0
fsh-generated/resources/ValueSet-TKategoriDCCG.json	1192	0	0	0	0	0	0	0	0	1	0	0	0	0	0	0	0	0	0	0	44	6	0	0	0	0	0	0
fsh-generated/resources/ValueSet-TackernavnAbsorberbarDHDB.json	1127	0	0	0	0	0	0	0	0	1	0	0	0	0	0	0	0	0	0	0	122	5	0	0	0	0	0	0
fsh-generated/resources/ValueSet-TackernavnNonAbsorberbarDHDB.json	946	0	0	0	0	0	0	0	0	1	0	0	0	0	0	0	0	0	0	0	47	5	0	0	0	0	0	0
fsh-generated/resources/ValueSet-TackertypeDHDB.json	729	1	0	0	0	0	0	0	0	1	0	0	0	0	0	0	0	0	0	0	6	5	0	0	0	0	0	0
fsh-generated/resources/ValueSet-TidligereIndgrebDSR.json	1284	0	0	0	0	0	0	0	0	1	0	0	0	0	0	0	0	0	0	0	170	6	0	0	0	0	0	0
fsh-generated/resources/ValueSet-TidligereOperationDKR.json	1520	0	0	0	0	0	0	0	0	1	0	0	0	0	0	0	0	0	0	0	42	5	0	0	0	0	0	0
fsh-generated/resources/ValueSet-TidligereOperationHofte.json	1461	0	0	0	0	0	0	0	0	1	0	0	0	0	0	0	0	0	0	0	7	7	0	0	0	0	0	0
fsh-generated/resources/ValueSet-TilsynAfdeling.json	919	0	0	0	0	0	0	0	0	1	0	0	0	0	0	0	0	0	0	0	7	4	0	0	0	1	0	0
fsh-generated/resources/ValueSet-Transplantation.json	962	0	0	0	0	0	0	0	0	1	0	0	0	0	0	0	0	0	0	0	6	6	0	0	0	0	0	0
fsh-generated/resources/ValueSet-Transplantation1.json	789	0	0	0	0	0	0	0	0	1	0	0	0	0	0	0	0	0	0	0	6	5	0	0	0	0	0	0
fsh-generated/resources/ValueSet-TransplantationCageAugmentDHR.json	880	1	0	0	0	0	0	0	0	0	0	0	0	0	0	0	0	0	0	0	6	5	0	0	0	0	0	0
fsh-generated/resources/ValueSet-TransplantationTypeDHR.json	974	0	0	0	1	0	0	0	1	1	0	0	0	0	0	0	0	0	0	0	6	5	0	0	0	0	0	0
fsh-generated/resources/ValueSet-TransplantationcenterALG.json	2351	0	0	0	0	0	0	0	0	1	0	0	0	0	0	0	0	0	0	0	74	6	0	0	0	0	0	0
fsh-generated/resources/ValueSet-TransplantationstypeCML.json	859	0	0	0	0	0	0	0	0	1	0	0	0	0	0	0	0	0	0	0	6	5	0	0	0	0	0	0
fsh-generated/resources/ValueSet-TreatmentCrossSection.json	1194	0	0	0	0	0	0	0	0	0	0	0	0	0	0	0	0	0	0	0	6	5	0	0	0	0	0	0
fsh-generated/resources/ValueSet-TreatmentIndicationCLL.json	914	0	0	0	0	0	0	0	0	1	0	0	0	0	0	0	0	0	0	0	6	6	0	0	0	0	0	0
fsh-generated/resources/ValueSet-TreatmentMethodMRD.json	830	0	0	0	0	0	0	0	0	1	0	0	0	0	0	0	0	0	0	0	5	5	0	0	0	0	0	0
fsh-generated/resources/ValueSet-TreatmentPreservation.json	1275	1	0	0	0	0	0	0	0	1	0	0	0	0	0	0	0	0	0	0	7	5	0	0	0	0	0	0
fsh-generated/resources/ValueSet-TreatmentRegimen-2025.json	3276	0	0	0	0	0	0	0	0	1	0	0	0	0	0	0	0	0	0	0	8	7	0	0	0	1	0	0
fsh-generated/resources/ValueSet-TreatmentRegimen.json	3338	0	0	0	0	0	0	0	0	2	0	0	0	0	0	0	0	0	0	0	80	6	0	0	0	0	0	0
fsh-generated/resources/ValueSet-TreatmentResponseALD.json	1527	0	0	0	0	0	0	0	0	1	0	0	0	0	0	0	0	0	0	0	33	6	0	0	0	0	0	0
fsh-generated/resources/ValueSet-TreatmentResponseDAMYDA.json	1886	0	0	0	0	0	0	0	0	1	0	0	0	0	0	0	0	0	0	0	88	7	0	0	0	0	0	0
fsh-generated/resources/ValueSet-TreatmentResponseEvaluationCLL.json	1776	0	0	0	0	0	0	0	0	4	0	0	0	0	0	0	0	0	0	0	141	6	0	0	0	0	0	0
fsh-generated/resources/ValueSet-TreatmentResponseEvaluationLYFO.json	1159	0	0	0	0	0	0	0	0	1	0	0	0	0	0	0	0	0	0	0	6	5	0	0	0	0	0	0
fsh-generated/resources/ValueSet-TreatmentScheduledALD.json	822	0	0	0	0	0	0	0	0	0	0	0	0	0	0	0	0	0	0	0	5	5	0	0	0	0	0	0
fsh-generated/resources/ValueSet-TreatmentScheduledDAMYDA.json	2860	1	0	0	0	0	0	0	0	2	0	0	0	0	0	0	0	0	0	0	8	6	0	0	0	1	0	0
fsh-generated/resources/ValueSet-TreatmentTypeOncology.json	843	0	0	0	0	0	0	0	0	1	0	0	0	0	0	0	0	0	0	0	6	5	0	0	0	0	0	0
fsh-generated/resources/ValueSet-TrombektomiPerfusion.json	1081	0	0	0	0	0	0	0	0	1	0	0	0	0	0	0	0	0	0	0	108	6	0	0	0	0	0	0
fsh-generated/resources/ValueSet-Trombolysepraeparater.json	710	0	0	0	0	0	0	0	0	1	0	0	0	0	0	0	0	0	0	0	6	5	0	0	0	0	0	0
fsh-generated/resources/ValueSet-TrombolyseprofylakseDHR.json	1702	0	0	0	0	0	0	0	0	1	0	0	0	0	0	0	0	0	0	0	7	5	0	0	0	0	0	0
fsh-generated/resources/ValueSet-TumorLokalisationDCCG.json	1261	0	0	0	0	0	0	0	0	2	0	0	0	0	0	0	0	0	0	0	8	6	0	0	0	0	0	0
fsh-generated/resources/ValueSet-TumorklassifikationBehandlingDEGC.json	965	0	0	0	0	0	0	0	1	0	0	0	0	0	0	0	0	0	0	0	5	5	0	0	0	0	0	0
fsh-generated/resources/ValueSet-TumorklassifikationDEGC.json	826	1	0	0	0	0	0	0	0	1	0	0	0	0	0	0	0	0	0	0	5	5	0	0	0	0	0	0
fsh-generated/resources/ValueSet-TumorklassifikationDiagnoseDEGC.json	861	0	0	0	0	0	0	0	0	1	0	0	0	0	0	0	0	0	0	0	5	5	0	0	0	0	0	0
fsh-generated/resources/ValueSet-TypeLokalresektionDCCG.json	1620	0	0	0	0	0	0	0	0	1	0	0	0	0	0	0	0	0	0	0	6	5	0	0	0	0	0	0
fsh-generated/resources/ValueSet-TypeLokalresektionKolonDCCG.json	1247	0	0	0	0	0	0	0	0	1	0	0	0	0	0	0	0	0	0	0	6	5	0	0	0	1	0	0
fsh-generated/resources/ValueSet-TypeLokalresektionRektumDCCG.json	995	0	0	0	0	0	0	0	0	1	0	0	0	0	0	0	0	0	0	0	6	5	0	0	0	0	0	0
fsh-generated/resources/ValueSet-UMComponentTypeDAMYDA.json	667	0	0	0	0	0	0	0	0	1	0	0	0	0	0	0	0	0	0	0	5	5	0	0	0	0	0	0
fsh-generated/resources/ValueSet-UdfoerendeLAB.json	732	1	0	0	0	0	0	0	0	1	0	0	0	0	0	0	0	0	0	0	46	6	0	0	0	0	0	0
fsh-generated/resources/ValueSet-UdredningDANDEM.json	1344	0	0	0	0	0	0	0	0	1	0	0	0	0	0	0	0	0	0	0	10	5	0	0	0	0	0	0
fsh-generated/resources/ValueSet-UdredningDANDEM2025.json	1114	0	0	0	0	0	0	0	0	1	0	0	0	0	0	0	0	0	0	0	6	5	0	0	0	0	0	0
fsh-generated/resources/ValueSet-UdredningKliniskGenetisk.json	738	0	0	0	0	0	0	0	0	1	0	0	0	0	0	0	0	0	0	0	5	5	0	0	0	0	0	0
fsh-generated/resources/ValueSet-UdskrevetTil.json	1033	0	0	0	0	0	0	0	0	1	0	0	0	0	0	0	0	0	0	0	5	5	0	0	0	0	0	0
fsh-generated/resources/ValueSet-UndersoegelsesTypeDUGA.json	723	0	0	0	0	0	0	0	0	1	0	0	0	0	0	0	0	0	0	0	5	5	0	0	0	0	0	0
fsh-generated/resources/ValueSet-UndersoendeLAB.json	950	0	0	0	0	0	0	0	0	0	0	0	0	0	0	0	0	0	0	0	5	5	0	0	0	0	0	0
fsh-generated/resources/ValueSet-Undervisning.json	853	1	0	0	0	0	0	0	0	1	0	0	0	0	0	0	0	0	0	0	5	6	0	0	0	0	0	0
fsh-generated/resources/ValueSet-Uoplyst.json	559	0	0	0	0	0	0	0	0	1	0	0	0	0	0	0	0	0	0	0	5	5	0	0	0	0	0	1
fsh-generated/resources/ValueSet-UrniLaekDUGA.json	1392	0	0	0	1	0	0	0	0	1	0	0	0	0	0	0	0	0	0	0	5	5	0	0	0	0	0	0
fsh-generated/resources/ValueSet-Uspecificeret.json	582	0	0	0	0	0	0	0	0	1	0	0	0	0	0	0	0	0	0	0	5	5	0	0	0	1	0	0
fsh-generated/resources/ValueSet-VancouverKlassifikationDHR.json	1545	0	0	0	0	0	0	0	0	1	0	0	0	0	0	0	0	0	0	0	7	5	0	0	0	0	0	0
fsh-generated/resources/ValueSet-VancouverKlassifikationPeroperativDHR.json	1095	0	0	0	0	0	0	0	0	1	0	0	0	0	0	0	0	0	0	0	8	5	0	0	0	0	0	0
fsh-generated/resources/ValueSet-VarigRespons.json	925	0	0	0	0	0	0	0	0	1	0	0	0	0	0	0	0	0	0	0	13	5	0	0	0	0	0	0
fsh-generated/resources/ValueSet-VarighedDKR.json	1013	1	0	0	0	0	0	0	0	1	0	0	0	0	0	0	0	0	0	0	6	6	0	0	0	0	0	0
fsh-generated/resources/ValueSet-VarighedPostOPTrombDKR.json	2057	0	0	0	0	0	0	0	0	1	0	0	0	0	0	0	0	0	0	0	93	6	0	0	0	0	0	0
fsh-generated/resources/ValueSet-VarighedPostOPTrombDKR1.json	1855	0	0	0	0	0	0	0	0	1	0	0	0	0	0	0	0	0	0	0	8	6	0	0	0	0	0	0
fsh-generated/resources/ValueSet-VarighedPostOPTrombDKR2.json	1469	0	0	0	0	0	0	0	0	2	0	0	0	0	0	0	0	0	0	0	6	5	0	0	0	0	0	0
fsh-generated/resources/ValueSet-VarighedPostOPTrombDKR3.json	1642	0	0	0	0	0	0	0	0	1	0	0	0	0	0	0	0	0	0	0	7	5	0	0	0	0	0	0
fsh-generated/resources/ValueSet-VarighedPostOPTrombDKRNOAK.json	1639	0	0	0	0	0	0	0	1	1	0	0	0	0	0	0	0	1	0	0	41	6	0	0	0	1	0	0
fsh-generated/resources/ValueSet-VarighedPostOPTrombDKRVitKanta.json	1491	0	0	0	0	0	0	0	0	1	0	0	0	0	0	0	0	0	0	0	6	6	0	0	0	0	0	0
fsh-generated/resources/ValueSet-VasospasmerPaavisning.json	815	1	0	0	0	0	0	0	0	1	0	0	0	0	0	0	0	0	0	0	5	5	0	0	0	0	0	0
fsh-generated/resources/ValueSet-VasospasmerTiltag.json	1215	0	0	0	0	0	0	0	0	1	0	0	0	0	0	0	0	0	0	0	5	7	0	0	0	0	0	0
fsh-generated/resources/ValueSet-VentralHernieCicatriceTypeDHDB.json	990	0	0	0	0	0	0	0	0	1	0	0	0	0	0	0	0	0	0	0	5	6	0	0	0	0	0	0
fsh-generated/resources/ValueSet-VentralHernieTypeDHDB.json	1427	0	0	0	0	0	0	0	0	1	0	0	0	0	0	0	0	0	0	0	6	7	0	0	0	0	0	0
fsh-generated/resources/ValueSet-VentralHernieTypeDHDB2026.json	1379	1	0	0	0	0	0	0	0	1	0	0	0	0	0	0	0	0	0	0	48	7	0	0	0	0	0	0
fsh-generated/resources/ValueSet-WFNSGradering.json	1070	0	0	0	0	0	0	0	0	1	0	0	0	0	0	0	0	0	0	0	44	6	0	0	0	0	0	0
fsh-generated/resources/ValueSet-WHOPerformanceStatus04.json	1033	0	0	0	0	0	0	0	0	1	0	0	0	0	0	0	0	0	0	0	6	7	0	0	0	0	0	0
fsh-generated/resources/ValueSet-WOOSArmloeftDSR.json	583	1	0	0	0	0	0	0	0	4	0	0	0	0	0	0	0	0	0	0	231	5	0	0	0	0	0	0
fsh-generated/resources/ValueSet-WOOSHaenderDSR.json	774	0	0	0	0	0	0	0	0	1	0	0	0	0	0	0	0	0	0	0	5	6	0	1	0	0	0	0
fsh-generated/resources/ValueSet-WOOSTraeningDSR.json	1118	0	0	0	0	0	0	0	0	1	0	0	0	0	0	0	0	0	0	0	6	7	0	0	0	0	0	0
fsh-generated/resources/ValueSet-WalchKlassifikationDSR.json	1094	1	0	0	0	0	0	0	0	1	0	0	0	0	0	0	0	0	0	0	6	7	0	0	0	1	0	0
fsh-generated/resources/ValueSet-locationExtranodalFemale-V2.json	3211	0	0	0	0	0	0	0	0	1	0	0	0	0	0	0	0	0	0	0	16	7	0	0	0	0	0	0
fsh-generated/resources/ValueSet-locationExtranodalMale-V2.json	3190	0	0	0	0	0	0	0	0	1	0	0	0	0	0	0	0	0	0	0	7	8	0	0	0	0	0	0
fsh-generated/resources/ValueSet-locationNodal-V2.json	1456	1	0	0	0	0	0	0	0	1	0	0	0	0	0	0	0	0	0	0	78	5	0	0	0	0	0	0
/fsh-generated/includes/menu.xml	1880	-	-	-	0	0	0	0	0	0	0	0	0	0	0	0	0	0	0	0	0	1	0	0	0	0	0	0
/fsh-generated/includes/fsh-link-references.md	59189	-	-	-	0	0	0	0	0	0	0	0	0	0	0	0	0	0	0	0	0	1	0	0	0	0	0	0
/input/pagecontent/downloads.md	509	-	-	-	0	0	0	0	0	0	0	0	0	0	0	0	0	0	0	0	0	0	0	0	0	0	0	0
/input/pagecontent/index.md	160	-	-	-	0	0	0	0	0	0	0	0	0	0	0	0	0	0	0	0	0	0	0	0	0	0	0	0
/template/config	0	-	-	-	0	0	0	0	0	0	0	0	0	0	0	0	0	0	0	0	0	0	0	0	0	0	0	0
/template/config/_config.yml	140	-	-	-	0	0	0	0	0	0	0	0	0	0	0	0	0	0	0	0	0	0	0	0	0	0	0	0
/temp/pages/_includes/artifacts.xml	364200	-	-	-	-	-	-	-	-	-	-	-	-	-	-	-	-	-	-	-	-	4	0	0	0	0	0	0
